"experiment","region","context","group","bin_mid","mean_count","min_count","max_count"
"exp1","dispersed_repeat","CpG","control",2.5,8226,6217,9394
"exp1","dispersed_repeat","CpG","control",7.5,379.333333333333,307,456
"exp1","dispersed_repeat","CpG","control",12.5,104,81,125
"exp1","dispersed_repeat","CpG","control",17.5,145.666666666667,126,162
"exp1","dispersed_repeat","CpG","control",22.5,78.6666666666667,67,92
"exp1","dispersed_repeat","CpG","control",27.5,78.6666666666667,58,92
"exp1","dispersed_repeat","CpG","control",32.5,54.3333333333333,49,64
"exp1","dispersed_repeat","CpG","control",37.5,72.3333333333333,58,85
"exp1","dispersed_repeat","CpG","control",42.5,39.3333333333333,34,43
"exp1","dispersed_repeat","CpG","control",47.5,63.3333333333333,47,72
"exp1","dispersed_repeat","CpG","control",52.5,39,23,54
"exp1","dispersed_repeat","CpG","control",57.5,41.6666666666667,30,53
"exp1","dispersed_repeat","CpG","control",62.5,30,25,36
"exp1","dispersed_repeat","CpG","control",67.5,39,32,50
"exp1","dispersed_repeat","CpG","control",72.5,25.6666666666667,16,31
"exp1","dispersed_repeat","CpG","control",77.5,50,41,56
"exp1","dispersed_repeat","CpG","control",82.5,37.6666666666667,30,45
"exp1","dispersed_repeat","CpG","control",87.5,53.3333333333333,27,69
"exp1","dispersed_repeat","CpG","control",92.5,40.6666666666667,19,53
"exp1","dispersed_repeat","CpG","control",97.5,169,117,211
"exp1","dispersed_repeat","CpG","acute",2.5,5330.66666666667,4111,7766
"exp1","dispersed_repeat","CpG","acute",7.5,240.333333333333,192,316
"exp1","dispersed_repeat","CpG","acute",12.5,71.6666666666667,49,97
"exp1","dispersed_repeat","CpG","acute",17.5,96,75,131
"exp1","dispersed_repeat","CpG","acute",22.5,50,41,66
"exp1","dispersed_repeat","CpG","acute",27.5,61.3333333333333,38,103
"exp1","dispersed_repeat","CpG","acute",32.5,33.6666666666667,28,39
"exp1","dispersed_repeat","CpG","acute",37.5,48.3333333333333,38,64
"exp1","dispersed_repeat","CpG","acute",42.5,29.6666666666667,17,37
"exp1","dispersed_repeat","CpG","acute",47.5,40.6666666666667,23,56
"exp1","dispersed_repeat","CpG","acute",52.5,23.3333333333333,18,33
"exp1","dispersed_repeat","CpG","acute",57.5,30,21,45
"exp1","dispersed_repeat","CpG","acute",62.5,15.3333333333333,13,19
"exp1","dispersed_repeat","CpG","acute",67.5,27,17,41
"exp1","dispersed_repeat","CpG","acute",72.5,20.6666666666667,16,26
"exp1","dispersed_repeat","CpG","acute",77.5,29.6666666666667,26,37
"exp1","dispersed_repeat","CpG","acute",82.5,22,9,33
"exp1","dispersed_repeat","CpG","acute",87.5,31,19,51
"exp1","dispersed_repeat","CpG","acute",92.5,27.6666666666667,16,42
"exp1","dispersed_repeat","CpG","acute",97.5,76.3333333333333,45,136
"exp1","dispersed_repeat","CHG","control",2.5,9967.33333333333,7479,11354
"exp1","dispersed_repeat","CHG","control",7.5,202.666666666667,139,267
"exp1","dispersed_repeat","CHG","control",12.5,10,9,11
"exp1","dispersed_repeat","CHG","control",17.5,13.6666666666667,9,19
"exp1","dispersed_repeat","CHG","control",22.5,3.33333333333333,2,6
"exp1","dispersed_repeat","CHG","control",27.5,5.33333333333333,4,7
"exp1","dispersed_repeat","CHG","control",32.5,0.666666666666667,0,2
"exp1","dispersed_repeat","CHG","control",37.5,2.33333333333333,1,5
"exp1","dispersed_repeat","CHG","control",42.5,0.333333333333333,0,1
"exp1","dispersed_repeat","CHG","control",47.5,0.666666666666667,0,2
"exp1","dispersed_repeat","CHG","control",52.5,0.333333333333333,0,1
"exp1","dispersed_repeat","CHG","control",57.5,0.333333333333333,0,1
"exp1","dispersed_repeat","CHG","control",62.5,0,0,0
"exp1","dispersed_repeat","CHG","control",67.5,0,0,0
"exp1","dispersed_repeat","CHG","control",72.5,0,0,0
"exp1","dispersed_repeat","CHG","control",77.5,0,0,0
"exp1","dispersed_repeat","CHG","control",82.5,0,0,0
"exp1","dispersed_repeat","CHG","control",87.5,0,0,0
"exp1","dispersed_repeat","CHG","control",92.5,0,0,0
"exp1","dispersed_repeat","CHG","control",97.5,0.333333333333333,0,1
"exp1","dispersed_repeat","CHG","acute",2.5,6422.66666666667,4947,9323
"exp1","dispersed_repeat","CHG","acute",7.5,124.333333333333,83,201
"exp1","dispersed_repeat","CHG","acute",12.5,8.33333333333333,2,15
"exp1","dispersed_repeat","CHG","acute",17.5,10.3333333333333,7,16
"exp1","dispersed_repeat","CHG","acute",22.5,3,2,4
"exp1","dispersed_repeat","CHG","acute",27.5,1.66666666666667,1,3
"exp1","dispersed_repeat","CHG","acute",32.5,0,0,0
"exp1","dispersed_repeat","CHG","acute",37.5,0.666666666666667,0,2
"exp1","dispersed_repeat","CHG","acute",42.5,0,0,0
"exp1","dispersed_repeat","CHG","acute",47.5,1,0,2
"exp1","dispersed_repeat","CHG","acute",52.5,0,0,0
"exp1","dispersed_repeat","CHG","acute",57.5,0.333333333333333,0,1
"exp1","dispersed_repeat","CHG","acute",62.5,0,0,0
"exp1","dispersed_repeat","CHG","acute",67.5,0,0,0
"exp1","dispersed_repeat","CHG","acute",72.5,0,0,0
"exp1","dispersed_repeat","CHG","acute",77.5,0.333333333333333,0,1
"exp1","dispersed_repeat","CHG","acute",82.5,0,0,0
"exp1","dispersed_repeat","CHG","acute",87.5,0,0,0
"exp1","dispersed_repeat","CHG","acute",92.5,0,0,0
"exp1","dispersed_repeat","CHG","acute",97.5,0,0,0
"exp1","dispersed_repeat","CHH","control",2.5,13451.6666666667,9988,15389
"exp1","dispersed_repeat","CHH","control",7.5,276.666666666667,202,355
"exp1","dispersed_repeat","CHH","control",12.5,22,17,32
"exp1","dispersed_repeat","CHH","control",17.5,19.3333333333333,12,27
"exp1","dispersed_repeat","CHH","control",22.5,3,2,4
"exp1","dispersed_repeat","CHH","control",27.5,1,0,3
"exp1","dispersed_repeat","CHH","control",32.5,1,0,2
"exp1","dispersed_repeat","CHH","control",37.5,2,1,4
"exp1","dispersed_repeat","CHH","control",42.5,0.333333333333333,0,1
"exp1","dispersed_repeat","CHH","control",47.5,1.66666666666667,0,3
"exp1","dispersed_repeat","CHH","control",52.5,0,0,0
"exp1","dispersed_repeat","CHH","control",57.5,0.666666666666667,0,1
"exp1","dispersed_repeat","CHH","control",62.5,0,0,0
"exp1","dispersed_repeat","CHH","control",67.5,0,0,0
"exp1","dispersed_repeat","CHH","control",72.5,0,0,0
"exp1","dispersed_repeat","CHH","control",77.5,0,0,0
"exp1","dispersed_repeat","CHH","control",82.5,0,0,0
"exp1","dispersed_repeat","CHH","control",87.5,0,0,0
"exp1","dispersed_repeat","CHH","control",92.5,0,0,0
"exp1","dispersed_repeat","CHH","control",97.5,0.333333333333333,0,1
"exp1","dispersed_repeat","CHH","acute",2.5,8610.33333333333,6659,12404
"exp1","dispersed_repeat","CHH","acute",7.5,168,104,267
"exp1","dispersed_repeat","CHH","acute",12.5,15.6666666666667,9,25
"exp1","dispersed_repeat","CHH","acute",17.5,12,8,18
"exp1","dispersed_repeat","CHH","acute",22.5,2,0,3
"exp1","dispersed_repeat","CHH","acute",27.5,1.66666666666667,0,4
"exp1","dispersed_repeat","CHH","acute",32.5,1,0,3
"exp1","dispersed_repeat","CHH","acute",37.5,0.666666666666667,0,1
"exp1","dispersed_repeat","CHH","acute",42.5,1,0,2
"exp1","dispersed_repeat","CHH","acute",47.5,0,0,0
"exp1","dispersed_repeat","CHH","acute",52.5,0,0,0
"exp1","dispersed_repeat","CHH","acute",57.5,0,0,0
"exp1","dispersed_repeat","CHH","acute",62.5,0,0,0
"exp1","dispersed_repeat","CHH","acute",67.5,0.333333333333333,0,1
"exp1","dispersed_repeat","CHH","acute",72.5,0,0,0
"exp1","dispersed_repeat","CHH","acute",77.5,0.333333333333333,0,1
"exp1","dispersed_repeat","CHH","acute",82.5,0,0,0
"exp1","dispersed_repeat","CHH","acute",87.5,0,0,0
"exp1","dispersed_repeat","CHH","acute",92.5,0,0,0
"exp1","dispersed_repeat","CHH","acute",97.5,0,0,0
"exp1","downstream_region","CpG","control",2.5,1367.66666666667,1023,1561
"exp1","downstream_region","CpG","control",7.5,57.6666666666667,39,76
"exp1","downstream_region","CpG","control",12.5,15,12,18
"exp1","downstream_region","CpG","control",17.5,26,23,28
"exp1","downstream_region","CpG","control",22.5,13.3333333333333,8,17
"exp1","downstream_region","CpG","control",27.5,16.3333333333333,11,19
"exp1","downstream_region","CpG","control",32.5,6.66666666666667,4,10
"exp1","downstream_region","CpG","control",37.5,12.3333333333333,9,16
"exp1","downstream_region","CpG","control",42.5,9.33333333333333,8,10
"exp1","downstream_region","CpG","control",47.5,14.6666666666667,11,18
"exp1","downstream_region","CpG","control",52.5,6.33333333333333,3,12
"exp1","downstream_region","CpG","control",57.5,9.33333333333333,7,12
"exp1","downstream_region","CpG","control",62.5,2.66666666666667,2,3
"exp1","downstream_region","CpG","control",67.5,9,7,12
"exp1","downstream_region","CpG","control",72.5,6,3,11
"exp1","downstream_region","CpG","control",77.5,12,7,15
"exp1","downstream_region","CpG","control",82.5,4.66666666666667,2,9
"exp1","downstream_region","CpG","control",87.5,10.3333333333333,5,16
"exp1","downstream_region","CpG","control",92.5,4.33333333333333,1,7
"exp1","downstream_region","CpG","control",97.5,25.3333333333333,18,32
"exp1","downstream_region","CpG","acute",2.5,850.666666666667,611,1307
"exp1","downstream_region","CpG","acute",7.5,44.6666666666667,38,50
"exp1","downstream_region","CpG","acute",12.5,10.6666666666667,9,14
"exp1","downstream_region","CpG","acute",17.5,15.6666666666667,12,22
"exp1","downstream_region","CpG","acute",22.5,11.6666666666667,8,17
"exp1","downstream_region","CpG","acute",27.5,11.6666666666667,5,21
"exp1","downstream_region","CpG","acute",32.5,7.66666666666667,6,10
"exp1","downstream_region","CpG","acute",37.5,10.6666666666667,9,12
"exp1","downstream_region","CpG","acute",42.5,5.33333333333333,3,10
"exp1","downstream_region","CpG","acute",47.5,9.33333333333333,5,14
"exp1","downstream_region","CpG","acute",52.5,3.33333333333333,2,5
"exp1","downstream_region","CpG","acute",57.5,7.33333333333333,7,8
"exp1","downstream_region","CpG","acute",62.5,4.66666666666667,2,8
"exp1","downstream_region","CpG","acute",67.5,3.33333333333333,0,10
"exp1","downstream_region","CpG","acute",72.5,2.66666666666667,2,3
"exp1","downstream_region","CpG","acute",77.5,4.66666666666667,1,10
"exp1","downstream_region","CpG","acute",82.5,3,0,7
"exp1","downstream_region","CpG","acute",87.5,6.66666666666667,3,12
"exp1","downstream_region","CpG","acute",92.5,3.66666666666667,3,4
"exp1","downstream_region","CpG","acute",97.5,10.6666666666667,4,22
"exp1","downstream_region","CHG","control",2.5,1759,1274,2008
"exp1","downstream_region","CHG","control",7.5,35.6666666666667,23,42
"exp1","downstream_region","CHG","control",12.5,0,0,0
"exp1","downstream_region","CHG","control",17.5,1,0,2
"exp1","downstream_region","CHG","control",22.5,0,0,0
"exp1","downstream_region","CHG","control",27.5,0.666666666666667,0,1
"exp1","downstream_region","CHG","control",32.5,0,0,0
"exp1","downstream_region","CHG","control",37.5,0,0,0
"exp1","downstream_region","CHG","control",42.5,0,0,0
"exp1","downstream_region","CHG","control",47.5,0,0,0
"exp1","downstream_region","CHG","control",52.5,0,0,0
"exp1","downstream_region","CHG","control",57.5,0.333333333333333,0,1
"exp1","downstream_region","CHG","control",62.5,0,0,0
"exp1","downstream_region","CHG","control",67.5,0,0,0
"exp1","downstream_region","CHG","control",72.5,0,0,0
"exp1","downstream_region","CHG","control",77.5,0,0,0
"exp1","downstream_region","CHG","control",82.5,0,0,0
"exp1","downstream_region","CHG","control",87.5,0,0,0
"exp1","downstream_region","CHG","control",92.5,0,0,0
"exp1","downstream_region","CHG","control",97.5,0.333333333333333,0,1
"exp1","downstream_region","CHG","acute",2.5,1076,774,1652
"exp1","downstream_region","CHG","acute",7.5,18,12,25
"exp1","downstream_region","CHG","acute",12.5,0.666666666666667,0,1
"exp1","downstream_region","CHG","acute",17.5,0.666666666666667,0,2
"exp1","downstream_region","CHG","acute",22.5,0,0,0
"exp1","downstream_region","CHG","acute",27.5,0,0,0
"exp1","downstream_region","CHG","acute",32.5,0,0,0
"exp1","downstream_region","CHG","acute",37.5,0,0,0
"exp1","downstream_region","CHG","acute",42.5,0,0,0
"exp1","downstream_region","CHG","acute",47.5,0,0,0
"exp1","downstream_region","CHG","acute",52.5,0,0,0
"exp1","downstream_region","CHG","acute",57.5,0,0,0
"exp1","downstream_region","CHG","acute",62.5,0,0,0
"exp1","downstream_region","CHG","acute",67.5,0,0,0
"exp1","downstream_region","CHG","acute",72.5,0,0,0
"exp1","downstream_region","CHG","acute",77.5,0,0,0
"exp1","downstream_region","CHG","acute",82.5,0,0,0
"exp1","downstream_region","CHG","acute",87.5,0,0,0
"exp1","downstream_region","CHG","acute",92.5,0,0,0
"exp1","downstream_region","CHG","acute",97.5,0,0,0
"exp1","downstream_region","CHH","control",2.5,2310.33333333333,1659,2664
"exp1","downstream_region","CHH","control",7.5,42.3333333333333,23,61
"exp1","downstream_region","CHH","control",12.5,3,1,6
"exp1","downstream_region","CHH","control",17.5,3,1,6
"exp1","downstream_region","CHH","control",22.5,0,0,0
"exp1","downstream_region","CHH","control",27.5,0.333333333333333,0,1
"exp1","downstream_region","CHH","control",32.5,0,0,0
"exp1","downstream_region","CHH","control",37.5,0,0,0
"exp1","downstream_region","CHH","control",42.5,0,0,0
"exp1","downstream_region","CHH","control",47.5,0,0,0
"exp1","downstream_region","CHH","control",52.5,0,0,0
"exp1","downstream_region","CHH","control",57.5,0,0,0
"exp1","downstream_region","CHH","control",62.5,0,0,0
"exp1","downstream_region","CHH","control",67.5,0,0,0
"exp1","downstream_region","CHH","control",72.5,0,0,0
"exp1","downstream_region","CHH","control",77.5,0,0,0
"exp1","downstream_region","CHH","control",82.5,0,0,0
"exp1","downstream_region","CHH","control",87.5,0,0,0
"exp1","downstream_region","CHH","control",92.5,0,0,0
"exp1","downstream_region","CHH","control",97.5,0,0,0
"exp1","downstream_region","CHH","acute",2.5,1432.66666666667,1048,2194
"exp1","downstream_region","CHH","acute",7.5,24.6666666666667,11,35
"exp1","downstream_region","CHH","acute",12.5,2,1,3
"exp1","downstream_region","CHH","acute",17.5,2.33333333333333,0,6
"exp1","downstream_region","CHH","acute",22.5,0.333333333333333,0,1
"exp1","downstream_region","CHH","acute",27.5,0,0,0
"exp1","downstream_region","CHH","acute",32.5,0,0,0
"exp1","downstream_region","CHH","acute",37.5,0,0,0
"exp1","downstream_region","CHH","acute",42.5,0,0,0
"exp1","downstream_region","CHH","acute",47.5,0,0,0
"exp1","downstream_region","CHH","acute",52.5,0,0,0
"exp1","downstream_region","CHH","acute",57.5,0,0,0
"exp1","downstream_region","CHH","acute",62.5,0,0,0
"exp1","downstream_region","CHH","acute",67.5,0,0,0
"exp1","downstream_region","CHH","acute",72.5,0,0,0
"exp1","downstream_region","CHH","acute",77.5,0,0,0
"exp1","downstream_region","CHH","acute",82.5,0,0,0
"exp1","downstream_region","CHH","acute",87.5,0,0,0
"exp1","downstream_region","CHH","acute",92.5,0,0,0
"exp1","downstream_region","CHH","acute",97.5,0,0,0
"exp1","exon","CpG","control",2.5,4019,2621,4778
"exp1","exon","CpG","control",7.5,133.666666666667,71,169
"exp1","exon","CpG","control",12.5,25.6666666666667,18,31
"exp1","exon","CpG","control",17.5,49.3333333333333,35,65
"exp1","exon","CpG","control",22.5,21,13,34
"exp1","exon","CpG","control",27.5,31.3333333333333,18,41
"exp1","exon","CpG","control",32.5,18.6666666666667,12,23
"exp1","exon","CpG","control",37.5,32.6666666666667,18,42
"exp1","exon","CpG","control",42.5,19,13,26
"exp1","exon","CpG","control",47.5,27,11,42
"exp1","exon","CpG","control",52.5,17.3333333333333,14,20
"exp1","exon","CpG","control",57.5,32,17,41
"exp1","exon","CpG","control",62.5,17,14,20
"exp1","exon","CpG","control",67.5,19.6666666666667,10,29
"exp1","exon","CpG","control",72.5,14,10,16
"exp1","exon","CpG","control",77.5,27,17,33
"exp1","exon","CpG","control",82.5,21.3333333333333,14,28
"exp1","exon","CpG","control",87.5,51,25,69
"exp1","exon","CpG","control",92.5,42.3333333333333,28,55
"exp1","exon","CpG","control",97.5,160,103,190
"exp1","exon","CpG","acute",2.5,2235,1428,3661
"exp1","exon","CpG","acute",7.5,83,56,128
"exp1","exon","CpG","acute",12.5,16.6666666666667,7,33
"exp1","exon","CpG","acute",17.5,29.3333333333333,21,36
"exp1","exon","CpG","acute",22.5,17,15,18
"exp1","exon","CpG","acute",27.5,22.3333333333333,19,28
"exp1","exon","CpG","acute",32.5,11,7,16
"exp1","exon","CpG","acute",37.5,16.3333333333333,11,25
"exp1","exon","CpG","acute",42.5,8.33333333333333,4,14
"exp1","exon","CpG","acute",47.5,21.3333333333333,12,33
"exp1","exon","CpG","acute",52.5,7,4,10
"exp1","exon","CpG","acute",57.5,16.3333333333333,7,25
"exp1","exon","CpG","acute",62.5,11.3333333333333,7,16
"exp1","exon","CpG","acute",67.5,14.3333333333333,7,25
"exp1","exon","CpG","acute",72.5,10.6666666666667,8,13
"exp1","exon","CpG","acute",77.5,14.3333333333333,6,26
"exp1","exon","CpG","acute",82.5,11.6666666666667,8,18
"exp1","exon","CpG","acute",87.5,28,17,46
"exp1","exon","CpG","acute",92.5,33,15,52
"exp1","exon","CpG","acute",97.5,91.6666666666667,58,139
"exp1","exon","CHG","control",2.5,5504,3496,6581
"exp1","exon","CHG","control",7.5,115,42,169
"exp1","exon","CHG","control",12.5,3.66666666666667,2,7
"exp1","exon","CHG","control",17.5,3.33333333333333,2,4
"exp1","exon","CHG","control",22.5,0.333333333333333,0,1
"exp1","exon","CHG","control",27.5,0,0,0
"exp1","exon","CHG","control",32.5,0,0,0
"exp1","exon","CHG","control",37.5,0,0,0
"exp1","exon","CHG","control",42.5,0,0,0
"exp1","exon","CHG","control",47.5,0,0,0
"exp1","exon","CHG","control",52.5,0,0,0
"exp1","exon","CHG","control",57.5,0.333333333333333,0,1
"exp1","exon","CHG","control",62.5,0,0,0
"exp1","exon","CHG","control",67.5,0,0,0
"exp1","exon","CHG","control",72.5,0,0,0
"exp1","exon","CHG","control",77.5,0,0,0
"exp1","exon","CHG","control",82.5,0,0,0
"exp1","exon","CHG","control",87.5,0,0,0
"exp1","exon","CHG","control",92.5,0,0,0
"exp1","exon","CHG","control",97.5,0.666666666666667,0,2
"exp1","exon","CHG","acute",2.5,3037,2044,4822
"exp1","exon","CHG","acute",7.5,74.6666666666667,55,111
"exp1","exon","CHG","acute",12.5,2,0,6
"exp1","exon","CHG","acute",17.5,1.33333333333333,0,3
"exp1","exon","CHG","acute",22.5,0.333333333333333,0,1
"exp1","exon","CHG","acute",27.5,0,0,0
"exp1","exon","CHG","acute",32.5,0,0,0
"exp1","exon","CHG","acute",37.5,0,0,0
"exp1","exon","CHG","acute",42.5,0,0,0
"exp1","exon","CHG","acute",47.5,0,0,0
"exp1","exon","CHG","acute",52.5,0,0,0
"exp1","exon","CHG","acute",57.5,0,0,0
"exp1","exon","CHG","acute",62.5,0,0,0
"exp1","exon","CHG","acute",67.5,0,0,0
"exp1","exon","CHG","acute",72.5,0,0,0
"exp1","exon","CHG","acute",77.5,0,0,0
"exp1","exon","CHG","acute",82.5,0,0,0
"exp1","exon","CHG","acute",87.5,0,0,0
"exp1","exon","CHG","acute",92.5,0,0,0
"exp1","exon","CHG","acute",97.5,0,0,0
"exp1","exon","CHH","control",2.5,6842.66666666667,4388,8221
"exp1","exon","CHH","control",7.5,137,66,173
"exp1","exon","CHH","control",12.5,5,1,10
"exp1","exon","CHH","control",17.5,6.33333333333333,2,10
"exp1","exon","CHH","control",22.5,0,0,0
"exp1","exon","CHH","control",27.5,0,0,0
"exp1","exon","CHH","control",32.5,0.333333333333333,0,1
"exp1","exon","CHH","control",37.5,0,0,0
"exp1","exon","CHH","control",42.5,0,0,0
"exp1","exon","CHH","control",47.5,0,0,0
"exp1","exon","CHH","control",52.5,0,0,0
"exp1","exon","CHH","control",57.5,0,0,0
"exp1","exon","CHH","control",62.5,0,0,0
"exp1","exon","CHH","control",67.5,0,0,0
"exp1","exon","CHH","control",72.5,0,0,0
"exp1","exon","CHH","control",77.5,0,0,0
"exp1","exon","CHH","control",82.5,0,0,0
"exp1","exon","CHH","control",87.5,0,0,0
"exp1","exon","CHH","control",92.5,0,0,0
"exp1","exon","CHH","control",97.5,0,0,0
"exp1","exon","CHH","acute",2.5,3829.33333333333,2573,6108
"exp1","exon","CHH","acute",7.5,81,48,129
"exp1","exon","CHH","acute",12.5,0.666666666666667,0,2
"exp1","exon","CHH","acute",17.5,0.666666666666667,0,1
"exp1","exon","CHH","acute",22.5,0,0,0
"exp1","exon","CHH","acute",27.5,0,0,0
"exp1","exon","CHH","acute",32.5,0,0,0
"exp1","exon","CHH","acute",37.5,0,0,0
"exp1","exon","CHH","acute",42.5,0,0,0
"exp1","exon","CHH","acute",47.5,0,0,0
"exp1","exon","CHH","acute",52.5,0,0,0
"exp1","exon","CHH","acute",57.5,0,0,0
"exp1","exon","CHH","acute",62.5,0,0,0
"exp1","exon","CHH","acute",67.5,0,0,0
"exp1","exon","CHH","acute",72.5,0,0,0
"exp1","exon","CHH","acute",77.5,0,0,0
"exp1","exon","CHH","acute",82.5,0,0,0
"exp1","exon","CHH","acute",87.5,0,0,0
"exp1","exon","CHH","acute",92.5,0,0,0
"exp1","exon","CHH","acute",97.5,0,0,0
"exp1","five_prime_UTR","CpG","control",2.5,230.666666666667,138,282
"exp1","five_prime_UTR","CpG","control",7.5,3.66666666666667,2,6
"exp1","five_prime_UTR","CpG","control",12.5,0.333333333333333,0,1
"exp1","five_prime_UTR","CpG","control",17.5,2.33333333333333,1,4
"exp1","five_prime_UTR","CpG","control",22.5,1.33333333333333,0,3
"exp1","five_prime_UTR","CpG","control",27.5,1.33333333333333,1,2
"exp1","five_prime_UTR","CpG","control",32.5,0.333333333333333,0,1
"exp1","five_prime_UTR","CpG","control",37.5,0.666666666666667,0,2
"exp1","five_prime_UTR","CpG","control",42.5,0.333333333333333,0,1
"exp1","five_prime_UTR","CpG","control",47.5,1,0,2
"exp1","five_prime_UTR","CpG","control",52.5,0,0,0
"exp1","five_prime_UTR","CpG","control",57.5,0.333333333333333,0,1
"exp1","five_prime_UTR","CpG","control",62.5,0,0,0
"exp1","five_prime_UTR","CpG","control",67.5,0.333333333333333,0,1
"exp1","five_prime_UTR","CpG","control",72.5,0,0,0
"exp1","five_prime_UTR","CpG","control",77.5,0,0,0
"exp1","five_prime_UTR","CpG","control",82.5,0,0,0
"exp1","five_prime_UTR","CpG","control",87.5,0,0,0
"exp1","five_prime_UTR","CpG","control",92.5,1,0,3
"exp1","five_prime_UTR","CpG","control",97.5,2.66666666666667,1,4
"exp1","five_prime_UTR","CpG","acute",2.5,107,71,170
"exp1","five_prime_UTR","CpG","acute",7.5,3.33333333333333,1,7
"exp1","five_prime_UTR","CpG","acute",12.5,0,0,0
"exp1","five_prime_UTR","CpG","acute",17.5,0.333333333333333,0,1
"exp1","five_prime_UTR","CpG","acute",22.5,0,0,0
"exp1","five_prime_UTR","CpG","acute",27.5,0.333333333333333,0,1
"exp1","five_prime_UTR","CpG","acute",32.5,0.666666666666667,0,1
"exp1","five_prime_UTR","CpG","acute",37.5,0,0,0
"exp1","five_prime_UTR","CpG","acute",42.5,0.333333333333333,0,1
"exp1","five_prime_UTR","CpG","acute",47.5,1.33333333333333,0,3
"exp1","five_prime_UTR","CpG","acute",52.5,0,0,0
"exp1","five_prime_UTR","CpG","acute",57.5,0.333333333333333,0,1
"exp1","five_prime_UTR","CpG","acute",62.5,0.333333333333333,0,1
"exp1","five_prime_UTR","CpG","acute",67.5,0,0,0
"exp1","five_prime_UTR","CpG","acute",72.5,0,0,0
"exp1","five_prime_UTR","CpG","acute",77.5,0,0,0
"exp1","five_prime_UTR","CpG","acute",82.5,0,0,0
"exp1","five_prime_UTR","CpG","acute",87.5,0,0,0
"exp1","five_prime_UTR","CpG","acute",92.5,0.333333333333333,0,1
"exp1","five_prime_UTR","CpG","acute",97.5,2.66666666666667,2,3
"exp1","five_prime_UTR","CHG","control",2.5,241,145,299
"exp1","five_prime_UTR","CHG","control",7.5,3.33333333333333,0,8
"exp1","five_prime_UTR","CHG","control",12.5,0,0,0
"exp1","five_prime_UTR","CHG","control",17.5,1,0,2
"exp1","five_prime_UTR","CHG","control",22.5,0,0,0
"exp1","five_prime_UTR","CHG","control",27.5,0,0,0
"exp1","five_prime_UTR","CHG","control",32.5,0,0,0
"exp1","five_prime_UTR","CHG","control",37.5,0,0,0
"exp1","five_prime_UTR","CHG","control",42.5,0,0,0
"exp1","five_prime_UTR","CHG","control",47.5,0,0,0
"exp1","five_prime_UTR","CHG","control",52.5,0,0,0
"exp1","five_prime_UTR","CHG","control",57.5,0,0,0
"exp1","five_prime_UTR","CHG","control",62.5,0,0,0
"exp1","five_prime_UTR","CHG","control",67.5,0,0,0
"exp1","five_prime_UTR","CHG","control",72.5,0,0,0
"exp1","five_prime_UTR","CHG","control",77.5,0,0,0
"exp1","five_prime_UTR","CHG","control",82.5,0,0,0
"exp1","five_prime_UTR","CHG","control",87.5,0,0,0
"exp1","five_prime_UTR","CHG","control",92.5,0,0,0
"exp1","five_prime_UTR","CHG","control",97.5,0,0,0
"exp1","five_prime_UTR","CHG","acute",2.5,111,76,169
"exp1","five_prime_UTR","CHG","acute",7.5,2,1,3
"exp1","five_prime_UTR","CHG","acute",12.5,0,0,0
"exp1","five_prime_UTR","CHG","acute",17.5,0,0,0
"exp1","five_prime_UTR","CHG","acute",22.5,0,0,0
"exp1","five_prime_UTR","CHG","acute",27.5,0,0,0
"exp1","five_prime_UTR","CHG","acute",32.5,0,0,0
"exp1","five_prime_UTR","CHG","acute",37.5,0,0,0
"exp1","five_prime_UTR","CHG","acute",42.5,0,0,0
"exp1","five_prime_UTR","CHG","acute",47.5,0,0,0
"exp1","five_prime_UTR","CHG","acute",52.5,0,0,0
"exp1","five_prime_UTR","CHG","acute",57.5,0,0,0
"exp1","five_prime_UTR","CHG","acute",62.5,0,0,0
"exp1","five_prime_UTR","CHG","acute",67.5,0,0,0
"exp1","five_prime_UTR","CHG","acute",72.5,0,0,0
"exp1","five_prime_UTR","CHG","acute",77.5,0,0,0
"exp1","five_prime_UTR","CHG","acute",82.5,0,0,0
"exp1","five_prime_UTR","CHG","acute",87.5,0,0,0
"exp1","five_prime_UTR","CHG","acute",92.5,0,0,0
"exp1","five_prime_UTR","CHG","acute",97.5,0,0,0
"exp1","five_prime_UTR","CHH","control",2.5,337.666666666667,205,404
"exp1","five_prime_UTR","CHH","control",7.5,4.66666666666667,3,6
"exp1","five_prime_UTR","CHH","control",12.5,0.333333333333333,0,1
"exp1","five_prime_UTR","CHH","control",17.5,1,0,2
"exp1","five_prime_UTR","CHH","control",22.5,0,0,0
"exp1","five_prime_UTR","CHH","control",27.5,0,0,0
"exp1","five_prime_UTR","CHH","control",32.5,0,0,0
"exp1","five_prime_UTR","CHH","control",37.5,0,0,0
"exp1","five_prime_UTR","CHH","control",42.5,0,0,0
"exp1","five_prime_UTR","CHH","control",47.5,0,0,0
"exp1","five_prime_UTR","CHH","control",52.5,0,0,0
"exp1","five_prime_UTR","CHH","control",57.5,0,0,0
"exp1","five_prime_UTR","CHH","control",62.5,0,0,0
"exp1","five_prime_UTR","CHH","control",67.5,0,0,0
"exp1","five_prime_UTR","CHH","control",72.5,0,0,0
"exp1","five_prime_UTR","CHH","control",77.5,0,0,0
"exp1","five_prime_UTR","CHH","control",82.5,0,0,0
"exp1","five_prime_UTR","CHH","control",87.5,0,0,0
"exp1","five_prime_UTR","CHH","control",92.5,0,0,0
"exp1","five_prime_UTR","CHH","control",97.5,0,0,0
"exp1","five_prime_UTR","CHH","acute",2.5,160,110,252
"exp1","five_prime_UTR","CHH","acute",7.5,4,1,9
"exp1","five_prime_UTR","CHH","acute",12.5,0,0,0
"exp1","five_prime_UTR","CHH","acute",17.5,0,0,0
"exp1","five_prime_UTR","CHH","acute",22.5,0,0,0
"exp1","five_prime_UTR","CHH","acute",27.5,0,0,0
"exp1","five_prime_UTR","CHH","acute",32.5,0,0,0
"exp1","five_prime_UTR","CHH","acute",37.5,0,0,0
"exp1","five_prime_UTR","CHH","acute",42.5,0,0,0
"exp1","five_prime_UTR","CHH","acute",47.5,0,0,0
"exp1","five_prime_UTR","CHH","acute",52.5,0,0,0
"exp1","five_prime_UTR","CHH","acute",57.5,0,0,0
"exp1","five_prime_UTR","CHH","acute",62.5,0,0,0
"exp1","five_prime_UTR","CHH","acute",67.5,0,0,0
"exp1","five_prime_UTR","CHH","acute",72.5,0,0,0
"exp1","five_prime_UTR","CHH","acute",77.5,0,0,0
"exp1","five_prime_UTR","CHH","acute",82.5,0,0,0
"exp1","five_prime_UTR","CHH","acute",87.5,0,0,0
"exp1","five_prime_UTR","CHH","acute",92.5,0,0,0
"exp1","five_prime_UTR","CHH","acute",97.5,0,0,0
"exp1","gene","CpG","control",2.5,4125,2852,4812
"exp1","gene","CpG","control",7.5,191.333333333333,144,221
"exp1","gene","CpG","control",12.5,64.3333333333333,48,77
"exp1","gene","CpG","control",17.5,72,49,92
"exp1","gene","CpG","control",22.5,40.3333333333333,32,52
"exp1","gene","CpG","control",27.5,48.6666666666667,32,62
"exp1","gene","CpG","control",32.5,28,22,37
"exp1","gene","CpG","control",37.5,51.3333333333333,44,58
"exp1","gene","CpG","control",42.5,32,18,41
"exp1","gene","CpG","control",47.5,40,29,49
"exp1","gene","CpG","control",52.5,24.3333333333333,19,30
"exp1","gene","CpG","control",57.5,31.3333333333333,21,39
"exp1","gene","CpG","control",62.5,25.3333333333333,14,37
"exp1","gene","CpG","control",67.5,31,17,43
"exp1","gene","CpG","control",72.5,22,19,24
"exp1","gene","CpG","control",77.5,30.3333333333333,16,41
"exp1","gene","CpG","control",82.5,20,9,27
"exp1","gene","CpG","control",87.5,56.6666666666667,21,78
"exp1","gene","CpG","control",92.5,37,14,54
"exp1","gene","CpG","control",97.5,174.333333333333,106,226
"exp1","gene","CpG","acute",2.5,2398.33333333333,1642,3853
"exp1","gene","CpG","acute",7.5,112.333333333333,84,154
"exp1","gene","CpG","acute",12.5,36.3333333333333,21,56
"exp1","gene","CpG","acute",17.5,46.3333333333333,29,69
"exp1","gene","CpG","acute",22.5,24.6666666666667,23,27
"exp1","gene","CpG","acute",27.5,32.3333333333333,20,50
"exp1","gene","CpG","acute",32.5,22.6666666666667,15,35
"exp1","gene","CpG","acute",37.5,22.6666666666667,16,30
"exp1","gene","CpG","acute",42.5,17.6666666666667,12,28
"exp1","gene","CpG","acute",47.5,29,19,41
"exp1","gene","CpG","acute",52.5,14,9,20
"exp1","gene","CpG","acute",57.5,17.6666666666667,13,23
"exp1","gene","CpG","acute",62.5,10.6666666666667,8,13
"exp1","gene","CpG","acute",67.5,21.3333333333333,8,41
"exp1","gene","CpG","acute",72.5,10.6666666666667,5,19
"exp1","gene","CpG","acute",77.5,16.6666666666667,10,26
"exp1","gene","CpG","acute",82.5,10,5,18
"exp1","gene","CpG","acute",87.5,27,12,51
"exp1","gene","CpG","acute",92.5,24.6666666666667,13,46
"exp1","gene","CpG","acute",97.5,84.6666666666667,38,149
"exp1","gene","CHG","control",2.5,5658.66666666667,3790,6632
"exp1","gene","CHG","control",7.5,101.666666666667,55,143
"exp1","gene","CHG","control",12.5,3.66666666666667,3,5
"exp1","gene","CHG","control",17.5,5,4,6
"exp1","gene","CHG","control",22.5,0,0,0
"exp1","gene","CHG","control",27.5,0.333333333333333,0,1
"exp1","gene","CHG","control",32.5,0,0,0
"exp1","gene","CHG","control",37.5,0.666666666666667,0,1
"exp1","gene","CHG","control",42.5,0.333333333333333,0,1
"exp1","gene","CHG","control",47.5,0.666666666666667,0,2
"exp1","gene","CHG","control",52.5,0,0,0
"exp1","gene","CHG","control",57.5,0.333333333333333,0,1
"exp1","gene","CHG","control",62.5,0,0,0
"exp1","gene","CHG","control",67.5,0,0,0
"exp1","gene","CHG","control",72.5,0,0,0
"exp1","gene","CHG","control",77.5,0,0,0
"exp1","gene","CHG","control",82.5,0,0,0
"exp1","gene","CHG","control",87.5,0,0,0
"exp1","gene","CHG","control",92.5,0,0,0
"exp1","gene","CHG","control",97.5,0.333333333333333,0,1
"exp1","gene","CHG","acute",2.5,3272,2282,5172
"exp1","gene","CHG","acute",7.5,58.3333333333333,41,93
"exp1","gene","CHG","acute",12.5,1.66666666666667,1,3
"exp1","gene","CHG","acute",17.5,2.33333333333333,0,4
"exp1","gene","CHG","acute",22.5,0.333333333333333,0,1
"exp1","gene","CHG","acute",27.5,0.333333333333333,0,1
"exp1","gene","CHG","acute",32.5,0,0,0
"exp1","gene","CHG","acute",37.5,0,0,0
"exp1","gene","CHG","acute",42.5,0,0,0
"exp1","gene","CHG","acute",47.5,0.333333333333333,0,1
"exp1","gene","CHG","acute",52.5,0,0,0
"exp1","gene","CHG","acute",57.5,0,0,0
"exp1","gene","CHG","acute",62.5,0,0,0
"exp1","gene","CHG","acute",67.5,0,0,0
"exp1","gene","CHG","acute",72.5,0,0,0
"exp1","gene","CHG","acute",77.5,0.333333333333333,0,1
"exp1","gene","CHG","acute",82.5,0,0,0
"exp1","gene","CHG","acute",87.5,0,0,0
"exp1","gene","CHG","acute",92.5,0,0,0
"exp1","gene","CHG","acute",97.5,0,0,0
"exp1","gene","CHH","control",2.5,7129,4893,8343
"exp1","gene","CHH","control",7.5,128,76,178
"exp1","gene","CHH","control",12.5,5.66666666666667,2,8
"exp1","gene","CHH","control",17.5,5,1,10
"exp1","gene","CHH","control",22.5,0.666666666666667,0,2
"exp1","gene","CHH","control",27.5,0.333333333333333,0,1
"exp1","gene","CHH","control",32.5,0.666666666666667,0,1
"exp1","gene","CHH","control",37.5,0.666666666666667,0,1
"exp1","gene","CHH","control",42.5,0,0,0
"exp1","gene","CHH","control",47.5,0,0,0
"exp1","gene","CHH","control",52.5,0,0,0
"exp1","gene","CHH","control",57.5,0,0,0
"exp1","gene","CHH","control",62.5,0,0,0
"exp1","gene","CHH","control",67.5,0,0,0
"exp1","gene","CHH","control",72.5,0,0,0
"exp1","gene","CHH","control",77.5,0,0,0
"exp1","gene","CHH","control",82.5,0,0,0
"exp1","gene","CHH","control",87.5,0,0,0
"exp1","gene","CHH","control",92.5,0,0,0
"exp1","gene","CHH","control",97.5,0.333333333333333,0,1
"exp1","gene","CHH","acute",2.5,4155,2921,6571
"exp1","gene","CHH","acute",7.5,73,50,113
"exp1","gene","CHH","acute",12.5,1.66666666666667,0,3
"exp1","gene","CHH","acute",17.5,2,1,3
"exp1","gene","CHH","acute",22.5,0,0,0
"exp1","gene","CHH","acute",27.5,0,0,0
"exp1","gene","CHH","acute",32.5,0,0,0
"exp1","gene","CHH","acute",37.5,0,0,0
"exp1","gene","CHH","acute",42.5,0,0,0
"exp1","gene","CHH","acute",47.5,0,0,0
"exp1","gene","CHH","acute",52.5,0,0,0
"exp1","gene","CHH","acute",57.5,0,0,0
"exp1","gene","CHH","acute",62.5,0,0,0
"exp1","gene","CHH","acute",67.5,0,0,0
"exp1","gene","CHH","acute",72.5,0,0,0
"exp1","gene","CHH","acute",77.5,0.333333333333333,0,1
"exp1","gene","CHH","acute",82.5,0,0,0
"exp1","gene","CHH","acute",87.5,0,0,0
"exp1","gene","CHH","acute",92.5,0,0,0
"exp1","gene","CHH","acute",97.5,0,0,0
"exp1","ncRNA_gene","CpG","control",2.5,81.6666666666667,72,90
"exp1","ncRNA_gene","CpG","control",7.5,1.66666666666667,1,3
"exp1","ncRNA_gene","CpG","control",12.5,0,0,0
"exp1","ncRNA_gene","CpG","control",17.5,0.333333333333333,0,1
"exp1","ncRNA_gene","CpG","control",22.5,0,0,0
"exp1","ncRNA_gene","CpG","control",27.5,0,0,0
"exp1","ncRNA_gene","CpG","control",32.5,0,0,0
"exp1","ncRNA_gene","CpG","control",37.5,0,0,0
"exp1","ncRNA_gene","CpG","control",42.5,0.333333333333333,0,1
"exp1","ncRNA_gene","CpG","control",47.5,1,0,2
"exp1","ncRNA_gene","CpG","control",52.5,0,0,0
"exp1","ncRNA_gene","CpG","control",57.5,0,0,0
"exp1","ncRNA_gene","CpG","control",62.5,0,0,0
"exp1","ncRNA_gene","CpG","control",67.5,0,0,0
"exp1","ncRNA_gene","CpG","control",72.5,0.666666666666667,0,2
"exp1","ncRNA_gene","CpG","control",77.5,0,0,0
"exp1","ncRNA_gene","CpG","control",82.5,0.666666666666667,0,2
"exp1","ncRNA_gene","CpG","control",87.5,0.666666666666667,0,1
"exp1","ncRNA_gene","CpG","control",92.5,0.666666666666667,0,2
"exp1","ncRNA_gene","CpG","control",97.5,0.333333333333333,0,1
"exp1","ncRNA_gene","CpG","acute",2.5,66,50,88
"exp1","ncRNA_gene","CpG","acute",7.5,0.333333333333333,0,1
"exp1","ncRNA_gene","CpG","acute",12.5,0.333333333333333,0,1
"exp1","ncRNA_gene","CpG","acute",17.5,0,0,0
"exp1","ncRNA_gene","CpG","acute",22.5,0,0,0
"exp1","ncRNA_gene","CpG","acute",27.5,0.333333333333333,0,1
"exp1","ncRNA_gene","CpG","acute",32.5,0,0,0
"exp1","ncRNA_gene","CpG","acute",37.5,0,0,0
"exp1","ncRNA_gene","CpG","acute",42.5,0.666666666666667,0,1
"exp1","ncRNA_gene","CpG","acute",47.5,0.333333333333333,0,1
"exp1","ncRNA_gene","CpG","acute",52.5,0,0,0
"exp1","ncRNA_gene","CpG","acute",57.5,0,0,0
"exp1","ncRNA_gene","CpG","acute",62.5,0,0,0
"exp1","ncRNA_gene","CpG","acute",67.5,0,0,0
"exp1","ncRNA_gene","CpG","acute",72.5,0.333333333333333,0,1
"exp1","ncRNA_gene","CpG","acute",77.5,0.333333333333333,0,1
"exp1","ncRNA_gene","CpG","acute",82.5,0,0,0
"exp1","ncRNA_gene","CpG","acute",87.5,0.666666666666667,0,1
"exp1","ncRNA_gene","CpG","acute",92.5,0.333333333333333,0,1
"exp1","ncRNA_gene","CpG","acute",97.5,0.333333333333333,0,1
"exp1","ncRNA_gene","CHG","control",2.5,92.6666666666667,79,104
"exp1","ncRNA_gene","CHG","control",7.5,0.666666666666667,0,2
"exp1","ncRNA_gene","CHG","control",12.5,0,0,0
"exp1","ncRNA_gene","CHG","control",17.5,0,0,0
"exp1","ncRNA_gene","CHG","control",22.5,0,0,0
"exp1","ncRNA_gene","CHG","control",27.5,0,0,0
"exp1","ncRNA_gene","CHG","control",32.5,0,0,0
"exp1","ncRNA_gene","CHG","control",37.5,0,0,0
"exp1","ncRNA_gene","CHG","control",42.5,0,0,0
"exp1","ncRNA_gene","CHG","control",47.5,0,0,0
"exp1","ncRNA_gene","CHG","control",52.5,0,0,0
"exp1","ncRNA_gene","CHG","control",57.5,0,0,0
"exp1","ncRNA_gene","CHG","control",62.5,0,0,0
"exp1","ncRNA_gene","CHG","control",67.5,0,0,0
"exp1","ncRNA_gene","CHG","control",72.5,0,0,0
"exp1","ncRNA_gene","CHG","control",77.5,0,0,0
"exp1","ncRNA_gene","CHG","control",82.5,0,0,0
"exp1","ncRNA_gene","CHG","control",87.5,0,0,0
"exp1","ncRNA_gene","CHG","control",92.5,0,0,0
"exp1","ncRNA_gene","CHG","control",97.5,0,0,0
"exp1","ncRNA_gene","CHG","acute",2.5,73,52,100
"exp1","ncRNA_gene","CHG","acute",7.5,0.666666666666667,0,1
"exp1","ncRNA_gene","CHG","acute",12.5,0,0,0
"exp1","ncRNA_gene","CHG","acute",17.5,0,0,0
"exp1","ncRNA_gene","CHG","acute",22.5,0,0,0
"exp1","ncRNA_gene","CHG","acute",27.5,0,0,0
"exp1","ncRNA_gene","CHG","acute",32.5,0,0,0
"exp1","ncRNA_gene","CHG","acute",37.5,0,0,0
"exp1","ncRNA_gene","CHG","acute",42.5,0,0,0
"exp1","ncRNA_gene","CHG","acute",47.5,0,0,0
"exp1","ncRNA_gene","CHG","acute",52.5,0,0,0
"exp1","ncRNA_gene","CHG","acute",57.5,0,0,0
"exp1","ncRNA_gene","CHG","acute",62.5,0,0,0
"exp1","ncRNA_gene","CHG","acute",67.5,0,0,0
"exp1","ncRNA_gene","CHG","acute",72.5,0,0,0
"exp1","ncRNA_gene","CHG","acute",77.5,0,0,0
"exp1","ncRNA_gene","CHG","acute",82.5,0,0,0
"exp1","ncRNA_gene","CHG","acute",87.5,0,0,0
"exp1","ncRNA_gene","CHG","acute",92.5,0,0,0
"exp1","ncRNA_gene","CHG","acute",97.5,0,0,0
"exp1","ncRNA_gene","CHH","control",2.5,99,82,113
"exp1","ncRNA_gene","CHH","control",7.5,1,0,3
"exp1","ncRNA_gene","CHH","control",12.5,0,0,0
"exp1","ncRNA_gene","CHH","control",17.5,0,0,0
"exp1","ncRNA_gene","CHH","control",22.5,0,0,0
"exp1","ncRNA_gene","CHH","control",27.5,0,0,0
"exp1","ncRNA_gene","CHH","control",32.5,0,0,0
"exp1","ncRNA_gene","CHH","control",37.5,0,0,0
"exp1","ncRNA_gene","CHH","control",42.5,0,0,0
"exp1","ncRNA_gene","CHH","control",47.5,0,0,0
"exp1","ncRNA_gene","CHH","control",52.5,0,0,0
"exp1","ncRNA_gene","CHH","control",57.5,0,0,0
"exp1","ncRNA_gene","CHH","control",62.5,0,0,0
"exp1","ncRNA_gene","CHH","control",67.5,0,0,0
"exp1","ncRNA_gene","CHH","control",72.5,0,0,0
"exp1","ncRNA_gene","CHH","control",77.5,0,0,0
"exp1","ncRNA_gene","CHH","control",82.5,0,0,0
"exp1","ncRNA_gene","CHH","control",87.5,0,0,0
"exp1","ncRNA_gene","CHH","control",92.5,0,0,0
"exp1","ncRNA_gene","CHH","control",97.5,0,0,0
"exp1","ncRNA_gene","CHH","acute",2.5,76.6666666666667,55,105
"exp1","ncRNA_gene","CHH","acute",7.5,0.333333333333333,0,1
"exp1","ncRNA_gene","CHH","acute",12.5,0,0,0
"exp1","ncRNA_gene","CHH","acute",17.5,0,0,0
"exp1","ncRNA_gene","CHH","acute",22.5,0,0,0
"exp1","ncRNA_gene","CHH","acute",27.5,0,0,0
"exp1","ncRNA_gene","CHH","acute",32.5,0,0,0
"exp1","ncRNA_gene","CHH","acute",37.5,0,0,0
"exp1","ncRNA_gene","CHH","acute",42.5,0,0,0
"exp1","ncRNA_gene","CHH","acute",47.5,0,0,0
"exp1","ncRNA_gene","CHH","acute",52.5,0,0,0
"exp1","ncRNA_gene","CHH","acute",57.5,0,0,0
"exp1","ncRNA_gene","CHH","acute",62.5,0,0,0
"exp1","ncRNA_gene","CHH","acute",67.5,0,0,0
"exp1","ncRNA_gene","CHH","acute",72.5,0,0,0
"exp1","ncRNA_gene","CHH","acute",77.5,0,0,0
"exp1","ncRNA_gene","CHH","acute",82.5,0,0,0
"exp1","ncRNA_gene","CHH","acute",87.5,0,0,0
"exp1","ncRNA_gene","CHH","acute",92.5,0,0,0
"exp1","ncRNA_gene","CHH","acute",97.5,0,0,0
"exp1","promoter","CpG","control",2.5,1556.33333333333,1060,1812
"exp1","promoter","CpG","control",7.5,64,44,80
"exp1","promoter","CpG","control",12.5,10.6666666666667,9,13
"exp1","promoter","CpG","control",17.5,19,9,29
"exp1","promoter","CpG","control",22.5,9,8,11
"exp1","promoter","CpG","control",27.5,6.66666666666667,4,9
"exp1","promoter","CpG","control",32.5,7,6,8
"exp1","promoter","CpG","control",37.5,11,9,14
"exp1","promoter","CpG","control",42.5,6.33333333333333,4,10
"exp1","promoter","CpG","control",47.5,8.33333333333333,5,11
"exp1","promoter","CpG","control",52.5,3.66666666666667,2,5
"exp1","promoter","CpG","control",57.5,5.66666666666667,1,12
"exp1","promoter","CpG","control",62.5,5.33333333333333,4,6
"exp1","promoter","CpG","control",67.5,3,1,4
"exp1","promoter","CpG","control",72.5,2.33333333333333,1,4
"exp1","promoter","CpG","control",77.5,6.66666666666667,2,9
"exp1","promoter","CpG","control",82.5,1.33333333333333,1,2
"exp1","promoter","CpG","control",87.5,5.33333333333333,4,7
"exp1","promoter","CpG","control",92.5,2.33333333333333,1,4
"exp1","promoter","CpG","control",97.5,9,7,10
"exp1","promoter","CpG","acute",2.5,951,685,1480
"exp1","promoter","CpG","acute",7.5,36.6666666666667,26,50
"exp1","promoter","CpG","acute",12.5,8,4,13
"exp1","promoter","CpG","acute",17.5,10.3333333333333,9,12
"exp1","promoter","CpG","acute",22.5,7,3,10
"exp1","promoter","CpG","acute",27.5,8.66666666666667,5,14
"exp1","promoter","CpG","acute",32.5,5,3,8
"exp1","promoter","CpG","acute",37.5,3.66666666666667,3,5
"exp1","promoter","CpG","acute",42.5,2,1,3
"exp1","promoter","CpG","acute",47.5,3.66666666666667,3,5
"exp1","promoter","CpG","acute",52.5,1.66666666666667,0,4
"exp1","promoter","CpG","acute",57.5,3.66666666666667,2,7
"exp1","promoter","CpG","acute",62.5,1.66666666666667,0,5
"exp1","promoter","CpG","acute",67.5,4,2,7
"exp1","promoter","CpG","acute",72.5,3,2,4
"exp1","promoter","CpG","acute",77.5,3.33333333333333,1,7
"exp1","promoter","CpG","acute",82.5,2.33333333333333,1,4
"exp1","promoter","CpG","acute",87.5,1.66666666666667,1,3
"exp1","promoter","CpG","acute",92.5,3.66666666666667,0,9
"exp1","promoter","CpG","acute",97.5,4.33333333333333,2,9
"exp1","promoter","CHG","control",2.5,1780,1231,2073
"exp1","promoter","CHG","control",7.5,32.6666666666667,18,42
"exp1","promoter","CHG","control",12.5,1.66666666666667,1,3
"exp1","promoter","CHG","control",17.5,1.33333333333333,1,2
"exp1","promoter","CHG","control",22.5,0.333333333333333,0,1
"exp1","promoter","CHG","control",27.5,0.333333333333333,0,1
"exp1","promoter","CHG","control",32.5,0.333333333333333,0,1
"exp1","promoter","CHG","control",37.5,0,0,0
"exp1","promoter","CHG","control",42.5,0,0,0
"exp1","promoter","CHG","control",47.5,0,0,0
"exp1","promoter","CHG","control",52.5,0,0,0
"exp1","promoter","CHG","control",57.5,0,0,0
"exp1","promoter","CHG","control",62.5,0,0,0
"exp1","promoter","CHG","control",67.5,0,0,0
"exp1","promoter","CHG","control",72.5,0,0,0
"exp1","promoter","CHG","control",77.5,0,0,0
"exp1","promoter","CHG","control",82.5,0,0,0
"exp1","promoter","CHG","control",87.5,0,0,0
"exp1","promoter","CHG","control",92.5,0,0,0
"exp1","promoter","CHG","control",97.5,0,0,0
"exp1","promoter","CHG","acute",2.5,1090.66666666667,775,1669
"exp1","promoter","CHG","acute",7.5,20,9,30
"exp1","promoter","CHG","acute",12.5,0.666666666666667,0,1
"exp1","promoter","CHG","acute",17.5,1.33333333333333,0,2
"exp1","promoter","CHG","acute",22.5,0.333333333333333,0,1
"exp1","promoter","CHG","acute",27.5,0,0,0
"exp1","promoter","CHG","acute",32.5,0,0,0
"exp1","promoter","CHG","acute",37.5,0.666666666666667,0,2
"exp1","promoter","CHG","acute",42.5,0,0,0
"exp1","promoter","CHG","acute",47.5,0,0,0
"exp1","promoter","CHG","acute",52.5,0,0,0
"exp1","promoter","CHG","acute",57.5,0,0,0
"exp1","promoter","CHG","acute",62.5,0,0,0
"exp1","promoter","CHG","acute",67.5,0,0,0
"exp1","promoter","CHG","acute",72.5,0,0,0
"exp1","promoter","CHG","acute",77.5,0,0,0
"exp1","promoter","CHG","acute",82.5,0,0,0
"exp1","promoter","CHG","acute",87.5,0,0,0
"exp1","promoter","CHG","acute",92.5,0,0,0
"exp1","promoter","CHG","acute",97.5,0,0,0
"exp1","promoter","CHH","control",2.5,2314,1603,2681
"exp1","promoter","CHH","control",7.5,51.3333333333333,25,66
"exp1","promoter","CHH","control",12.5,1,0,2
"exp1","promoter","CHH","control",17.5,0.333333333333333,0,1
"exp1","promoter","CHH","control",22.5,0.333333333333333,0,1
"exp1","promoter","CHH","control",27.5,0.666666666666667,0,1
"exp1","promoter","CHH","control",32.5,0,0,0
"exp1","promoter","CHH","control",37.5,0,0,0
"exp1","promoter","CHH","control",42.5,0,0,0
"exp1","promoter","CHH","control",47.5,0,0,0
"exp1","promoter","CHH","control",52.5,0,0,0
"exp1","promoter","CHH","control",57.5,0,0,0
"exp1","promoter","CHH","control",62.5,0,0,0
"exp1","promoter","CHH","control",67.5,0,0,0
"exp1","promoter","CHH","control",72.5,0,0,0
"exp1","promoter","CHH","control",77.5,0,0,0
"exp1","promoter","CHH","control",82.5,0,0,0
"exp1","promoter","CHH","control",87.5,0,0,0
"exp1","promoter","CHH","control",92.5,0,0,0
"exp1","promoter","CHH","control",97.5,0,0,0
"exp1","promoter","CHH","acute",2.5,1392,994,2135
"exp1","promoter","CHH","acute",7.5,23.3333333333333,12,43
"exp1","promoter","CHH","acute",12.5,1,1,1
"exp1","promoter","CHH","acute",17.5,1,0,2
"exp1","promoter","CHH","acute",22.5,0.333333333333333,0,1
"exp1","promoter","CHH","acute",27.5,0,0,0
"exp1","promoter","CHH","acute",32.5,0.666666666666667,0,2
"exp1","promoter","CHH","acute",37.5,0,0,0
"exp1","promoter","CHH","acute",42.5,0,0,0
"exp1","promoter","CHH","acute",47.5,0,0,0
"exp1","promoter","CHH","acute",52.5,0,0,0
"exp1","promoter","CHH","acute",57.5,0,0,0
"exp1","promoter","CHH","acute",62.5,0,0,0
"exp1","promoter","CHH","acute",67.5,0,0,0
"exp1","promoter","CHH","acute",72.5,0,0,0
"exp1","promoter","CHH","acute",77.5,0,0,0
"exp1","promoter","CHH","acute",82.5,0,0,0
"exp1","promoter","CHH","acute",87.5,0,0,0
"exp1","promoter","CHH","acute",92.5,0,0,0
"exp1","promoter","CHH","acute",97.5,0,0,0
"exp1","three_prime_UTR","CpG","control",2.5,204,127,267
"exp1","three_prime_UTR","CpG","control",7.5,6,1,13
"exp1","three_prime_UTR","CpG","control",12.5,2.33333333333333,1,3
"exp1","three_prime_UTR","CpG","control",17.5,2.33333333333333,1,3
"exp1","three_prime_UTR","CpG","control",22.5,2.66666666666667,1,4
"exp1","three_prime_UTR","CpG","control",27.5,2.66666666666667,0,5
"exp1","three_prime_UTR","CpG","control",32.5,2.33333333333333,0,6
"exp1","three_prime_UTR","CpG","control",37.5,2.66666666666667,1,5
"exp1","three_prime_UTR","CpG","control",42.5,0.666666666666667,0,1
"exp1","three_prime_UTR","CpG","control",47.5,2,1,4
"exp1","three_prime_UTR","CpG","control",52.5,2,1,3
"exp1","three_prime_UTR","CpG","control",57.5,2.66666666666667,1,5
"exp1","three_prime_UTR","CpG","control",62.5,0.666666666666667,0,1
"exp1","three_prime_UTR","CpG","control",67.5,2,1,3
"exp1","three_prime_UTR","CpG","control",72.5,0,0,0
"exp1","three_prime_UTR","CpG","control",77.5,4,0,7
"exp1","three_prime_UTR","CpG","control",82.5,1.33333333333333,1,2
"exp1","three_prime_UTR","CpG","control",87.5,3.33333333333333,1,5
"exp1","three_prime_UTR","CpG","control",92.5,2.66666666666667,0,5
"exp1","three_prime_UTR","CpG","control",97.5,7.66666666666667,5,12
"exp1","three_prime_UTR","CpG","acute",2.5,88.6666666666667,49,146
"exp1","three_prime_UTR","CpG","acute",7.5,5.66666666666667,3,7
"exp1","three_prime_UTR","CpG","acute",12.5,1,0,2
"exp1","three_prime_UTR","CpG","acute",17.5,1,0,2
"exp1","three_prime_UTR","CpG","acute",22.5,1.33333333333333,1,2
"exp1","three_prime_UTR","CpG","acute",27.5,1.33333333333333,1,2
"exp1","three_prime_UTR","CpG","acute",32.5,0.333333333333333,0,1
"exp1","three_prime_UTR","CpG","acute",37.5,0.666666666666667,0,2
"exp1","three_prime_UTR","CpG","acute",42.5,0.666666666666667,0,2
"exp1","three_prime_UTR","CpG","acute",47.5,2.33333333333333,1,3
"exp1","three_prime_UTR","CpG","acute",52.5,1,0,2
"exp1","three_prime_UTR","CpG","acute",57.5,0,0,0
"exp1","three_prime_UTR","CpG","acute",62.5,1.33333333333333,0,3
"exp1","three_prime_UTR","CpG","acute",67.5,1,0,3
"exp1","three_prime_UTR","CpG","acute",72.5,0,0,0
"exp1","three_prime_UTR","CpG","acute",77.5,1,0,2
"exp1","three_prime_UTR","CpG","acute",82.5,0,0,0
"exp1","three_prime_UTR","CpG","acute",87.5,1.33333333333333,0,2
"exp1","three_prime_UTR","CpG","acute",92.5,1.66666666666667,0,5
"exp1","three_prime_UTR","CpG","acute",97.5,3.66666666666667,3,5
"exp1","three_prime_UTR","CHG","control",2.5,303,187,379
"exp1","three_prime_UTR","CHG","control",7.5,6,1,10
"exp1","three_prime_UTR","CHG","control",12.5,0,0,0
"exp1","three_prime_UTR","CHG","control",17.5,0.333333333333333,0,1
"exp1","three_prime_UTR","CHG","control",22.5,0,0,0
"exp1","three_prime_UTR","CHG","control",27.5,0,0,0
"exp1","three_prime_UTR","CHG","control",32.5,0,0,0
"exp1","three_prime_UTR","CHG","control",37.5,0,0,0
"exp1","three_prime_UTR","CHG","control",42.5,0,0,0
"exp1","three_prime_UTR","CHG","control",47.5,0,0,0
"exp1","three_prime_UTR","CHG","control",52.5,0,0,0
"exp1","three_prime_UTR","CHG","control",57.5,0,0,0
"exp1","three_prime_UTR","CHG","control",62.5,0,0,0
"exp1","three_prime_UTR","CHG","control",67.5,0,0,0
"exp1","three_prime_UTR","CHG","control",72.5,0,0,0
"exp1","three_prime_UTR","CHG","control",77.5,0,0,0
"exp1","three_prime_UTR","CHG","control",82.5,0,0,0
"exp1","three_prime_UTR","CHG","control",87.5,0,0,0
"exp1","three_prime_UTR","CHG","control",92.5,0,0,0
"exp1","three_prime_UTR","CHG","control",97.5,0,0,0
"exp1","three_prime_UTR","CHG","acute",2.5,141,93,229
"exp1","three_prime_UTR","CHG","acute",7.5,7.33333333333333,2,11
"exp1","three_prime_UTR","CHG","acute",12.5,0,0,0
"exp1","three_prime_UTR","CHG","acute",17.5,0,0,0
"exp1","three_prime_UTR","CHG","acute",22.5,0,0,0
"exp1","three_prime_UTR","CHG","acute",27.5,0,0,0
"exp1","three_prime_UTR","CHG","acute",32.5,0,0,0
"exp1","three_prime_UTR","CHG","acute",37.5,0,0,0
"exp1","three_prime_UTR","CHG","acute",42.5,0,0,0
"exp1","three_prime_UTR","CHG","acute",47.5,0,0,0
"exp1","three_prime_UTR","CHG","acute",52.5,0,0,0
"exp1","three_prime_UTR","CHG","acute",57.5,0,0,0
"exp1","three_prime_UTR","CHG","acute",62.5,0,0,0
"exp1","three_prime_UTR","CHG","acute",67.5,0,0,0
"exp1","three_prime_UTR","CHG","acute",72.5,0,0,0
"exp1","three_prime_UTR","CHG","acute",77.5,0,0,0
"exp1","three_prime_UTR","CHG","acute",82.5,0,0,0
"exp1","three_prime_UTR","CHG","acute",87.5,0,0,0
"exp1","three_prime_UTR","CHG","acute",92.5,0,0,0
"exp1","three_prime_UTR","CHG","acute",97.5,0,0,0
"exp1","three_prime_UTR","CHH","control",2.5,442.333333333333,260,572
"exp1","three_prime_UTR","CHH","control",7.5,7.66666666666667,3,16
"exp1","three_prime_UTR","CHH","control",12.5,1.33333333333333,0,4
"exp1","three_prime_UTR","CHH","control",17.5,1.33333333333333,0,4
"exp1","three_prime_UTR","CHH","control",22.5,0,0,0
"exp1","three_prime_UTR","CHH","control",27.5,0,0,0
"exp1","three_prime_UTR","CHH","control",32.5,0.333333333333333,0,1
"exp1","three_prime_UTR","CHH","control",37.5,0,0,0
"exp1","three_prime_UTR","CHH","control",42.5,0,0,0
"exp1","three_prime_UTR","CHH","control",47.5,0,0,0
"exp1","three_prime_UTR","CHH","control",52.5,0,0,0
"exp1","three_prime_UTR","CHH","control",57.5,0,0,0
"exp1","three_prime_UTR","CHH","control",62.5,0,0,0
"exp1","three_prime_UTR","CHH","control",67.5,0,0,0
"exp1","three_prime_UTR","CHH","control",72.5,0,0,0
"exp1","three_prime_UTR","CHH","control",77.5,0,0,0
"exp1","three_prime_UTR","CHH","control",82.5,0,0,0
"exp1","three_prime_UTR","CHH","control",87.5,0,0,0
"exp1","three_prime_UTR","CHH","control",92.5,0,0,0
"exp1","three_prime_UTR","CHH","control",97.5,0,0,0
"exp1","three_prime_UTR","CHH","acute",2.5,208.666666666667,138,335
"exp1","three_prime_UTR","CHH","acute",7.5,4.66666666666667,3,6
"exp1","three_prime_UTR","CHH","acute",12.5,0,0,0
"exp1","three_prime_UTR","CHH","acute",17.5,0,0,0
"exp1","three_prime_UTR","CHH","acute",22.5,0,0,0
"exp1","three_prime_UTR","CHH","acute",27.5,0,0,0
"exp1","three_prime_UTR","CHH","acute",32.5,0,0,0
"exp1","three_prime_UTR","CHH","acute",37.5,0,0,0
"exp1","three_prime_UTR","CHH","acute",42.5,0,0,0
"exp1","three_prime_UTR","CHH","acute",47.5,0,0,0
"exp1","three_prime_UTR","CHH","acute",52.5,0,0,0
"exp1","three_prime_UTR","CHH","acute",57.5,0,0,0
"exp1","three_prime_UTR","CHH","acute",62.5,0,0,0
"exp1","three_prime_UTR","CHH","acute",67.5,0,0,0
"exp1","three_prime_UTR","CHH","acute",72.5,0,0,0
"exp1","three_prime_UTR","CHH","acute",77.5,0,0,0
"exp1","three_prime_UTR","CHH","acute",82.5,0,0,0
"exp1","three_prime_UTR","CHH","acute",87.5,0,0,0
"exp1","three_prime_UTR","CHH","acute",92.5,0,0,0
"exp1","three_prime_UTR","CHH","acute",97.5,0,0,0
"exp2","dispersed_repeat","CpG","naïve",2.5,7961,4877,12772
"exp2","dispersed_repeat","CpG","naïve",7.5,343,236,496
"exp2","dispersed_repeat","CpG","naïve",12.5,98.25,76,141
"exp2","dispersed_repeat","CpG","naïve",17.5,129,70,202
"exp2","dispersed_repeat","CpG","naïve",22.5,60.75,31,92
"exp2","dispersed_repeat","CpG","naïve",27.5,88.25,60,121
"exp2","dispersed_repeat","CpG","naïve",32.5,41.25,28,57
"exp2","dispersed_repeat","CpG","naïve",37.5,73,36,115
"exp2","dispersed_repeat","CpG","naïve",42.5,32.75,22,46
"exp2","dispersed_repeat","CpG","naïve",47.5,56.75,40,96
"exp2","dispersed_repeat","CpG","naïve",52.5,25.75,17,32
"exp2","dispersed_repeat","CpG","naïve",57.5,44,22,70
"exp2","dispersed_repeat","CpG","naïve",62.5,26.5,18,38
"exp2","dispersed_repeat","CpG","naïve",67.5,44,24,71
"exp2","dispersed_repeat","CpG","naïve",72.5,28,19,47
"exp2","dispersed_repeat","CpG","naïve",77.5,41.25,20,79
"exp2","dispersed_repeat","CpG","naïve",82.5,32.5,18,57
"exp2","dispersed_repeat","CpG","naïve",87.5,52,27,105
"exp2","dispersed_repeat","CpG","naïve",92.5,40.75,20,82
"exp2","dispersed_repeat","CpG","naïve",97.5,153,54,318
"exp2","dispersed_repeat","CpG","primed",2.5,5622,3616,9362
"exp2","dispersed_repeat","CpG","primed",7.5,273,155,467
"exp2","dispersed_repeat","CpG","primed",12.5,74,44,122
"exp2","dispersed_repeat","CpG","primed",17.5,87.5,62,122
"exp2","dispersed_repeat","CpG","primed",22.5,53,44,80
"exp2","dispersed_repeat","CpG","primed",27.5,68,47,111
"exp2","dispersed_repeat","CpG","primed",32.5,36.75,26,62
"exp2","dispersed_repeat","CpG","primed",37.5,60,33,80
"exp2","dispersed_repeat","CpG","primed",42.5,25.75,18,37
"exp2","dispersed_repeat","CpG","primed",47.5,53.75,39,73
"exp2","dispersed_repeat","CpG","primed",52.5,21.5,12,31
"exp2","dispersed_repeat","CpG","primed",57.5,42.75,27,61
"exp2","dispersed_repeat","CpG","primed",62.5,26.75,19,39
"exp2","dispersed_repeat","CpG","primed",67.5,27.25,16,59
"exp2","dispersed_repeat","CpG","primed",72.5,24.5,20,29
"exp2","dispersed_repeat","CpG","primed",77.5,34,20,66
"exp2","dispersed_repeat","CpG","primed",82.5,22.25,14,36
"exp2","dispersed_repeat","CpG","primed",87.5,38,25,72
"exp2","dispersed_repeat","CpG","primed",92.5,24.5,17,41
"exp2","dispersed_repeat","CpG","primed",97.5,100.75,42,220
"exp2","dispersed_repeat","CHG","naïve",2.5,9625.25,5869,15520
"exp2","dispersed_repeat","CHG","naïve",7.5,181.75,120,250
"exp2","dispersed_repeat","CHG","naïve",12.5,14,10,22
"exp2","dispersed_repeat","CHG","naïve",17.5,13.25,5,28
"exp2","dispersed_repeat","CHG","naïve",22.5,4,1,6
"exp2","dispersed_repeat","CHG","naïve",27.5,1.5,0,4
"exp2","dispersed_repeat","CHG","naïve",32.5,0.75,0,2
"exp2","dispersed_repeat","CHG","naïve",37.5,1.5,1,2
"exp2","dispersed_repeat","CHG","naïve",42.5,0.5,0,2
"exp2","dispersed_repeat","CHG","naïve",47.5,1.25,0,3
"exp2","dispersed_repeat","CHG","naïve",52.5,0,0,0
"exp2","dispersed_repeat","CHG","naïve",57.5,0.25,0,1
"exp2","dispersed_repeat","CHG","naïve",62.5,0,0,0
"exp2","dispersed_repeat","CHG","naïve",67.5,0,0,0
"exp2","dispersed_repeat","CHG","naïve",72.5,0,0,0
"exp2","dispersed_repeat","CHG","naïve",77.5,0,0,0
"exp2","dispersed_repeat","CHG","naïve",82.5,0,0,0
"exp2","dispersed_repeat","CHG","naïve",87.5,0,0,0
"exp2","dispersed_repeat","CHG","naïve",92.5,0,0,0
"exp2","dispersed_repeat","CHG","naïve",97.5,0,0,0
"exp2","dispersed_repeat","CHG","primed",2.5,6834.75,4451,11324
"exp2","dispersed_repeat","CHG","primed",7.5,154.75,86,311
"exp2","dispersed_repeat","CHG","primed",12.5,12.75,8,20
"exp2","dispersed_repeat","CHG","primed",17.5,10.5,4,21
"exp2","dispersed_repeat","CHG","primed",22.5,2,0,4
"exp2","dispersed_repeat","CHG","primed",27.5,3.25,0,8
"exp2","dispersed_repeat","CHG","primed",32.5,0.25,0,1
"exp2","dispersed_repeat","CHG","primed",37.5,1.25,0,3
"exp2","dispersed_repeat","CHG","primed",42.5,0.25,0,1
"exp2","dispersed_repeat","CHG","primed",47.5,1.25,0,3
"exp2","dispersed_repeat","CHG","primed",52.5,0.5,0,2
"exp2","dispersed_repeat","CHG","primed",57.5,0.75,0,2
"exp2","dispersed_repeat","CHG","primed",62.5,0,0,0
"exp2","dispersed_repeat","CHG","primed",67.5,0.75,0,2
"exp2","dispersed_repeat","CHG","primed",72.5,0,0,0
"exp2","dispersed_repeat","CHG","primed",77.5,0,0,0
"exp2","dispersed_repeat","CHG","primed",82.5,0,0,0
"exp2","dispersed_repeat","CHG","primed",87.5,0.5,0,2
"exp2","dispersed_repeat","CHG","primed",92.5,0,0,0
"exp2","dispersed_repeat","CHG","primed",97.5,0,0,0
"exp2","dispersed_repeat","CHH","naïve",2.5,12911.75,7633,21121
"exp2","dispersed_repeat","CHH","naïve",7.5,258.75,174,379
"exp2","dispersed_repeat","CHH","naïve",12.5,17.5,10,26
"exp2","dispersed_repeat","CHH","naïve",17.5,15,4,29
"exp2","dispersed_repeat","CHH","naïve",22.5,3.5,1,6
"exp2","dispersed_repeat","CHH","naïve",27.5,1.75,0,5
"exp2","dispersed_repeat","CHH","naïve",32.5,0.25,0,1
"exp2","dispersed_repeat","CHH","naïve",37.5,1.25,0,4
"exp2","dispersed_repeat","CHH","naïve",42.5,0,0,0
"exp2","dispersed_repeat","CHH","naïve",47.5,0.75,0,1
"exp2","dispersed_repeat","CHH","naïve",52.5,0.5,0,2
"exp2","dispersed_repeat","CHH","naïve",57.5,0,0,0
"exp2","dispersed_repeat","CHH","naïve",62.5,0.25,0,1
"exp2","dispersed_repeat","CHH","naïve",67.5,0,0,0
"exp2","dispersed_repeat","CHH","naïve",72.5,0,0,0
"exp2","dispersed_repeat","CHH","naïve",77.5,0,0,0
"exp2","dispersed_repeat","CHH","naïve",82.5,0,0,0
"exp2","dispersed_repeat","CHH","naïve",87.5,0,0,0
"exp2","dispersed_repeat","CHH","naïve",92.5,0,0,0
"exp2","dispersed_repeat","CHH","naïve",97.5,0,0,0
"exp2","dispersed_repeat","CHH","primed",2.5,9307,6080,15485
"exp2","dispersed_repeat","CHH","primed",7.5,226.75,149,407
"exp2","dispersed_repeat","CHH","primed",12.5,19.25,6,42
"exp2","dispersed_repeat","CHH","primed",17.5,15.25,11,26
"exp2","dispersed_repeat","CHH","primed",22.5,3,1,4
"exp2","dispersed_repeat","CHH","primed",27.5,3.75,0,10
"exp2","dispersed_repeat","CHH","primed",32.5,1.5,0,3
"exp2","dispersed_repeat","CHH","primed",37.5,3.75,1,11
"exp2","dispersed_repeat","CHH","primed",42.5,0,0,0
"exp2","dispersed_repeat","CHH","primed",47.5,1.5,0,3
"exp2","dispersed_repeat","CHH","primed",52.5,0.5,0,2
"exp2","dispersed_repeat","CHH","primed",57.5,0,0,0
"exp2","dispersed_repeat","CHH","primed",62.5,0,0,0
"exp2","dispersed_repeat","CHH","primed",67.5,0.5,0,1
"exp2","dispersed_repeat","CHH","primed",72.5,0,0,0
"exp2","dispersed_repeat","CHH","primed",77.5,0,0,0
"exp2","dispersed_repeat","CHH","primed",82.5,0,0,0
"exp2","dispersed_repeat","CHH","primed",87.5,0,0,0
"exp2","dispersed_repeat","CHH","primed",92.5,0,0,0
"exp2","dispersed_repeat","CHH","primed",97.5,0,0,0
"exp2","downstream_region","CpG","naïve",2.5,1340.75,730,2330
"exp2","downstream_region","CpG","naïve",7.5,53.75,36,74
"exp2","downstream_region","CpG","naïve",12.5,16,7,24
"exp2","downstream_region","CpG","naïve",17.5,20.5,11,34
"exp2","downstream_region","CpG","naïve",22.5,13.5,6,17
"exp2","downstream_region","CpG","naïve",27.5,18.25,15,22
"exp2","downstream_region","CpG","naïve",32.5,10.75,7,15
"exp2","downstream_region","CpG","naïve",37.5,12.75,3,23
"exp2","downstream_region","CpG","naïve",42.5,7.5,2,12
"exp2","downstream_region","CpG","naïve",47.5,13.5,6,21
"exp2","downstream_region","CpG","naïve",52.5,5.5,2,10
"exp2","downstream_region","CpG","naïve",57.5,8.5,3,15
"exp2","downstream_region","CpG","naïve",62.5,4,2,5
"exp2","downstream_region","CpG","naïve",67.5,8.75,5,12
"exp2","downstream_region","CpG","naïve",72.5,6.5,4,9
"exp2","downstream_region","CpG","naïve",77.5,7.5,4,11
"exp2","downstream_region","CpG","naïve",82.5,6.75,3,14
"exp2","downstream_region","CpG","naïve",87.5,12.5,1,29
"exp2","downstream_region","CpG","naïve",92.5,5,1,13
"exp2","downstream_region","CpG","naïve",97.5,24.5,10,51
"exp2","downstream_region","CpG","primed",2.5,889.5,524,1577
"exp2","downstream_region","CpG","primed",7.5,48.25,31,84
"exp2","downstream_region","CpG","primed",12.5,13,8,16
"exp2","downstream_region","CpG","primed",17.5,21,16,33
"exp2","downstream_region","CpG","primed",22.5,10.75,7,17
"exp2","downstream_region","CpG","primed",27.5,11,6,15
"exp2","downstream_region","CpG","primed",32.5,6.75,4,9
"exp2","downstream_region","CpG","primed",37.5,9.75,7,14
"exp2","downstream_region","CpG","primed",42.5,5.5,2,11
"exp2","downstream_region","CpG","primed",47.5,8.75,5,14
"exp2","downstream_region","CpG","primed",52.5,5.75,4,7
"exp2","downstream_region","CpG","primed",57.5,4.25,2,7
"exp2","downstream_region","CpG","primed",62.5,4.5,0,10
"exp2","downstream_region","CpG","primed",67.5,5.25,4,6
"exp2","downstream_region","CpG","primed",72.5,5.5,3,8
"exp2","downstream_region","CpG","primed",77.5,8.5,3,16
"exp2","downstream_region","CpG","primed",82.5,6.5,4,9
"exp2","downstream_region","CpG","primed",87.5,9.75,6,19
"exp2","downstream_region","CpG","primed",92.5,5.5,2,8
"exp2","downstream_region","CpG","primed",97.5,15.75,9,30
"exp2","downstream_region","CHG","naïve",2.5,1709.5,960,2947
"exp2","downstream_region","CHG","naïve",7.5,30.25,11,43
"exp2","downstream_region","CHG","naïve",12.5,0.5,0,1
"exp2","downstream_region","CHG","naïve",17.5,1,0,3
"exp2","downstream_region","CHG","naïve",22.5,0.5,0,1
"exp2","downstream_region","CHG","naïve",27.5,0,0,0
"exp2","downstream_region","CHG","naïve",32.5,0.25,0,1
"exp2","downstream_region","CHG","naïve",37.5,0.25,0,1
"exp2","downstream_region","CHG","naïve",42.5,0,0,0
"exp2","downstream_region","CHG","naïve",47.5,0,0,0
"exp2","downstream_region","CHG","naïve",52.5,0,0,0
"exp2","downstream_region","CHG","naïve",57.5,0,0,0
"exp2","downstream_region","CHG","naïve",62.5,0,0,0
"exp2","downstream_region","CHG","naïve",67.5,0,0,0
"exp2","downstream_region","CHG","naïve",72.5,0,0,0
"exp2","downstream_region","CHG","naïve",77.5,0,0,0
"exp2","downstream_region","CHG","naïve",82.5,0,0,0
"exp2","downstream_region","CHG","naïve",87.5,0,0,0
"exp2","downstream_region","CHG","naïve",92.5,0,0,0
"exp2","downstream_region","CHG","naïve",97.5,0,0,0
"exp2","downstream_region","CHG","primed",2.5,1173.5,688,2043
"exp2","downstream_region","CHG","primed",7.5,24.25,11,53
"exp2","downstream_region","CHG","primed",12.5,0.75,0,2
"exp2","downstream_region","CHG","primed",17.5,1,0,2
"exp2","downstream_region","CHG","primed",22.5,0,0,0
"exp2","downstream_region","CHG","primed",27.5,0.5,0,2
"exp2","downstream_region","CHG","primed",32.5,0,0,0
"exp2","downstream_region","CHG","primed",37.5,0,0,0
"exp2","downstream_region","CHG","primed",42.5,0,0,0
"exp2","downstream_region","CHG","primed",47.5,0,0,0
"exp2","downstream_region","CHG","primed",52.5,0,0,0
"exp2","downstream_region","CHG","primed",57.5,0,0,0
"exp2","downstream_region","CHG","primed",62.5,0,0,0
"exp2","downstream_region","CHG","primed",67.5,0,0,0
"exp2","downstream_region","CHG","primed",72.5,0,0,0
"exp2","downstream_region","CHG","primed",77.5,0,0,0
"exp2","downstream_region","CHG","primed",82.5,0,0,0
"exp2","downstream_region","CHG","primed",87.5,0,0,0
"exp2","downstream_region","CHG","primed",92.5,0,0,0
"exp2","downstream_region","CHG","primed",97.5,0,0,0
"exp2","downstream_region","CHH","naïve",2.5,2246,1224,3895
"exp2","downstream_region","CHH","naïve",7.5,37.25,11,60
"exp2","downstream_region","CHH","naïve",12.5,1,0,2
"exp2","downstream_region","CHH","naïve",17.5,0.25,0,1
"exp2","downstream_region","CHH","naïve",22.5,0,0,0
"exp2","downstream_region","CHH","naïve",27.5,0.5,0,1
"exp2","downstream_region","CHH","naïve",32.5,0,0,0
"exp2","downstream_region","CHH","naïve",37.5,0,0,0
"exp2","downstream_region","CHH","naïve",42.5,0,0,0
"exp2","downstream_region","CHH","naïve",47.5,0,0,0
"exp2","downstream_region","CHH","naïve",52.5,0,0,0
"exp2","downstream_region","CHH","naïve",57.5,0,0,0
"exp2","downstream_region","CHH","naïve",62.5,0,0,0
"exp2","downstream_region","CHH","naïve",67.5,0,0,0
"exp2","downstream_region","CHH","naïve",72.5,0,0,0
"exp2","downstream_region","CHH","naïve",77.5,0,0,0
"exp2","downstream_region","CHH","naïve",82.5,0,0,0
"exp2","downstream_region","CHH","naïve",87.5,0,0,0
"exp2","downstream_region","CHH","naïve",92.5,0,0,0
"exp2","downstream_region","CHH","naïve",97.5,0,0,0
"exp2","downstream_region","CHH","primed",2.5,1558.75,928,2759
"exp2","downstream_region","CHH","primed",7.5,33.5,21,63
"exp2","downstream_region","CHH","primed",12.5,1.75,0,4
"exp2","downstream_region","CHH","primed",17.5,1,0,2
"exp2","downstream_region","CHH","primed",22.5,0.5,0,1
"exp2","downstream_region","CHH","primed",27.5,0,0,0
"exp2","downstream_region","CHH","primed",32.5,0,0,0
"exp2","downstream_region","CHH","primed",37.5,0.25,0,1
"exp2","downstream_region","CHH","primed",42.5,0,0,0
"exp2","downstream_region","CHH","primed",47.5,0,0,0
"exp2","downstream_region","CHH","primed",52.5,0,0,0
"exp2","downstream_region","CHH","primed",57.5,0,0,0
"exp2","downstream_region","CHH","primed",62.5,0,0,0
"exp2","downstream_region","CHH","primed",67.5,0,0,0
"exp2","downstream_region","CHH","primed",72.5,0,0,0
"exp2","downstream_region","CHH","primed",77.5,0,0,0
"exp2","downstream_region","CHH","primed",82.5,0,0,0
"exp2","downstream_region","CHH","primed",87.5,0,0,0
"exp2","downstream_region","CHH","primed",92.5,0,0,0
"exp2","downstream_region","CHH","primed",97.5,0,0,0
"exp2","exon","CpG","naïve",2.5,3751.25,1946,6698
"exp2","exon","CpG","naïve",7.5,136,85,229
"exp2","exon","CpG","naïve",12.5,23.75,19,31
"exp2","exon","CpG","naïve",17.5,48,34,66
"exp2","exon","CpG","naïve",22.5,23.25,12,45
"exp2","exon","CpG","naïve",27.5,28.5,15,42
"exp2","exon","CpG","naïve",32.5,18.5,13,29
"exp2","exon","CpG","naïve",37.5,28.5,25,38
"exp2","exon","CpG","naïve",42.5,12.25,8,22
"exp2","exon","CpG","naïve",47.5,32.75,19,49
"exp2","exon","CpG","naïve",52.5,16.5,13,23
"exp2","exon","CpG","naïve",57.5,22.5,12,46
"exp2","exon","CpG","naïve",62.5,15.5,8,23
"exp2","exon","CpG","naïve",67.5,27,19,45
"exp2","exon","CpG","naïve",72.5,17,8,31
"exp2","exon","CpG","naïve",77.5,35,13,72
"exp2","exon","CpG","naïve",82.5,25.25,11,52
"exp2","exon","CpG","naïve",87.5,51.75,18,108
"exp2","exon","CpG","naïve",92.5,38.75,19,75
"exp2","exon","CpG","naïve",97.5,166,66,369
"exp2","exon","CpG","primed",2.5,2405.5,1240,4836
"exp2","exon","CpG","primed",7.5,90.75,44,172
"exp2","exon","CpG","primed",12.5,20.5,16,28
"exp2","exon","CpG","primed",17.5,28.25,19,48
"exp2","exon","CpG","primed",22.5,15.25,9,25
"exp2","exon","CpG","primed",27.5,24.5,17,36
"exp2","exon","CpG","primed",32.5,14,8,28
"exp2","exon","CpG","primed",37.5,21.25,13,36
"exp2","exon","CpG","primed",42.5,10.75,4,21
"exp2","exon","CpG","primed",47.5,24,11,52
"exp2","exon","CpG","primed",52.5,7,5,8
"exp2","exon","CpG","primed",57.5,12.5,6,18
"exp2","exon","CpG","primed",62.5,9.25,4,16
"exp2","exon","CpG","primed",67.5,20,13,37
"exp2","exon","CpG","primed",72.5,11.25,8,20
"exp2","exon","CpG","primed",77.5,18.75,9,35
"exp2","exon","CpG","primed",82.5,10.25,2,19
"exp2","exon","CpG","primed",87.5,33.75,17,70
"exp2","exon","CpG","primed",92.5,26,20,40
"exp2","exon","CpG","primed",97.5,110,39,238
"exp2","exon","CHG","naïve",2.5,5199.5,2684,9440
"exp2","exon","CHG","naïve",7.5,90.75,34,161
"exp2","exon","CHG","naïve",12.5,2.75,2,4
"exp2","exon","CHG","naïve",17.5,2.75,1,6
"exp2","exon","CHG","naïve",22.5,0.5,0,2
"exp2","exon","CHG","naïve",27.5,0.75,0,3
"exp2","exon","CHG","naïve",32.5,0,0,0
"exp2","exon","CHG","naïve",37.5,0,0,0
"exp2","exon","CHG","naïve",42.5,0,0,0
"exp2","exon","CHG","naïve",47.5,0,0,0
"exp2","exon","CHG","naïve",52.5,0,0,0
"exp2","exon","CHG","naïve",57.5,0,0,0
"exp2","exon","CHG","naïve",62.5,0,0,0
"exp2","exon","CHG","naïve",67.5,0,0,0
"exp2","exon","CHG","naïve",72.5,0,0,0
"exp2","exon","CHG","naïve",77.5,0,0,0
"exp2","exon","CHG","naïve",82.5,0,0,0
"exp2","exon","CHG","naïve",87.5,0,0,0
"exp2","exon","CHG","naïve",92.5,0,0,0
"exp2","exon","CHG","naïve",97.5,0,0,0
"exp2","exon","CHG","primed",2.5,3340.5,1760,6545
"exp2","exon","CHG","primed",7.5,70.5,29,150
"exp2","exon","CHG","primed",12.5,3.25,2,4
"exp2","exon","CHG","primed",17.5,2.25,0,6
"exp2","exon","CHG","primed",22.5,0,0,0
"exp2","exon","CHG","primed",27.5,0.25,0,1
"exp2","exon","CHG","primed",32.5,0.25,0,1
"exp2","exon","CHG","primed",37.5,0.5,0,1
"exp2","exon","CHG","primed",42.5,0,0,0
"exp2","exon","CHG","primed",47.5,0,0,0
"exp2","exon","CHG","primed",52.5,0,0,0
"exp2","exon","CHG","primed",57.5,0,0,0
"exp2","exon","CHG","primed",62.5,0,0,0
"exp2","exon","CHG","primed",67.5,0,0,0
"exp2","exon","CHG","primed",72.5,0,0,0
"exp2","exon","CHG","primed",77.5,0,0,0
"exp2","exon","CHG","primed",82.5,0,0,0
"exp2","exon","CHG","primed",87.5,0,0,0
"exp2","exon","CHG","primed",92.5,0,0,0
"exp2","exon","CHG","primed",97.5,0,0,0
"exp2","exon","CHH","naïve",2.5,6562.75,3378,11941
"exp2","exon","CHH","naïve",7.5,110.25,50,190
"exp2","exon","CHH","naïve",12.5,2.75,2,5
"exp2","exon","CHH","naïve",17.5,4,3,6
"exp2","exon","CHH","naïve",22.5,0.25,0,1
"exp2","exon","CHH","naïve",27.5,0,0,0
"exp2","exon","CHH","naïve",32.5,0,0,0
"exp2","exon","CHH","naïve",37.5,0,0,0
"exp2","exon","CHH","naïve",42.5,0,0,0
"exp2","exon","CHH","naïve",47.5,0,0,0
"exp2","exon","CHH","naïve",52.5,0,0,0
"exp2","exon","CHH","naïve",57.5,0,0,0
"exp2","exon","CHH","naïve",62.5,0,0,0
"exp2","exon","CHH","naïve",67.5,0,0,0
"exp2","exon","CHH","naïve",72.5,0,0,0
"exp2","exon","CHH","naïve",77.5,0,0,0
"exp2","exon","CHH","naïve",82.5,0,0,0
"exp2","exon","CHH","naïve",87.5,0,0,0
"exp2","exon","CHH","naïve",92.5,0,0,0
"exp2","exon","CHH","naïve",97.5,0,0,0
"exp2","exon","CHH","primed",2.5,4200.5,2232,8258
"exp2","exon","CHH","primed",7.5,93.25,43,203
"exp2","exon","CHH","primed",12.5,1.5,0,4
"exp2","exon","CHH","primed",17.5,3.25,0,5
"exp2","exon","CHH","primed",22.5,0.25,0,1
"exp2","exon","CHH","primed",27.5,0,0,0
"exp2","exon","CHH","primed",32.5,0,0,0
"exp2","exon","CHH","primed",37.5,0.5,0,1
"exp2","exon","CHH","primed",42.5,0,0,0
"exp2","exon","CHH","primed",47.5,0,0,0
"exp2","exon","CHH","primed",52.5,0,0,0
"exp2","exon","CHH","primed",57.5,0,0,0
"exp2","exon","CHH","primed",62.5,0,0,0
"exp2","exon","CHH","primed",67.5,0,0,0
"exp2","exon","CHH","primed",72.5,0,0,0
"exp2","exon","CHH","primed",77.5,0,0,0
"exp2","exon","CHH","primed",82.5,0,0,0
"exp2","exon","CHH","primed",87.5,0,0,0
"exp2","exon","CHH","primed",92.5,0,0,0
"exp2","exon","CHH","primed",97.5,0,0,0
"exp2","five_prime_UTR","CpG","naïve",2.5,190.25,77,372
"exp2","five_prime_UTR","CpG","naïve",7.5,4.5,3,7
"exp2","five_prime_UTR","CpG","naïve",12.5,0.25,0,1
"exp2","five_prime_UTR","CpG","naïve",17.5,1.5,0,2
"exp2","five_prime_UTR","CpG","naïve",22.5,0.5,0,2
"exp2","five_prime_UTR","CpG","naïve",27.5,0.25,0,1
"exp2","five_prime_UTR","CpG","naïve",32.5,1.25,0,2
"exp2","five_prime_UTR","CpG","naïve",37.5,0.5,0,2
"exp2","five_prime_UTR","CpG","naïve",42.5,1.25,0,2
"exp2","five_prime_UTR","CpG","naïve",47.5,0.75,0,1
"exp2","five_prime_UTR","CpG","naïve",52.5,0.25,0,1
"exp2","five_prime_UTR","CpG","naïve",57.5,0,0,0
"exp2","five_prime_UTR","CpG","naïve",62.5,0.25,0,1
"exp2","five_prime_UTR","CpG","naïve",67.5,0,0,0
"exp2","five_prime_UTR","CpG","naïve",72.5,0,0,0
"exp2","five_prime_UTR","CpG","naïve",77.5,0.75,0,2
"exp2","five_prime_UTR","CpG","naïve",82.5,0.5,0,2
"exp2","five_prime_UTR","CpG","naïve",87.5,0.5,0,1
"exp2","five_prime_UTR","CpG","naïve",92.5,0,0,0
"exp2","five_prime_UTR","CpG","naïve",97.5,2.5,0,5
"exp2","five_prime_UTR","CpG","primed",2.5,121.75,45,267
"exp2","five_prime_UTR","CpG","primed",7.5,3,1,9
"exp2","five_prime_UTR","CpG","primed",12.5,0,0,0
"exp2","five_prime_UTR","CpG","primed",17.5,0.5,0,1
"exp2","five_prime_UTR","CpG","primed",22.5,0.25,0,1
"exp2","five_prime_UTR","CpG","primed",27.5,0.25,0,1
"exp2","five_prime_UTR","CpG","primed",32.5,0,0,0
"exp2","five_prime_UTR","CpG","primed",37.5,0.25,0,1
"exp2","five_prime_UTR","CpG","primed",42.5,0,0,0
"exp2","five_prime_UTR","CpG","primed",47.5,0.5,0,1
"exp2","five_prime_UTR","CpG","primed",52.5,0.25,0,1
"exp2","five_prime_UTR","CpG","primed",57.5,0.25,0,1
"exp2","five_prime_UTR","CpG","primed",62.5,0.25,0,1
"exp2","five_prime_UTR","CpG","primed",67.5,1,0,2
"exp2","five_prime_UTR","CpG","primed",72.5,0.75,0,3
"exp2","five_prime_UTR","CpG","primed",77.5,0.5,0,1
"exp2","five_prime_UTR","CpG","primed",82.5,0,0,0
"exp2","five_prime_UTR","CpG","primed",87.5,1,0,4
"exp2","five_prime_UTR","CpG","primed",92.5,0,0,0
"exp2","five_prime_UTR","CpG","primed",97.5,2.5,1,4
"exp2","five_prime_UTR","CHG","naïve",2.5,207.25,75,423
"exp2","five_prime_UTR","CHG","naïve",7.5,4.5,0,10
"exp2","five_prime_UTR","CHG","naïve",12.5,0,0,0
"exp2","five_prime_UTR","CHG","naïve",17.5,0,0,0
"exp2","five_prime_UTR","CHG","naïve",22.5,0,0,0
"exp2","five_prime_UTR","CHG","naïve",27.5,0,0,0
"exp2","five_prime_UTR","CHG","naïve",32.5,0,0,0
"exp2","five_prime_UTR","CHG","naïve",37.5,0,0,0
"exp2","five_prime_UTR","CHG","naïve",42.5,0,0,0
"exp2","five_prime_UTR","CHG","naïve",47.5,0,0,0
"exp2","five_prime_UTR","CHG","naïve",52.5,0,0,0
"exp2","five_prime_UTR","CHG","naïve",57.5,0,0,0
"exp2","five_prime_UTR","CHG","naïve",62.5,0,0,0
"exp2","five_prime_UTR","CHG","naïve",67.5,0,0,0
"exp2","five_prime_UTR","CHG","naïve",72.5,0,0,0
"exp2","five_prime_UTR","CHG","naïve",77.5,0,0,0
"exp2","five_prime_UTR","CHG","naïve",82.5,0,0,0
"exp2","five_prime_UTR","CHG","naïve",87.5,0,0,0
"exp2","five_prime_UTR","CHG","naïve",92.5,0,0,0
"exp2","five_prime_UTR","CHG","naïve",97.5,0,0,0
"exp2","five_prime_UTR","CHG","primed",2.5,133.25,53,288
"exp2","five_prime_UTR","CHG","primed",7.5,3,0,8
"exp2","five_prime_UTR","CHG","primed",12.5,0.25,0,1
"exp2","five_prime_UTR","CHG","primed",17.5,0,0,0
"exp2","five_prime_UTR","CHG","primed",22.5,0,0,0
"exp2","five_prime_UTR","CHG","primed",27.5,0,0,0
"exp2","five_prime_UTR","CHG","primed",32.5,0,0,0
"exp2","five_prime_UTR","CHG","primed",37.5,0,0,0
"exp2","five_prime_UTR","CHG","primed",42.5,0,0,0
"exp2","five_prime_UTR","CHG","primed",47.5,0,0,0
"exp2","five_prime_UTR","CHG","primed",52.5,0,0,0
"exp2","five_prime_UTR","CHG","primed",57.5,0,0,0
"exp2","five_prime_UTR","CHG","primed",62.5,0,0,0
"exp2","five_prime_UTR","CHG","primed",67.5,0,0,0
"exp2","five_prime_UTR","CHG","primed",72.5,0,0,0
"exp2","five_prime_UTR","CHG","primed",77.5,0,0,0
"exp2","five_prime_UTR","CHG","primed",82.5,0,0,0
"exp2","five_prime_UTR","CHG","primed",87.5,0,0,0
"exp2","five_prime_UTR","CHG","primed",92.5,0,0,0
"exp2","five_prime_UTR","CHG","primed",97.5,0,0,0
"exp2","five_prime_UTR","CHH","naïve",2.5,295.75,144,567
"exp2","five_prime_UTR","CHH","naïve",7.5,9.25,5,18
"exp2","five_prime_UTR","CHH","naïve",12.5,0,0,0
"exp2","five_prime_UTR","CHH","naïve",17.5,0,0,0
"exp2","five_prime_UTR","CHH","naïve",22.5,0,0,0
"exp2","five_prime_UTR","CHH","naïve",27.5,0,0,0
"exp2","five_prime_UTR","CHH","naïve",32.5,0,0,0
"exp2","five_prime_UTR","CHH","naïve",37.5,0,0,0
"exp2","five_prime_UTR","CHH","naïve",42.5,0,0,0
"exp2","five_prime_UTR","CHH","naïve",47.5,0,0,0
"exp2","five_prime_UTR","CHH","naïve",52.5,0,0,0
"exp2","five_prime_UTR","CHH","naïve",57.5,0,0,0
"exp2","five_prime_UTR","CHH","naïve",62.5,0,0,0
"exp2","five_prime_UTR","CHH","naïve",67.5,0,0,0
"exp2","five_prime_UTR","CHH","naïve",72.5,0,0,0
"exp2","five_prime_UTR","CHH","naïve",77.5,0,0,0
"exp2","five_prime_UTR","CHH","naïve",82.5,0,0,0
"exp2","five_prime_UTR","CHH","naïve",87.5,0,0,0
"exp2","five_prime_UTR","CHH","naïve",92.5,0,0,0
"exp2","five_prime_UTR","CHH","naïve",97.5,0,0,0
"exp2","five_prime_UTR","CHH","primed",2.5,183.75,75,412
"exp2","five_prime_UTR","CHH","primed",7.5,3.25,1,8
"exp2","five_prime_UTR","CHH","primed",12.5,0.25,0,1
"exp2","five_prime_UTR","CHH","primed",17.5,0,0,0
"exp2","five_prime_UTR","CHH","primed",22.5,0,0,0
"exp2","five_prime_UTR","CHH","primed",27.5,0,0,0
"exp2","five_prime_UTR","CHH","primed",32.5,0,0,0
"exp2","five_prime_UTR","CHH","primed",37.5,0,0,0
"exp2","five_prime_UTR","CHH","primed",42.5,0,0,0
"exp2","five_prime_UTR","CHH","primed",47.5,0,0,0
"exp2","five_prime_UTR","CHH","primed",52.5,0,0,0
"exp2","five_prime_UTR","CHH","primed",57.5,0,0,0
"exp2","five_prime_UTR","CHH","primed",62.5,0,0,0
"exp2","five_prime_UTR","CHH","primed",67.5,0,0,0
"exp2","five_prime_UTR","CHH","primed",72.5,0,0,0
"exp2","five_prime_UTR","CHH","primed",77.5,0,0,0
"exp2","five_prime_UTR","CHH","primed",82.5,0,0,0
"exp2","five_prime_UTR","CHH","primed",87.5,0,0,0
"exp2","five_prime_UTR","CHH","primed",92.5,0,0,0
"exp2","five_prime_UTR","CHH","primed",97.5,0,0,0
"exp2","gene","CpG","naïve",2.5,3891.25,2112,6656
"exp2","gene","CpG","naïve",7.5,162.25,114,254
"exp2","gene","CpG","naïve",12.5,62.25,35,115
"exp2","gene","CpG","naïve",17.5,71,46,103
"exp2","gene","CpG","naïve",22.5,45.75,29,66
"exp2","gene","CpG","naïve",27.5,43.75,25,64
"exp2","gene","CpG","naïve",32.5,33.25,22,53
"exp2","gene","CpG","naïve",37.5,50,31,80
"exp2","gene","CpG","naïve",42.5,22,8,37
"exp2","gene","CpG","naïve",47.5,45.75,25,75
"exp2","gene","CpG","naïve",52.5,19.75,10,32
"exp2","gene","CpG","naïve",57.5,28.5,16,48
"exp2","gene","CpG","naïve",62.5,17.5,4,31
"exp2","gene","CpG","naïve",67.5,33,21,66
"exp2","gene","CpG","naïve",72.5,19.25,12,38
"exp2","gene","CpG","naïve",77.5,34.5,15,70
"exp2","gene","CpG","naïve",82.5,21.5,8,43
"exp2","gene","CpG","naïve",87.5,55.75,22,107
"exp2","gene","CpG","naïve",92.5,37.75,17,84
"exp2","gene","CpG","naïve",97.5,168.75,54,358
"exp2","gene","CpG","primed",2.5,2597,1463,4893
"exp2","gene","CpG","primed",7.5,123.25,67,211
"exp2","gene","CpG","primed",12.5,39.5,26,64
"exp2","gene","CpG","primed",17.5,45.5,32,78
"exp2","gene","CpG","primed",22.5,35,21,56
"exp2","gene","CpG","primed",27.5,37,28,53
"exp2","gene","CpG","primed",32.5,24.75,13,51
"exp2","gene","CpG","primed",37.5,35.75,19,61
"exp2","gene","CpG","primed",42.5,17.25,12,32
"exp2","gene","CpG","primed",47.5,35.5,18,60
"exp2","gene","CpG","primed",52.5,15,10,24
"exp2","gene","CpG","primed",57.5,20.25,12,27
"exp2","gene","CpG","primed",62.5,11.25,4,22
"exp2","gene","CpG","primed",67.5,18,7,42
"exp2","gene","CpG","primed",72.5,15.5,8,24
"exp2","gene","CpG","primed",77.5,25,12,55
"exp2","gene","CpG","primed",82.5,14,2,31
"exp2","gene","CpG","primed",87.5,32.25,18,63
"exp2","gene","CpG","primed",92.5,22.25,14,39
"exp2","gene","CpG","primed",97.5,108,44,235
"exp2","gene","CHG","naïve",2.5,5353,2893,9225
"exp2","gene","CHG","naïve",7.5,83.5,55,118
"exp2","gene","CHG","naïve",12.5,3.25,1,9
"exp2","gene","CHG","naïve",17.5,4,1,7
"exp2","gene","CHG","naïve",22.5,0.25,0,1
"exp2","gene","CHG","naïve",27.5,1,0,2
"exp2","gene","CHG","naïve",32.5,0,0,0
"exp2","gene","CHG","naïve",37.5,0.25,0,1
"exp2","gene","CHG","naïve",42.5,0,0,0
"exp2","gene","CHG","naïve",47.5,0.5,0,2
"exp2","gene","CHG","naïve",52.5,0,0,0
"exp2","gene","CHG","naïve",57.5,0,0,0
"exp2","gene","CHG","naïve",62.5,0,0,0
"exp2","gene","CHG","naïve",67.5,0,0,0
"exp2","gene","CHG","naïve",72.5,0,0,0
"exp2","gene","CHG","naïve",77.5,0,0,0
"exp2","gene","CHG","naïve",82.5,0,0,0
"exp2","gene","CHG","naïve",87.5,0,0,0
"exp2","gene","CHG","naïve",92.5,0,0,0
"exp2","gene","CHG","naïve",97.5,0,0,0
"exp2","gene","CHG","primed",2.5,3593.75,2037,6745
"exp2","gene","CHG","primed",7.5,76,37,153
"exp2","gene","CHG","primed",12.5,2.25,1,3
"exp2","gene","CHG","primed",17.5,2.5,0,6
"exp2","gene","CHG","primed",22.5,0.25,0,1
"exp2","gene","CHG","primed",27.5,0.75,0,2
"exp2","gene","CHG","primed",32.5,0.5,0,2
"exp2","gene","CHG","primed",37.5,1,0,2
"exp2","gene","CHG","primed",42.5,0,0,0
"exp2","gene","CHG","primed",47.5,0.5,0,1
"exp2","gene","CHG","primed",52.5,0.25,0,1
"exp2","gene","CHG","primed",57.5,0,0,0
"exp2","gene","CHG","primed",62.5,0,0,0
"exp2","gene","CHG","primed",67.5,0,0,0
"exp2","gene","CHG","primed",72.5,0,0,0
"exp2","gene","CHG","primed",77.5,0,0,0
"exp2","gene","CHG","primed",82.5,0,0,0
"exp2","gene","CHG","primed",87.5,0,0,0
"exp2","gene","CHG","primed",92.5,0,0,0
"exp2","gene","CHG","primed",97.5,0.25,0,1
"exp2","gene","CHH","naïve",2.5,6748.25,3670,11496
"exp2","gene","CHH","naïve",7.5,112,67,188
"exp2","gene","CHH","naïve",12.5,4.75,2,10
"exp2","gene","CHH","naïve",17.5,4.75,3,8
"exp2","gene","CHH","naïve",22.5,1.25,0,2
"exp2","gene","CHH","naïve",27.5,0.25,0,1
"exp2","gene","CHH","naïve",32.5,0.5,0,2
"exp2","gene","CHH","naïve",37.5,0,0,0
"exp2","gene","CHH","naïve",42.5,0,0,0
"exp2","gene","CHH","naïve",47.5,0.25,0,1
"exp2","gene","CHH","naïve",52.5,0,0,0
"exp2","gene","CHH","naïve",57.5,0,0,0
"exp2","gene","CHH","naïve",62.5,0,0,0
"exp2","gene","CHH","naïve",67.5,0,0,0
"exp2","gene","CHH","naïve",72.5,0,0,0
"exp2","gene","CHH","naïve",77.5,0,0,0
"exp2","gene","CHH","naïve",82.5,0,0,0
"exp2","gene","CHH","naïve",87.5,0,0,0
"exp2","gene","CHH","naïve",92.5,0,0,0
"exp2","gene","CHH","naïve",97.5,0,0,0
"exp2","gene","CHH","primed",2.5,4616.75,2674,8584
"exp2","gene","CHH","primed",7.5,96.5,49,190
"exp2","gene","CHH","primed",12.5,4.25,2,7
"exp2","gene","CHH","primed",17.5,2.5,2,4
"exp2","gene","CHH","primed",22.5,0.75,0,3
"exp2","gene","CHH","primed",27.5,0.75,0,2
"exp2","gene","CHH","primed",32.5,0,0,0
"exp2","gene","CHH","primed",37.5,0.5,0,2
"exp2","gene","CHH","primed",42.5,0,0,0
"exp2","gene","CHH","primed",47.5,0.25,0,1
"exp2","gene","CHH","primed",52.5,0,0,0
"exp2","gene","CHH","primed",57.5,0,0,0
"exp2","gene","CHH","primed",62.5,0,0,0
"exp2","gene","CHH","primed",67.5,0,0,0
"exp2","gene","CHH","primed",72.5,0,0,0
"exp2","gene","CHH","primed",77.5,0,0,0
"exp2","gene","CHH","primed",82.5,0,0,0
"exp2","gene","CHH","primed",87.5,0,0,0
"exp2","gene","CHH","primed",92.5,0,0,0
"exp2","gene","CHH","primed",97.5,0,0,0
"exp2","ncRNA_gene","CpG","naïve",2.5,87.75,61,128
"exp2","ncRNA_gene","CpG","naïve",7.5,1.75,1,3
"exp2","ncRNA_gene","CpG","naïve",12.5,0,0,0
"exp2","ncRNA_gene","CpG","naïve",17.5,0.5,0,1
"exp2","ncRNA_gene","CpG","naïve",22.5,0.25,0,1
"exp2","ncRNA_gene","CpG","naïve",27.5,0,0,0
"exp2","ncRNA_gene","CpG","naïve",32.5,0,0,0
"exp2","ncRNA_gene","CpG","naïve",37.5,0.25,0,1
"exp2","ncRNA_gene","CpG","naïve",42.5,0.25,0,1
"exp2","ncRNA_gene","CpG","naïve",47.5,0.5,0,1
"exp2","ncRNA_gene","CpG","naïve",52.5,0,0,0
"exp2","ncRNA_gene","CpG","naïve",57.5,0,0,0
"exp2","ncRNA_gene","CpG","naïve",62.5,0,0,0
"exp2","ncRNA_gene","CpG","naïve",67.5,0,0,0
"exp2","ncRNA_gene","CpG","naïve",72.5,0,0,0
"exp2","ncRNA_gene","CpG","naïve",77.5,0.25,0,1
"exp2","ncRNA_gene","CpG","naïve",82.5,0.25,0,1
"exp2","ncRNA_gene","CpG","naïve",87.5,1.5,1,3
"exp2","ncRNA_gene","CpG","naïve",92.5,0.5,0,1
"exp2","ncRNA_gene","CpG","naïve",97.5,0,0,0
"exp2","ncRNA_gene","CpG","primed",2.5,64.25,47,88
"exp2","ncRNA_gene","CpG","primed",7.5,1,0,2
"exp2","ncRNA_gene","CpG","primed",12.5,0,0,0
"exp2","ncRNA_gene","CpG","primed",17.5,0,0,0
"exp2","ncRNA_gene","CpG","primed",22.5,0,0,0
"exp2","ncRNA_gene","CpG","primed",27.5,0.25,0,1
"exp2","ncRNA_gene","CpG","primed",32.5,0,0,0
"exp2","ncRNA_gene","CpG","primed",37.5,0.25,0,1
"exp2","ncRNA_gene","CpG","primed",42.5,0,0,0
"exp2","ncRNA_gene","CpG","primed",47.5,0.5,0,1
"exp2","ncRNA_gene","CpG","primed",52.5,0.25,0,1
"exp2","ncRNA_gene","CpG","primed",57.5,0,0,0
"exp2","ncRNA_gene","CpG","primed",62.5,0,0,0
"exp2","ncRNA_gene","CpG","primed",67.5,0,0,0
"exp2","ncRNA_gene","CpG","primed",72.5,0,0,0
"exp2","ncRNA_gene","CpG","primed",77.5,0,0,0
"exp2","ncRNA_gene","CpG","primed",82.5,0.25,0,1
"exp2","ncRNA_gene","CpG","primed",87.5,0.75,0,1
"exp2","ncRNA_gene","CpG","primed",92.5,0.25,0,1
"exp2","ncRNA_gene","CpG","primed",97.5,0.25,0,1
"exp2","ncRNA_gene","CHG","naïve",2.5,98,67,145
"exp2","ncRNA_gene","CHG","naïve",7.5,1.75,0,3
"exp2","ncRNA_gene","CHG","naïve",12.5,0,0,0
"exp2","ncRNA_gene","CHG","naïve",17.5,0,0,0
"exp2","ncRNA_gene","CHG","naïve",22.5,0.25,0,1
"exp2","ncRNA_gene","CHG","naïve",27.5,0,0,0
"exp2","ncRNA_gene","CHG","naïve",32.5,0,0,0
"exp2","ncRNA_gene","CHG","naïve",37.5,0,0,0
"exp2","ncRNA_gene","CHG","naïve",42.5,0,0,0
"exp2","ncRNA_gene","CHG","naïve",47.5,0,0,0
"exp2","ncRNA_gene","CHG","naïve",52.5,0,0,0
"exp2","ncRNA_gene","CHG","naïve",57.5,0,0,0
"exp2","ncRNA_gene","CHG","naïve",62.5,0,0,0
"exp2","ncRNA_gene","CHG","naïve",67.5,0,0,0
"exp2","ncRNA_gene","CHG","naïve",72.5,0,0,0
"exp2","ncRNA_gene","CHG","naïve",77.5,0,0,0
"exp2","ncRNA_gene","CHG","naïve",82.5,0,0,0
"exp2","ncRNA_gene","CHG","naïve",87.5,0,0,0
"exp2","ncRNA_gene","CHG","naïve",92.5,0,0,0
"exp2","ncRNA_gene","CHG","naïve",97.5,0,0,0
"exp2","ncRNA_gene","CHG","primed",2.5,71.25,55,101
"exp2","ncRNA_gene","CHG","primed",7.5,1.5,0,3
"exp2","ncRNA_gene","CHG","primed",12.5,0,0,0
"exp2","ncRNA_gene","CHG","primed",17.5,0,0,0
"exp2","ncRNA_gene","CHG","primed",22.5,0,0,0
"exp2","ncRNA_gene","CHG","primed",27.5,0,0,0
"exp2","ncRNA_gene","CHG","primed",32.5,0,0,0
"exp2","ncRNA_gene","CHG","primed",37.5,0,0,0
"exp2","ncRNA_gene","CHG","primed",42.5,0,0,0
"exp2","ncRNA_gene","CHG","primed",47.5,0,0,0
"exp2","ncRNA_gene","CHG","primed",52.5,0,0,0
"exp2","ncRNA_gene","CHG","primed",57.5,0,0,0
"exp2","ncRNA_gene","CHG","primed",62.5,0,0,0
"exp2","ncRNA_gene","CHG","primed",67.5,0,0,0
"exp2","ncRNA_gene","CHG","primed",72.5,0,0,0
"exp2","ncRNA_gene","CHG","primed",77.5,0,0,0
"exp2","ncRNA_gene","CHG","primed",82.5,0,0,0
"exp2","ncRNA_gene","CHG","primed",87.5,0,0,0
"exp2","ncRNA_gene","CHG","primed",92.5,0,0,0
"exp2","ncRNA_gene","CHG","primed",97.5,0,0,0
"exp2","ncRNA_gene","CHH","naïve",2.5,103.25,75,154
"exp2","ncRNA_gene","CHH","naïve",7.5,2,1,3
"exp2","ncRNA_gene","CHH","naïve",12.5,0,0,0
"exp2","ncRNA_gene","CHH","naïve",17.5,0,0,0
"exp2","ncRNA_gene","CHH","naïve",22.5,0,0,0
"exp2","ncRNA_gene","CHH","naïve",27.5,0,0,0
"exp2","ncRNA_gene","CHH","naïve",32.5,0,0,0
"exp2","ncRNA_gene","CHH","naïve",37.5,0,0,0
"exp2","ncRNA_gene","CHH","naïve",42.5,0,0,0
"exp2","ncRNA_gene","CHH","naïve",47.5,0,0,0
"exp2","ncRNA_gene","CHH","naïve",52.5,0,0,0
"exp2","ncRNA_gene","CHH","naïve",57.5,0,0,0
"exp2","ncRNA_gene","CHH","naïve",62.5,0,0,0
"exp2","ncRNA_gene","CHH","naïve",67.5,0,0,0
"exp2","ncRNA_gene","CHH","naïve",72.5,0,0,0
"exp2","ncRNA_gene","CHH","naïve",77.5,0,0,0
"exp2","ncRNA_gene","CHH","naïve",82.5,0,0,0
"exp2","ncRNA_gene","CHH","naïve",87.5,0,0,0
"exp2","ncRNA_gene","CHH","naïve",92.5,0,0,0
"exp2","ncRNA_gene","CHH","naïve",97.5,0,0,0
"exp2","ncRNA_gene","CHH","primed",2.5,73.25,57,106
"exp2","ncRNA_gene","CHH","primed",7.5,1.5,0,4
"exp2","ncRNA_gene","CHH","primed",12.5,0.25,0,1
"exp2","ncRNA_gene","CHH","primed",17.5,0,0,0
"exp2","ncRNA_gene","CHH","primed",22.5,0,0,0
"exp2","ncRNA_gene","CHH","primed",27.5,0,0,0
"exp2","ncRNA_gene","CHH","primed",32.5,0,0,0
"exp2","ncRNA_gene","CHH","primed",37.5,0,0,0
"exp2","ncRNA_gene","CHH","primed",42.5,0,0,0
"exp2","ncRNA_gene","CHH","primed",47.5,0,0,0
"exp2","ncRNA_gene","CHH","primed",52.5,0,0,0
"exp2","ncRNA_gene","CHH","primed",57.5,0,0,0
"exp2","ncRNA_gene","CHH","primed",62.5,0,0,0
"exp2","ncRNA_gene","CHH","primed",67.5,0,0,0
"exp2","ncRNA_gene","CHH","primed",72.5,0,0,0
"exp2","ncRNA_gene","CHH","primed",77.5,0,0,0
"exp2","ncRNA_gene","CHH","primed",82.5,0,0,0
"exp2","ncRNA_gene","CHH","primed",87.5,0,0,0
"exp2","ncRNA_gene","CHH","primed",92.5,0,0,0
"exp2","ncRNA_gene","CHH","primed",97.5,0,0,0
"exp2","promoter","CpG","naïve",2.5,1507,810,2641
"exp2","promoter","CpG","naïve",7.5,47.75,27,70
"exp2","promoter","CpG","naïve",12.5,14.25,8,26
"exp2","promoter","CpG","naïve",17.5,18.25,14,24
"exp2","promoter","CpG","naïve",22.5,9.25,6,14
"exp2","promoter","CpG","naïve",27.5,9.75,3,17
"exp2","promoter","CpG","naïve",32.5,5.5,1,10
"exp2","promoter","CpG","naïve",37.5,8.25,2,16
"exp2","promoter","CpG","naïve",42.5,2.25,1,5
"exp2","promoter","CpG","naïve",47.5,6.5,4,9
"exp2","promoter","CpG","naïve",52.5,3.25,2,6
"exp2","promoter","CpG","naïve",57.5,4.75,2,8
"exp2","promoter","CpG","naïve",62.5,3.25,1,6
"exp2","promoter","CpG","naïve",67.5,5.5,4,8
"exp2","promoter","CpG","naïve",72.5,2.5,1,4
"exp2","promoter","CpG","naïve",77.5,4.25,2,7
"exp2","promoter","CpG","naïve",82.5,4.75,2,7
"exp2","promoter","CpG","naïve",87.5,4,2,9
"exp2","promoter","CpG","naïve",92.5,3.5,1,8
"exp2","promoter","CpG","naïve",97.5,8.5,2,15
"exp2","promoter","CpG","primed",2.5,1007.25,592,1847
"exp2","promoter","CpG","primed",7.5,39.25,21,76
"exp2","promoter","CpG","primed",12.5,8.25,4,12
"exp2","promoter","CpG","primed",17.5,15.25,10,26
"exp2","promoter","CpG","primed",22.5,6.25,5,8
"exp2","promoter","CpG","primed",27.5,6.5,3,9
"exp2","promoter","CpG","primed",32.5,5.25,3,8
"exp2","promoter","CpG","primed",37.5,7.75,3,10
"exp2","promoter","CpG","primed",42.5,5,3,11
"exp2","promoter","CpG","primed",47.5,7.25,2,14
"exp2","promoter","CpG","primed",52.5,4,3,5
"exp2","promoter","CpG","primed",57.5,2.5,0,4
"exp2","promoter","CpG","primed",62.5,1.5,0,3
"exp2","promoter","CpG","primed",67.5,1.5,0,3
"exp2","promoter","CpG","primed",72.5,1.25,0,3
"exp2","promoter","CpG","primed",77.5,4.75,2,8
"exp2","promoter","CpG","primed",82.5,2,0,4
"exp2","promoter","CpG","primed",87.5,3.25,2,4
"exp2","promoter","CpG","primed",92.5,2,1,3
"exp2","promoter","CpG","primed",97.5,6,2,12
"exp2","promoter","CHG","naïve",2.5,1690.5,920,2930
"exp2","promoter","CHG","naïve",7.5,26.25,12,39
"exp2","promoter","CHG","naïve",12.5,0.75,0,2
"exp2","promoter","CHG","naïve",17.5,1.75,1,2
"exp2","promoter","CHG","naïve",22.5,0,0,0
"exp2","promoter","CHG","naïve",27.5,0.25,0,1
"exp2","promoter","CHG","naïve",32.5,0.25,0,1
"exp2","promoter","CHG","naïve",37.5,0,0,0
"exp2","promoter","CHG","naïve",42.5,0,0,0
"exp2","promoter","CHG","naïve",47.5,0,0,0
"exp2","promoter","CHG","naïve",52.5,0,0,0
"exp2","promoter","CHG","naïve",57.5,0,0,0
"exp2","promoter","CHG","naïve",62.5,0,0,0
"exp2","promoter","CHG","naïve",67.5,0,0,0
"exp2","promoter","CHG","naïve",72.5,0,0,0
"exp2","promoter","CHG","naïve",77.5,0,0,0
"exp2","promoter","CHG","naïve",82.5,0,0,0
"exp2","promoter","CHG","naïve",87.5,0,0,0
"exp2","promoter","CHG","naïve",92.5,0,0,0
"exp2","promoter","CHG","naïve",97.5,0,0,0
"exp2","promoter","CHG","primed",2.5,1159.5,680,2070
"exp2","promoter","CHG","primed",7.5,26.25,15,58
"exp2","promoter","CHG","primed",12.5,1.25,0,2
"exp2","promoter","CHG","primed",17.5,0.5,0,1
"exp2","promoter","CHG","primed",22.5,0.75,0,3
"exp2","promoter","CHG","primed",27.5,0.25,0,1
"exp2","promoter","CHG","primed",32.5,0,0,0
"exp2","promoter","CHG","primed",37.5,0,0,0
"exp2","promoter","CHG","primed",42.5,0,0,0
"exp2","promoter","CHG","primed",47.5,0,0,0
"exp2","promoter","CHG","primed",52.5,0,0,0
"exp2","promoter","CHG","primed",57.5,0,0,0
"exp2","promoter","CHG","primed",62.5,0,0,0
"exp2","promoter","CHG","primed",67.5,0,0,0
"exp2","promoter","CHG","primed",72.5,0,0,0
"exp2","promoter","CHG","primed",77.5,0,0,0
"exp2","promoter","CHG","primed",82.5,0,0,0
"exp2","promoter","CHG","primed",87.5,0,0,0
"exp2","promoter","CHG","primed",92.5,0,0,0
"exp2","promoter","CHG","primed",97.5,0,0,0
"exp2","promoter","CHH","naïve",2.5,2231.75,1200,3929
"exp2","promoter","CHH","naïve",7.5,36.25,21,52
"exp2","promoter","CHH","naïve",12.5,1.5,0,2
"exp2","promoter","CHH","naïve",17.5,1.75,0,3
"exp2","promoter","CHH","naïve",22.5,0,0,0
"exp2","promoter","CHH","naïve",27.5,0.25,0,1
"exp2","promoter","CHH","naïve",32.5,0,0,0
"exp2","promoter","CHH","naïve",37.5,0,0,0
"exp2","promoter","CHH","naïve",42.5,0,0,0
"exp2","promoter","CHH","naïve",47.5,0,0,0
"exp2","promoter","CHH","naïve",52.5,0,0,0
"exp2","promoter","CHH","naïve",57.5,0,0,0
"exp2","promoter","CHH","naïve",62.5,0,0,0
"exp2","promoter","CHH","naïve",67.5,0,0,0
"exp2","promoter","CHH","naïve",72.5,0,0,0
"exp2","promoter","CHH","naïve",77.5,0,0,0
"exp2","promoter","CHH","naïve",82.5,0,0,0
"exp2","promoter","CHH","naïve",87.5,0,0,0
"exp2","promoter","CHH","naïve",92.5,0,0,0
"exp2","promoter","CHH","naïve",97.5,0,0,0
"exp2","promoter","CHH","primed",2.5,1516.25,887,2782
"exp2","promoter","CHH","primed",7.5,36.25,22,75
"exp2","promoter","CHH","primed",12.5,1.5,0,4
"exp2","promoter","CHH","primed",17.5,1.25,0,3
"exp2","promoter","CHH","primed",22.5,0,0,0
"exp2","promoter","CHH","primed",27.5,0.25,0,1
"exp2","promoter","CHH","primed",32.5,0,0,0
"exp2","promoter","CHH","primed",37.5,0.5,0,2
"exp2","promoter","CHH","primed",42.5,0,0,0
"exp2","promoter","CHH","primed",47.5,0,0,0
"exp2","promoter","CHH","primed",52.5,0,0,0
"exp2","promoter","CHH","primed",57.5,0,0,0
"exp2","promoter","CHH","primed",62.5,0,0,0
"exp2","promoter","CHH","primed",67.5,0,0,0
"exp2","promoter","CHH","primed",72.5,0,0,0
"exp2","promoter","CHH","primed",77.5,0,0,0
"exp2","promoter","CHH","primed",82.5,0,0,0
"exp2","promoter","CHH","primed",87.5,0,0,0
"exp2","promoter","CHH","primed",92.5,0,0,0
"exp2","promoter","CHH","primed",97.5,0,0,0
"exp2","three_prime_UTR","CpG","naïve",2.5,189,80,379
"exp2","three_prime_UTR","CpG","naïve",7.5,7.5,3,19
"exp2","three_prime_UTR","CpG","naïve",12.5,1,0,2
"exp2","three_prime_UTR","CpG","naïve",17.5,2.25,0,4
"exp2","three_prime_UTR","CpG","naïve",22.5,1.75,0,3
"exp2","three_prime_UTR","CpG","naïve",27.5,2.25,1,5
"exp2","three_prime_UTR","CpG","naïve",32.5,1,0,2
"exp2","three_prime_UTR","CpG","naïve",37.5,2,1,4
"exp2","three_prime_UTR","CpG","naïve",42.5,0,0,0
"exp2","three_prime_UTR","CpG","naïve",47.5,2,0,4
"exp2","three_prime_UTR","CpG","naïve",52.5,0.5,0,1
"exp2","three_prime_UTR","CpG","naïve",57.5,1.5,0,4
"exp2","three_prime_UTR","CpG","naïve",62.5,0.75,0,2
"exp2","three_prime_UTR","CpG","naïve",67.5,3.5,2,5
"exp2","three_prime_UTR","CpG","naïve",72.5,1.75,0,3
"exp2","three_prime_UTR","CpG","naïve",77.5,2.75,0,6
"exp2","three_prime_UTR","CpG","naïve",82.5,1.25,1,2
"exp2","three_prime_UTR","CpG","naïve",87.5,4.75,1,8
"exp2","three_prime_UTR","CpG","naïve",92.5,2,0,5
"exp2","three_prime_UTR","CpG","naïve",97.5,10.5,4,23
"exp2","three_prime_UTR","CpG","primed",2.5,114.5,58,237
"exp2","three_prime_UTR","CpG","primed",7.5,4.5,4,5
"exp2","three_prime_UTR","CpG","primed",12.5,1.5,0,3
"exp2","three_prime_UTR","CpG","primed",17.5,4.25,2,9
"exp2","three_prime_UTR","CpG","primed",22.5,0.75,0,1
"exp2","three_prime_UTR","CpG","primed",27.5,3.25,1,5
"exp2","three_prime_UTR","CpG","primed",32.5,0.75,0,2
"exp2","three_prime_UTR","CpG","primed",37.5,1,0,4
"exp2","three_prime_UTR","CpG","primed",42.5,0.25,0,1
"exp2","three_prime_UTR","CpG","primed",47.5,2.5,0,6
"exp2","three_prime_UTR","CpG","primed",52.5,0.25,0,1
"exp2","three_prime_UTR","CpG","primed",57.5,1,0,2
"exp2","three_prime_UTR","CpG","primed",62.5,1,0,2
"exp2","three_prime_UTR","CpG","primed",67.5,1.25,1,2
"exp2","three_prime_UTR","CpG","primed",72.5,0.25,0,1
"exp2","three_prime_UTR","CpG","primed",77.5,0,0,0
"exp2","three_prime_UTR","CpG","primed",82.5,1.25,0,4
"exp2","three_prime_UTR","CpG","primed",87.5,1.25,0,5
"exp2","three_prime_UTR","CpG","primed",92.5,0.75,0,2
"exp2","three_prime_UTR","CpG","primed",97.5,6,2,14
"exp2","three_prime_UTR","CHG","naïve",2.5,280.75,105,584
"exp2","three_prime_UTR","CHG","naïve",7.5,5,1,8
"exp2","three_prime_UTR","CHG","naïve",12.5,0,0,0
"exp2","three_prime_UTR","CHG","naïve",17.5,0,0,0
"exp2","three_prime_UTR","CHG","naïve",22.5,0,0,0
"exp2","three_prime_UTR","CHG","naïve",27.5,0.25,0,1
"exp2","three_prime_UTR","CHG","naïve",32.5,0,0,0
"exp2","three_prime_UTR","CHG","naïve",37.5,0,0,0
"exp2","three_prime_UTR","CHG","naïve",42.5,0,0,0
"exp2","three_prime_UTR","CHG","naïve",47.5,0,0,0
"exp2","three_prime_UTR","CHG","naïve",52.5,0,0,0
"exp2","three_prime_UTR","CHG","naïve",57.5,0,0,0
"exp2","three_prime_UTR","CHG","naïve",62.5,0,0,0
"exp2","three_prime_UTR","CHG","naïve",67.5,0,0,0
"exp2","three_prime_UTR","CHG","naïve",72.5,0,0,0
"exp2","three_prime_UTR","CHG","naïve",77.5,0,0,0
"exp2","three_prime_UTR","CHG","naïve",82.5,0,0,0
"exp2","three_prime_UTR","CHG","naïve",87.5,0,0,0
"exp2","three_prime_UTR","CHG","naïve",92.5,0,0,0
"exp2","three_prime_UTR","CHG","naïve",97.5,0,0,0
"exp2","three_prime_UTR","CHG","primed",2.5,171.75,84,365
"exp2","three_prime_UTR","CHG","primed",7.5,2.5,1,4
"exp2","three_prime_UTR","CHG","primed",12.5,0.25,0,1
"exp2","three_prime_UTR","CHG","primed",17.5,0.25,0,1
"exp2","three_prime_UTR","CHG","primed",22.5,0,0,0
"exp2","three_prime_UTR","CHG","primed",27.5,0,0,0
"exp2","three_prime_UTR","CHG","primed",32.5,0,0,0
"exp2","three_prime_UTR","CHG","primed",37.5,0,0,0
"exp2","three_prime_UTR","CHG","primed",42.5,0,0,0
"exp2","three_prime_UTR","CHG","primed",47.5,0,0,0
"exp2","three_prime_UTR","CHG","primed",52.5,0,0,0
"exp2","three_prime_UTR","CHG","primed",57.5,0,0,0
"exp2","three_prime_UTR","CHG","primed",62.5,0,0,0
"exp2","three_prime_UTR","CHG","primed",67.5,0,0,0
"exp2","three_prime_UTR","CHG","primed",72.5,0,0,0
"exp2","three_prime_UTR","CHG","primed",77.5,0,0,0
"exp2","three_prime_UTR","CHG","primed",82.5,0,0,0
"exp2","three_prime_UTR","CHG","primed",87.5,0,0,0
"exp2","three_prime_UTR","CHG","primed",92.5,0,0,0
"exp2","three_prime_UTR","CHG","primed",97.5,0,0,0
"exp2","three_prime_UTR","CHH","naïve",2.5,437,166,891
"exp2","three_prime_UTR","CHH","naïve",7.5,7.25,1,17
"exp2","three_prime_UTR","CHH","naïve",12.5,0,0,0
"exp2","three_prime_UTR","CHH","naïve",17.5,0.5,0,1
"exp2","three_prime_UTR","CHH","naïve",22.5,0.25,0,1
"exp2","three_prime_UTR","CHH","naïve",27.5,0.25,0,1
"exp2","three_prime_UTR","CHH","naïve",32.5,0,0,0
"exp2","three_prime_UTR","CHH","naïve",37.5,0,0,0
"exp2","three_prime_UTR","CHH","naïve",42.5,0,0,0
"exp2","three_prime_UTR","CHH","naïve",47.5,0,0,0
"exp2","three_prime_UTR","CHH","naïve",52.5,0,0,0
"exp2","three_prime_UTR","CHH","naïve",57.5,0,0,0
"exp2","three_prime_UTR","CHH","naïve",62.5,0,0,0
"exp2","three_prime_UTR","CHH","naïve",67.5,0,0,0
"exp2","three_prime_UTR","CHH","naïve",72.5,0,0,0
"exp2","three_prime_UTR","CHH","naïve",77.5,0,0,0
"exp2","three_prime_UTR","CHH","naïve",82.5,0,0,0
"exp2","three_prime_UTR","CHH","naïve",87.5,0,0,0
"exp2","three_prime_UTR","CHH","naïve",92.5,0,0,0
"exp2","three_prime_UTR","CHH","naïve",97.5,0,0,0
"exp2","three_prime_UTR","CHH","primed",2.5,262.75,120,554
"exp2","three_prime_UTR","CHH","primed",7.5,6.75,3,14
"exp2","three_prime_UTR","CHH","primed",12.5,0,0,0
"exp2","three_prime_UTR","CHH","primed",17.5,0.25,0,1
"exp2","three_prime_UTR","CHH","primed",22.5,0,0,0
"exp2","three_prime_UTR","CHH","primed",27.5,0,0,0
"exp2","three_prime_UTR","CHH","primed",32.5,0,0,0
"exp2","three_prime_UTR","CHH","primed",37.5,0.25,0,1
"exp2","three_prime_UTR","CHH","primed",42.5,0,0,0
"exp2","three_prime_UTR","CHH","primed",47.5,0,0,0
"exp2","three_prime_UTR","CHH","primed",52.5,0,0,0
"exp2","three_prime_UTR","CHH","primed",57.5,0,0,0
"exp2","three_prime_UTR","CHH","primed",62.5,0,0,0
"exp2","three_prime_UTR","CHH","primed",67.5,0,0,0
"exp2","three_prime_UTR","CHH","primed",72.5,0,0,0
"exp2","three_prime_UTR","CHH","primed",77.5,0,0,0
"exp2","three_prime_UTR","CHH","primed",82.5,0,0,0
"exp2","three_prime_UTR","CHH","primed",87.5,0,0,0
"exp2","three_prime_UTR","CHH","primed",92.5,0,0,0
"exp2","three_prime_UTR","CHH","primed",97.5,0,0,0
