"","ID","Description","setSize","enrichmentScore","NES","pvalue","p.adjust","qvalue","rank","leading_edge","core_enrichment","GO","contrast"
"GO:0006412...1","GO:0006412","translation",197,-0.447796211066765,-1.82524324679033,2.48143061476485e-05,0.0106701516434888,0.00916823311349959,14335,"tags=66%, list=34%, signal=44%","evm.utg1962.9/evm.utg5885.98/evm.utg301.16/utg86.equina_smart_1445806.mrna2/evm.utg16027.9/evm.utg6072.8/evm.utg381.21/evm.utg2929.10/evm.utg1910.34/evm.utg55.156/evm.utg597.5/evm.utg924.59/evm.utg420.100/evm.utg15585.12/evm.utg577.29/evm.utg3790.42/evm.utg479.145/evm.utg56.53/evm.utg1507.3/evm.utg1396.4/evm.utg2814.18/evm.utg415.116/evm.utg4.45/evm.utg498.93/evm.utg910.151/evm.utg577.105/evm.utg1910.32/evm.utg1226.13/evm.utg544.4/evm.utg126.157/evm.utg791.9/evm.utg1931.13/evm.utg334.75/evm.utg411.52/evm.utg236.39/evm.utg536.17/evm.utg9313.24/evm.utg77.8/evm.utg868.49/evm.utg590.13/evm.utg1109.26/evm.utg2007.14/evm.utg699.4/evm.utg343339.2/evm.utg729.46/evm.utg7217.40/evm.utg597.212/evm.utg301.138/evm.utg798.17/evm.utg18633.16/evm.utg1588.14/evm.utg77.113/evm.utg2757.29/evm.utg4194.6/evm.utg378.108/evm.utg129.21/evm.utg1925.24/evm.utg532.13/evm.utg496.27/evm.utg1648.24/evm.utg92.66/evm.utg3799.21/evm.utg1931.75/evm.utg6949.10/evm.utg3553.8/evm.utg207.63/evm.utg1109.3/evm.utg320.85/evm.utg7145.43/evm.utg344.47/evm.utg1372.18/evm.utg107.57/evm.utg498.48/evm.utg18553.14/evm.utg498.143/evm.utg150.93/evm.utg498.129/evm.utg890.45/evm.utg498.88/evm.utg579.70/evm.utg483.56/evm.utg3092.46/evm.utg8494.117/evm.utg479.58/evm.utg1800.6/evm.utg505.41/evm.utg379.48/evm.utg234.64/evm.utg1517.5/evm.utg590.14/evm.utg219.71/evm.utg3677.28/evm.utg18294.33/evm.utg207.20/evm.utg37634.4/evm.utg577.30/evm.utg14287.6/evm.utg7145.61/evm.utg3878.28/evm.utg868.5/evm.utg4716.3/evm.utg55.88/evm.utg1226.19/evm.utg2129.121/evm.utg1565.85/evm.utg125.18/evm.utg378.133/evm.utg4464.16/utg2581.equina_smart_1098872.mrna2/evm.utg7217.55/evm.utg7522.33/evm.utg2108.6/evm.utg378.170/evm.utg17809.12/evm.utg62.20/evm.utg180.72/evm.utg18409.1/evm.utg693.66/evm.utg2298.39/evm.utg4187.32/evm.utg1507.31/evm.utg15585.14/evm.utg797.57/evm.utg5176.12/evm.utg243.70/evm.utg52.55/evm.utg797.58/evm.utg378.169/evm.utg14.81/evm.utg378.167/evm.utg378.168","biological_processes","salinity_only"
"GO:0006123","GO:0006123","mitochondrial electron transport, cytochrome c to oxygen",15,-0.782222678855192,-1.97277362720079,0.000177068482612105,0.0380697237616025,0.0327110723141309,5770,"tags=73%, list=14%, signal=63%","evm.utg7652.38/evm.utg356.13/evm.utg3878.12/evm.utg234.61/evm.utg14.77/evm.utg6183.29/evm.utg7652.39/evm.utg77.61/evm.utg77.64/evm.utg6183.30/evm.utg910.169","biological_processes","salinity_only"
"GO:0090729...3","GO:0090729","toxin activity",340,-0.480750195728558,-2.08072150333237,7.90059608941213e-10,2.65460028604247e-07,2.2121669050354e-07,6687,"tags=29%, list=16%, signal=25%","evm.utg6373.9/evm.utg4455.2/evm.utg590.7/evm.utg11415.27/utg2156.equina_smart_1400709.mrna2/evm.utg9285.28/evm.utg115.11/evm.utg190.77/evm.utg2083.47/utg1846.equina_smart_916736.mrna1/evm.utg1846.69/evm.utg1031.51/evm.utg376.34/evm.utg1910.12/utg2667.equina_smart_398419.mrna2/evm.utg4605.41/evm.utg699.90/utg2156.equina_smart_1442310.mrna1/utg144.equina_smart_1238220.mrna1/evm.utg1970.8/evm.utg579.59/evm.utg126.83/utg245.equina_smart_826176.mrna1/evm.utg470.62/evm.utg125.190/evm.utg7048.5/evm.utg1781.40/utg2156.equina_smart_428150.mrna1/evm.utg435.3/evm.utg150.55/evm.utg1302.15/utg9284.equina_smart_1466336.mrna1/utg2156.equina_smart_1726560.mrna2/evm.utg7048.7/evm.utg300.70/utg1846.equina_smart_1438253.mrna1/evm.utg293.23/evm.utg11123.1/evm.utg104.55/evm.utg2994.23/utg19074.equina_smart_1473917.mrna1/evm.utg4177.22/evm.utg1629.2/evm.utg1290.46/utg144.equina_smart_1389976.mrna1/evm.utg2932.7/evm.utg23510.8/evm.utg279.40/evm.utg104.57/utg55.equina_smart_1394036.mrna1/evm.utg1919.9/utg2156.equina_smart_270287.mrna1/evm.utg910.42/evm.utg262.71/utg9284.equina_smart_1466335.mrna1/evm.utg276.4/evm.utg467.21.22.23/evm.utg1846.68/utg6781.equina_smart_1461350.mrna1/utg6781.equina_smart_1389976.mrna2/evm.utg2757.78/utg52.equina_smart_1128767.mrna1/evm.utg101.176/evm.utg2115.17/evm.utg338.4/evm.utg1828.28/evm.utg1629.18/evm.utg1031.52/utg4062.equina_smart_1466336.mrna2/evm.utg1272.125/evm.utg1629.17/evm.utg4605.4/evm.utg420.49/evm.utg104.53/evm.utg2932.9/evm.utg910.22/evm.utg579.116/evm.utg1694.43/evm.utg977.7/evm.utg2247.30/evm.utg735.57/evm.utg1900.52/utg2156.equina_smart_934493.mrna1/evm.utg27988.8/evm.utg1278.52/evm.utg7066.3/evm.utg2757.6/evm.utg34597.12/evm.utg1623.26/evm.utg4177.21/evm.utg347.11/evm.utg5652.14/evm.utg3899.24/evm.utg1278.50/evm.utg567.16/evm.utg2007.2/evm.utg3790.30/evm.utg4796.27/evm.utg4177.23/evm.utg7066.5","molecular_functions","salinity_only"
"GO:0030414...4","GO:0030414","peptidase inhibitor activity",78,-0.673306331778649,-2.4143809700275,6.35327505227547e-08,5.55885582792372e-06,4.6323798566031e-06,3452,"tags=41%, list=8%, signal=38%","evm.utg1800.5/evm.utg1609.6/evm.utg1819.3/utg1609.evm.utg3137.1.mrna2/evm.utg104.64/evm.utg37512.1/evm.utg580.26/evm.utg616.127/evm.utg379.46/evm.utg32458.10/evm.utg8.10/evm.utg544.14/evm.utg8615.4/evm.utg334.78/evm.utg1609.5/evm.utg5073.2/evm.utg413.26/evm.utg580.6/evm.utg2858.29/evm.utg5689.7/evm.utg616.126/evm.utg9740.7/utg334.equina_smart_1340223.mrna2/utg19074.equina_smart_1694011.mrna2/evm.utg5689.8/evm.utg413.23/evm.utg19074.8/evm.utg544.11/evm.utg20736.15/evm.utg14703.2/evm.utg104.63/evm.utg52.99","molecular_functions","salinity_only"
"GO:0003735...5","GO:0003735","structural constituent of ribosome",212,-0.491421494747217,-2.02334476130178,6.617685509433e-08,5.55885582792372e-06,4.6323798566031e-06,14335,"tags=67%, list=34%, signal=44%","evm.utg1962.9/evm.utg5885.98/evm.utg301.16/utg86.equina_smart_1445806.mrna2/evm.utg16027.9/evm.utg6072.8/evm.utg381.21/evm.utg1565.17/evm.utg2929.10/evm.utg1910.34/evm.utg55.156/evm.utg597.5/evm.utg420.100/evm.utg15585.12/evm.utg577.29/evm.utg3790.42/evm.utg479.145/evm.utg56.53/evm.utg1507.3/evm.utg1396.4/evm.utg2814.18/evm.utg415.116/evm.utg4.45/evm.utg798.61/evm.utg498.93/evm.utg910.151/evm.utg577.105/evm.utg1910.32/evm.utg1226.13/evm.utg544.4/evm.utg126.157/evm.utg791.9/evm.utg1931.13/evm.utg334.75/evm.utg411.52/evm.utg236.39/evm.utg536.17/evm.utg4327.2/evm.utg9313.24/evm.utg77.8/evm.utg868.49/evm.utg590.13/evm.utg1109.26/evm.utg2007.14/evm.utg4886.30/evm.utg699.4/evm.utg343339.2/evm.utg1866.29/evm.utg729.46/evm.utg7217.40/evm.utg597.212/evm.utg301.138/evm.utg798.17/evm.utg1588.14/evm.utg77.113/evm.utg2108.11/evm.utg4610.29/evm.utg2757.29/evm.utg4194.6/evm.utg378.108/evm.utg236.43/evm.utg129.21/evm.utg1925.24/evm.utg532.13/evm.utg496.27/evm.utg1648.24/evm.utg92.66/evm.utg3799.21/evm.utg1931.75/evm.utg6949.10/evm.utg73.14/evm.utg3553.8/evm.utg207.63/evm.utg1109.3/evm.utg320.85/evm.utg7145.43/evm.utg6078.32/evm.utg344.47/evm.utg1372.18/evm.utg107.57/evm.utg498.48/evm.utg18553.14/evm.utg498.143/evm.utg150.93/evm.utg150.50/evm.utg498.129/evm.utg890.45/evm.utg579.70/evm.utg10358.1/evm.utg483.56/evm.utg3092.46/evm.utg8494.117/evm.utg479.58/evm.utg1800.6/evm.utg505.41/evm.utg379.48/evm.utg234.64/evm.utg1517.5/evm.utg590.14/evm.utg219.71/evm.utg3677.28/evm.utg18294.33/evm.utg207.20/evm.utg535.38/evm.utg37634.4/evm.utg577.30/evm.utg14287.6/evm.utg7145.61/evm.utg3878.28/evm.utg868.5/evm.utg4716.3/evm.utg55.88/evm.utg1226.19/evm.utg2129.121/evm.utg1565.85/evm.utg125.18/evm.utg378.133/evm.utg4464.16/utg2581.equina_smart_1098872.mrna2/evm.utg18.9/evm.utg7522.33/evm.utg2108.6/evm.utg378.170/evm.utg5652.50/evm.utg17809.12/evm.utg62.20/evm.utg180.72/evm.utg18409.1/evm.utg693.66/evm.utg17994.10/evm.utg2298.39/evm.utg4187.32/evm.utg1507.31/evm.utg15585.14/evm.utg797.57/evm.utg5176.12/evm.utg243.70/evm.utg797.58/evm.utg378.169/evm.utg14.81/evm.utg378.167/evm.utg378.168","molecular_functions","salinity_only"
"GO:0016491...6","GO:0016491","oxidoreductase activity",319,-0.44671182191562,-1.9198713630378,6.46314379454376e-08,5.55885582792372e-06,4.6323798566031e-06,5698,"tags=28%, list=14%, signal=24%","evm.utg21766.9/evm.utg709.8/evm.utg1031.57/evm.utg4271.25/evm.utg1708.29/evm.utg801.94/evm.utg1507.10/evm.utg1022.33/evm.utg788.37/evm.utg2426.24/evm.utg2123.9/evm.utg356.157/evm.utg194.23/evm.utg160.25/evm.utg4709.22/evm.utg27.96/evm.utg3499.5/evm.utg97204.6/evm.utg116.78/evm.utg78.33/evm.utg2115.18/evm.utg1031.56/evm.utg38114.16/evm.utg1972.1/evm.utg14876.8/evm.utg467.6/evm.utg5513.4/evm.utg1781.18/evm.utg172.138/evm.utg3550.6/evm.utg298.12/evm.utg6806.23/evm.utg2007.16/evm.utg4326.30/evm.utg3753.16/evm.utg1005.73/evm.utg470.94/evm.utg790.58/evm.utg7680.15/evm.utg4907.69/evm.utg194.22/utg7950.equina_smart_1791395.mrna2/evm.utg324.214/evm.utg298.11/evm.utg411.144/evm.utg413.52/evm.utg301.18/evm.utg844.8/evm.utg116.1/evm.utg239.19/evm.utg4155.26/evm.utg1355.25/evm.utg3550.12/evm.utg7931.8/evm.utg438.23/evm.utg348.6/evm.utg7931.6/evm.utg4.53/evm.utg2674.7/evm.utg1221.19/evm.utg532.16/evm.utg116.119/evm.utg5578.4/evm.utg7931.7/evm.utg101.99/evm.utg4709.19/evm.utg2417.41/evm.utg307.15/evm.utg729.130/evm.utg116.121/evm.utg324.97/evm.utg4155.27/evm.utg6958.34/evm.utg20618.1/evm.utg3019.11/evm.utg3201.13/evm.utg992.14/utg700.equina_smart_1421475.mrna1/evm.utg597.25/evm.utg1455.33/evm.utg3019.12/evm.utg9668.2/evm.utg3499.4/utg700.equina_smart_1421472.mrna1/evm.utg3499.10/evm.utg9668.1/evm.utg3499.7/evm.utg3499.9/evm.utg1455.34","molecular_functions","salinity_only"
"GO:0005201...7","GO:0005201","extracellular matrix structural constituent",120,-0.54953231665372,-2.09461771232897,5.28584968685182e-06,0.000323384283104615,0.000269486902587179,5635,"tags=26%, list=13%, signal=22%","evm.utg209609.2/evm.utg3443.47/evm.utg18537.3/evm.utg378.56/utg544.equina_smart_1559235utrorf.mrna1/evm.utg714.2/evm.utg1623.40/evm.utg130819.1/evm.utg378.57/evm.utg1052.34/evm.utg4907.54/evm.utg1497.2/utg154100.equina_smart_991908.mrna2/evm.utg5885.76/evm.utg1052.36/evm.utg1056.71/evm.utg9740.7/evm.utg5421.1/utg19074.equina_smart_1694011.mrna2/evm.utg1497.1/evm.utg145.64/evm.utg19074.8/evm.utg816.13/evm.utg714.23/evm.utg544.16/evm.utg616.15/evm.utg1056.72/evm.utg544.11/evm.utg4826.1/evm.utg55.212/evm.utg207.13","molecular_functions","salinity_only"
"GO:0004222","GO:0004222","metalloendopeptidase activity",362,-0.402394232714008,-1.74746323730533,5.77471934115384e-06,0.000323384283104615,0.000269486902587179,6152,"tags=24%, list=15%, signal=20%","evm.utg381.28/evm.utg411.6/evm.utg1686.16/evm.utg401.45/evm.utg2858.13/evm.utg2757.5/evm.utg1475.3/evm.utg8768.2/evm.utg23189.14/evm.utg320.42/evm.utg47.15/evm.utg1846.69/evm.utg625.41/evm.utg4605.41/evm.utg2487.29/evm.utg1278.76/evm.utg625.100/evm.utg1919.6/evm.utg5950.16/evm.utg1127.26/evm.utg625.46/evm.utg54.26/evm.utg320.36/evm.utg3211.8/evm.utg101.108/utg77.evm.utg5026.19.mrna2/evm.utg18633.20/evm.utg1972.44/evm.utg29.6/evm.utg300.70/evm.utg710.26/utg1846.equina_smart_1438253.mrna1/evm.utg293.23/evm.utg625.42/evm.utg579.114/evm.utg1629.3/evm.utg2757.3/evm.utg3677.8/evm.utg1290.46/evm.utg381.25/evm.utg4341.5/evm.utg411.34/evm.utg5975.20/evm.utg13730.2/evm.utg1345.59/evm.utg52.105/evm.utg2115.24/utg817.equina_smart_898487.mrna1/evm.utg912.43/evm.utg381.27/evm.utg3761.1/evm.utg99249.6/evm.utg1345.58/evm.utg279.38/evm.utg467.21.22.23/evm.utg625.44/evm.utg1910.98/evm.utg2814.19/evm.utg4907.38/evm.utg1897.101/evm.utg1846.68/utg912.equina_smart_1426690.mrna1/evm.utg7048.2/evm.utg625.43/evm.utg625.118/evm.utg912.9/evm.utg420.49/evm.utg320.34/evm.utg152.29/evm.utg977.7/evm.utg4207.24/evm.utg2487.20/evm.utg3753.34/evm.utg4351.4/evm.utg710.27/evm.utg381.30/evm.utg379.96/evm.utg145.77/evm.utg34597.12/evm.utg498.89/evm.utg977.8/evm.utg3790.30/evm.utg4796.27/evm.utg77.162/evm.utg2371.38/evm.utg2371.37","molecular_functions","salinity_only"
"GO:0000977...9","GO:0000977","RNA polymerase II transcription regulatory region sequence-specific DNA binding",19,-0.800787850758757,-2.16148062851182,1.74485304984267e-05,0.000732838280933922,0.000610698567444935,6151,"tags=74%, list=15%, signal=63%","evm.utg710.11/evm.utg4271.23/evm.utg564.25/evm.utg11415.47/evm.utg2099.80/evm.utg1497.11/evm.utg109.42/evm.utg209.38/evm.utg4455.13/evm.utg4605.34/evm.utg62.142/evm.utg2417.4/evm.utg470.38/evm.utg7179.18","molecular_functions","salinity_only"
"GO:0004252...10","GO:0004252","serine-type endopeptidase activity",266,-0.42664585044593,-1.80390127645335,1.70743588956904e-05,0.000732838280933922,0.000610698567444935,9061,"tags=33%, list=22%, signal=26%","evm.utg145.21/evm.utg14412.1/evm.utg52.25/evm.utg2483.60/evm.utg15164.49/evm.utg11123.2/evm.utg42547.3/evm.utg1302.12/evm.utg12382.25/evm.utg3761.28/evm.utg616.128/evm.utg4856.11/evm.utg18537.7/evm.utg4157.6/evm.utg2779.10/evm.utg2083.34/evm.utg699.53/evm.utg1270.11/evm.utg5689.4/evm.utg86.55/evm.utg262.35/evm.utg1372.9/evm.utg2083.28/evm.utg2483.41/evm.utg699.52/evm.utg479.78/evm.utg293.38/evm.utg213.2/evm.utg338.40/evm.utg2155.5/evm.utg625.112/evm.utg52.48/evm.utg5689.12/evm.utg5689.2/evm.utg868.84/evm.utg78.73/evm.utg376.34/evm.utg8494.84/evm.utg1754.56/evm.utg868.83/evm.utg699.90/evm.utg2704.29/evm.utg868.85/evm.utg858.25/evm.utg600.6/evm.utg125.190/evm.utg192.82/evm.utg5370.2/evm.utg150.55/evm.utg234.133/evm.utg5370.3/evm.utg234.138/evm.utg1629.2/evm.utg1754.57/utg234.evm.utg234.133.mrna2/evm.utg729.124/evm.utg1285.84/evm.utg2932.7/evm.utg1565.90/evm.utg1754.60/evm.utg5033.10/evm.utg729.128/evm.utg2704.30/evm.utg1754.58/evm.utg2716.16/evm.utg616.127/evm.utg2159.33/evm.utg1629.15/evm.utg2115.17/evm.utg1629.18/evm.utg1629.17/evm.utg2716.17/evm.utg594.23/evm.utg4605.4/evm.utg2932.9/evm.utg579.116/evm.utg5689.7/evm.utg2716.9/evm.utg4271.42/evm.utg666.12/evm.utg116.256/evm.utg666.10/evm.utg616.126/evm.utg4613.98/evm.utg26572.6/evm.utg129.41/evm.utg13322.6/evm.utg5689.8","molecular_functions","salinity_only"
"GO:0004177","GO:0004177","aminopeptidase activity",44,-0.642992574463015,-2.0737668266175,2.70115737252738e-05,0.00100843208574356,0.000840360071452964,7198,"tags=48%, list=17%, signal=40%","evm.utg7909.11/evm.utg55.74/evm.utg7164.3/evm.utg19727.9/evm.utg564.9/evm.utg19727.8/evm.utg3013.38/evm.utg7909.20/evm.utg2338.4/utg3013.evm.utg19727.9.mrna2/evm.utg381.62/evm.utg1201.1/evm.utg910.145/evm.utg4455.75/evm.utg3872.63/evm.utg7909.17/evm.utg54.38/evm.utg7909.12/evm.utg7909.14/evm.utg109.59/evm.utg4455.76","molecular_functions","salinity_only"
"GO:0005044...12","GO:0005044","scavenger receptor activity",330,-0.369007424462399,-1.59327062682146,0.000235733009148815,0.00792062910740019,0.00660052425616683,6971,"tags=28%, list=17%, signal=24%","evm.utg6677.6/evm.utg49.1/evm.utg5059.8/evm.utg2838.8/evm.utg363.1/evm.utg9625.1/evm.utg579.54/evm.utg160.23/evm.utg13.50/evm.utg32914.6/utg2200.equina_smart_1442540.mrna1/utg388.equina_smart_563588.mrna1/evm.utg388.17/evm.utg1285.29/evm.utg2200.2/utg858.evm.utg79231.1.mrna2/evm.utg5059.9/evm.utg54.8/evm.utg24783.3/evm.utg15664.4/utg13.equina_smart_1393279.mrna2/evm.utg25070.5/evm.utg858.1/evm.utg5059.3/evm.utg190.80/evm.utg858.72/evm.utg109.116/evm.utg2704.29/evm.utg5059.6/evm.utg6446.8/evm.utg577.68/utg2200.equina_smart_14340.mrna2/evm.utg24783.6/evm.utg17602.1/evm.utg1358.31/evm.utg5059.10/evm.utg6446.13/evm.utg8851.75/evm.utg1765.4/utg388.equina_smart_1411185.mrna1/evm.utg5370.2/evm.utg1569.8/utg9625.equina_smart_1466841.mrna1/evm.utg5370.3/evm.utg3790.31/utg388.equina_smart_1411195.mrna1/evm.utg4605.5/evm.utg15664.3/utg2200.equina_smart_1442500.mrna1/evm.utg577.79/evm.utg1475.1/evm.utg108328.3/evm.utg577.94/evm.utg5059.1/utg10588.equina_smart_375340.mrna1/evm.utg6401.64/evm.utg13.51/evm.utg9625.2/evm.utg17602.2/evm.utg536.31/evm.utg2704.30/evm.utg10588.23/evm.utg54.10/evm.utg5176.8/evm.utg1765.2/utg9625.equina_smart_1466841utrorf.mrna1/evm.utg388.13/evm.utg9472.6/evm.utg2123.45/evm.utg572.21/evm.utg2969.38/evm.utg2858.6/evm.utg300.24/evm.utg236.6/evm.utg8851.76/utg54.equina_smart_1393700.mrna1/evm.utg577.97/evm.utg1765.1/evm.utg1052.13/evm.utg19356.9/evm.utg26093.4/evm.utg116.316/evm.utg2200.4/evm.utg338.89/evm.utg1285.28/evm.utg15506.27/evm.utg26093.3/evm.utg1330.23/evm.utg54.9/evm.utg4796.28/utg236.evm.utg19356.5.mrna2/evm.utg7148.9/evm.utg324.92/evm.utg8851.77","molecular_functions","salinity_only"
"GO:0036374","GO:0036374","glutathione hydrolase activity",18,-0.755921652273692,-2.02419494461081,0.000370077071660828,0.0113041723707308,0.00942014364227563,5644,"tags=61%, list=13%, signal=53%","evm.utg5390.9/evm.utg435.30/evm.utg34666.13/evm.utg5390.10/evm.utg3906.6/evm.utg8820.12/evm.utg13496.6/evm.utg18028.6/evm.utg12986.49/evm.utg12986.48/evm.utg1972.127","molecular_functions","salinity_only"
"GO:0004104","GO:0004104","cholinesterase activity",34,-0.647100801070451,-1.98657666997048,0.000579173976480692,0.0162168713414594,0.0135140594512161,8305,"tags=47%, list=20%, signal=38%","evm.utg8497.7/evm.utg347.4/evm.utg8497.4/evm.utg180.28/evm.utg4455.18/evm.utg347.7/evm.utg347.6/evm.utg180.22/evm.utg4455.16/evm.utg8497.6/evm.utg8497.16/evm.utg4455.17/evm.utg180.24/evm.utg4455.12/evm.utg347.3/evm.utg180.26","molecular_functions","salinity_only"
"GO:0005179...15","GO:0005179","hormone activity",32,-0.670261446904864,-2.02455907536236,0.000707676886737911,0.0182907256879952,0.0152422714066627,6172,"tags=50%, list=15%, signal=43%","evm.utg1698.17/evm.utg1475.16/evm.utg320.153/evm.utg2858.20/utg320.equina_smart_1044949.mrna1/utg18622.equina_smart_1724947.mrna2/evm.utg2426.34/utg2757.equina_smart_959052.mrna1/evm.utg2858.22/utg320.equina_smart_558272.mrna1/evm.utg101.175/evm.utg2757.81/evm.utg18622.1/evm.utg625.97/evm.utg324.120/evm.utg750.15","molecular_functions","salinity_only"
"GO:0005200...16","GO:0005200","structural constituent of cytoskeleton",46,0.609637603862201,2.07750641758794,0.000829835965963354,0.0199160631831205,0.0165967193192671,9007,"tags=50%, list=21%, signal=39%","utg693.equina_smart_1421073.mrna1/evm.utg1363.6/utg1363.equina_smart_1433367.mrna1/evm.utg693.2/evm.utg1363.5/evm.utg693.3/utg31304.equina_smart_1477688.mrna1/evm.utg693.4/evm.utg31304.3/evm.utg18.5/evm.utg693.6/evm.utg31304.1/evm.utg693.5/evm.utg1277.42/evm.utg1575.28/evm.utg31304.2/evm.utg1363.3/utg2969.equina_smart_124203.mrna2/evm.utg338.64/evm.utg378.53/evm.utg788.102/evm.utg31304.4/evm.utg262.10.11","molecular_functions","salinity_only"
"GO:0008200","GO:0008200","ion channel inhibitor activity",46,-0.55903399890953,-1.82086449936442,0.000916808629993738,0.0205365133118597,0.0171137610932164,11003,"tags=52%, list=26%, signal=39%","evm.utg1497.9/evm.utg125.162/evm.utg245.69/utg5033.equina_smart_1457175.mrna1/evm.utg4605.36/evm.utg6445.1/evm.utg5059.48/utg144.equina_smart_1400019.mrna1/utg2156.equina_smart_1400709.mrna2/utg2156.equina_smart_1442310.mrna1/utg144.equina_smart_1238220.mrna1/evm.utg579.59/utg245.equina_smart_826176.mrna1/utg2156.equina_smart_428150.mrna1/utg9284.equina_smart_1466336.mrna1/utg2156.equina_smart_1726560.mrna2/utg144.equina_smart_1389976.mrna1/utg2156.equina_smart_270287.mrna1/utg9284.equina_smart_1466335.mrna1/utg6781.equina_smart_1461350.mrna1/utg6781.equina_smart_1389976.mrna2/utg4062.equina_smart_1466336.mrna2/utg2156.equina_smart_934493.mrna1/evm.utg2007.2","molecular_functions","salinity_only"
"GO:0004198","GO:0004198","calcium-dependent cysteine-type endopeptidase activity",11,0.812502407349826,1.96407133883498,0.000997509891223393,0.0209477077156912,0.0174564230964094,3010,"tags=55%, list=7%, signal=51%","evm.utg2483.62/evm.utg2483.61/evm.utg2083.44/evm.utg55.47/evm.utg1919.1/evm.utg2070.2","molecular_functions","salinity_only"
"GO:0042813","GO:0042813","Wnt receptor activity",10,-0.821197274660591,-1.88970433840637,0.00142027790219703,0.0280713750081295,0.0233928125067746,6816,"tags=70%, list=16%, signal=59%","evm.utg6334.19/evm.utg6334.23/evm.utg686.40/evm.utg686.43/evm.utg6334.21/evm.utg729.33/evm.utg686.39","molecular_functions","salinity_only"
"GO:0005319","GO:0005319","lipid transporter activity",17,-0.716221270134025,-1.88917277034359,0.00171605526424853,0.0320330315993059,0.0266941929994216,6353,"tags=76%, list=15%, signal=65%","evm.utg245.34/evm.utg1781.46/evm.utg637.35/evm.utg60413.6/evm.utg60413.9/evm.utg637.34/evm.utg479.88/evm.utg9033.4/evm.utg172.87/evm.utg597.202/utg245.equina_smart_878845.mrna1/evm.utg597.201/evm.utg60413.3","molecular_functions","salinity_only"
"GO:0015252","GO:0015252","proton channel activity",11,-0.772576654784543,-1.8275296814702,0.00183593633780352,0.0324670847106307,0.0270559039255256,4538,"tags=91%, list=11%, signal=81%","evm.utg9401.3/evm.utg4082.49/evm.utg432.28/evm.utg9401.4/evm.utg432.27/evm.utg4290.26/evm.utg20090.4/evm.utg432.29/evm.utg4290.29/evm.utg432.26","molecular_functions","salinity_only"
"GO:0017147","GO:0017147","Wnt-protein binding",18,-0.710382817796124,-1.90225177992476,0.00210827655644872,0.0327413113119926,0.0272844260933272,6885,"tags=67%, list=16%, signal=56%","evm.utg116.234/evm.utg1724.5/evm.utg6334.19/evm.utg6334.23/evm.utg13597.12/evm.utg761.37/evm.utg686.40/evm.utg686.43/evm.utg6334.21/evm.utg2200.45/evm.utg729.33/evm.utg686.39","molecular_functions","salinity_only"
"GO:0005507","GO:0005507","copper ion binding",40,-0.591597557592152,-1.87204375397199,0.00208147071823169,0.0327413113119926,0.0272844260933272,2229,"tags=28%, list=5%, signal=26%","evm.utg1272.77/evm.utg4.53/evm.utg6851.15/evm.utg1281.3/evm.utg15506.27/evm.utg1330.23/evm.utg579.102/evm.utg7148.9/evm.utg659.16/evm.utg225.70/evm.utg194.103","molecular_functions","salinity_only"
"GO:0004180","GO:0004180","carboxypeptidase activity",45,-0.577568260176609,-1.86881860624902,0.00214377633590428,0.0327413113119926,0.0272844260933272,3085,"tags=36%, list=7%, signal=33%","utg55.equina_smart_1394313.mrna1/evm.utg3181.9/evm.utg150.27/evm.utg34383.1/evm.utg2426.41/evm.utg418.65/evm.utg86.84/evm.utg729.131/evm.utg34639.5/evm.utg686.41/evm.utg116.2/evm.utg2099.41/evm.utg116.4/evm.utg116.3/evm.utg4773.8/evm.utg3871.5","molecular_functions","salinity_only"
"GO:0004842...25","GO:0004842","ubiquitin-protein transferase activity",335,0.324120763644348,1.48069841991837,0.00236944068032663,0.0346144377647716,0.0288453648039764,7782,"tags=23%, list=18%, signal=19%","evm.utg5059.68/evm.utg9902.9/evm.utg695.2/evm.utg5246.28/evm.utg7595.3/evm.utg2672.9/evm.utg2487.30/evm.utg622.33/utg1721.equina_smart_1426908.mrna5/evm.utg298.48/evm.utg12336.21/evm.utg37289.5/evm.utg1253.33/evm.utg11814.6/evm.utg622.40/evm.utg2672.8/evm.utg21873.17/evm.utg25080.5/evm.utg4695.36/evm.utg8851.30/evm.utg3787.42/evm.utg378.109/evm.utg48.55/evm.utg7595.2/evm.utg715.37/evm.utg2071.12/evm.utg379.53/evm.utg214.68/evm.utg21873.18/evm.utg3522.46/evm.utg8181.3/evm.utg344.51/evm.utg344.52/evm.utg622.32/evm.utg37289.6/evm.utg301.58/evm.utg625.2/evm.utg420.29/evm.utg334.70/evm.utg3834.9/evm.utg9668.25/evm.utg298.49/evm.utg7548.14/evm.utg31363.13/evm.utg7.9/evm.utg2013.4/evm.utg17181.16/evm.utg1748.31/evm.utg370.49/evm.utg12336.22/evm.utg464.204/evm.utg9141.1/evm.utg1972.95/evm.utg15585.20/evm.utg1517.22/evm.utg2327.21/evm.utg1143.15/evm.utg1734.31/evm.utg1172.4/evm.utg344.50/evm.utg3092.27/evm.utg2932.43/evm.utg2291.11/evm.utg6070.24/evm.utg5885.68/utg370.equina_smart_1065012.mrna5/evm.utg989.37/evm.utg225.23/evm.utg2371.66/evm.utg771.2/evm.utg1734.32/evm.utg936.41/evm.utg55.115/evm.utg101.27/evm.utg320.10/utg17181.equina_smart_1065012.mrna7","molecular_functions","salinity_only"
"GO:0006310...26","GO:0006310","DNA recombination",462,-0.444164642244585,-1.94676401272852,1.78143026983603e-05,0.00766015016029494,0.00705071348903525,11992,"tags=43%, list=28%, signal=31%","evm.utg6669.7/evm.utg24075.3/evm.utg1825.11/evm.utg25155.6/evm.utg3474.18/evm.utg2012.27/evm.utg27529.1/evm.utg3164.11/evm.utg691.23/evm.utg8851.47/evm.utg61244.8/utg1579.equina_smart_1454938.mrna2/utg20618.evm.utg116.337.mrna3/evm.utg107.5/evm.utg2801.13/evm.utg1825.14/evm.utg7840.3/evm.utg16130.8/evm.utg20813.27/evm.utg389.81/evm.utg92.170/evm.utg225.113/evm.utg27318.14/evm.utg4163.10/evm.utg483.50/evm.utg13320.3/evm.utg540.43/evm.utg2690.15/evm.utg5294.39/evm.utg1517.20/evm.utg2071.34/evm.utg4737.26/evm.utg24075.2/evm.utg3443.51/evm.utg338.55/evm.utg1465.25/evm.utg12230.1/evm.utg1648.47/utg594.evm.utg648.3.mrna11/evm.utg1579.3/evm.utg6829.5/evm.utg262.19/evm.utg7148.6/evm.utg1648.6/evm.utg464.38/evm.utg77.22/evm.utg594.7/evm.utg3158.55/evm.utg15197.16/evm.utg891.33/evm.utg27529.5/evm.utg530.23/evm.utg8851.52/evm.utg186.20/evm.utg55.138/evm.utg24075.4/evm.utg1982.18/evm.utg125.55/evm.utg3380.37/evm.utg3197.14/evm.utg505.52/evm.utg31.37/evm.utg2427.2/evm.utg2601.11/evm.utg101.34/evm.utg1221.6/evm.utg5417.8/evm.utg435.18/utg16223.equina_smart_99644.mrna1/evm.utg372.50/evm.utg29151.3/evm.utg125632.2/evm.utg214.78/evm.utg5068.7/evm.utg8851.94/evm.utg4613.46/evm.utg498.139/utg162.evm.utg648.3.mrna9/evm.utg2601.10/evm.utg77.114/evm.utg3487.2/evm.utg6401.5/utg62.evm.utg648.3.mrna8/utg4303.equina_smart_1435511.mrna1/utg14287.equina_smart_1752363utrorf.mrna1/evm.utg501.24/evm.utg3235.22/evm.utg173190.4/evm.utg219.4/utg8851.evm.utg648.3.mrna12/evm.utg494.22/evm.utg7840.68/evm.utg5390.63/evm.utg5414.44/evm.utg3164.1/utg411.evm.utg648.3.mrna7/evm.utg699.32/evm.utg379.92/utg4303.equina_smart_1454938.mrna1/evm.utg144.23/evm.utg5390.64/evm.utg3870.10/evm.utg896.39/evm.utg4610.42/evm.utg10069.5/evm.utg3284.6/evm.utg27529.3/evm.utg20813.6/evm.utg10868.12/evm.utg4163.9/evm.utg6821.3/evm.utg4605.50/evm.utg180.8/evm.utg2083.13/evm.utg13.42/evm.utg5246.22/evm.utg882.12/evm.utg4613.48/evm.utg936.37/utg40828.equina_smart_1497833.mrna1/evm.utg3090.2/evm.utg389.80/evm.utg24075.5/evm.utg173190.1/evm.utg359.34/evm.utg379.44/evm.utg1101.47/evm.utg1101.44/evm.utg225.46/evm.utg27.91/evm.utg415.31/evm.utg15197.15/evm.utg22414.5/evm.utg13474.6/evm.utg1825.15/evm.utg1079.4/evm.utg936.33/evm.utg8609.17/evm.utg464.21/evm.utg936.35/evm.utg27.92/evm.utg2526.5/evm.utg86.15/evm.utg3487.1/evm.utg3013.46/utg10282.equina_smart_1467605utrorf.mrna1/evm.utg2526.3/evm.utg888.73/evm.utg1910.110/evm.utg320.57/evm.utg888.71/evm.utg55.201/evm.utg1819.48/evm.utg7616.19/evm.utg2159.2/evm.utg16835.3/evm.utg637.29/evm.utg700.33/evm.utg1204.39/evm.utg7840.36/evm.utg1452.5/evm.utg8792.21/evm.utg268.22/evm.utg1995.14/evm.utg483.51/evm.utg6423.20/evm.utg102448.4/evm.utg1654.9/evm.utg505.22/evm.utg483.47/evm.utg15716.7/evm.utg36089.3/evm.utg31.89/evm.utg107084.2/evm.utg438.10/evm.utg3090.41/evm.utg78.108/evm.utg625.95/evm.utg1910.108/evm.utg2798.27/evm.utg1056.146/evm.utg456.36/evm.utg3164.27/evm.utg13793.33/evm.utg2073.4/evm.utg4652.22/evm.utg15585.23/evm.utg1022.10/evm.utg67002.1/evm.utg33828.4/evm.utg888.70/evm.utg5059.5/evm.utg438.11/evm.utg7286.7/evm.utg78.109/evm.utg24075.8/evm.utg888.65/evm.utg4977.3/evm.utg1910.100/evm.utg67002.5","biological_processes","diesel_added"
"GO:0006094","GO:0006094","gluconeogenesis",14,0.799945550630166,2.14797150137371,6.64321978330537e-05,0.0142829225341065,0.0131465823080148,4064,"tags=57%, list=10%, signal=52%","evm.utg276.53/evm.utg438.31/evm.utg7950.38/evm.utg4187.43/evm.utg2201.12/evm.utg1781.24/evm.utg3024.3/evm.utg3024.4","biological_processes","diesel_added"
"GO:0006730","GO:0006730","one-carbon metabolic process",24,0.685164213230346,2.0947029823749,0.000289203154522228,0.041452452148186,0.038154521438722,3401,"tags=42%, list=8%, signal=38%","evm.utg564.96/evm.utg505.31/evm.utg483.9/evm.utg7217.57/evm.utg483.10/evm.utg564.95/evm.utg209.14/evm.utg483.8/evm.utg5652.39/evm.utg5652.40","biological_processes","diesel_added"
"GO:0051015","GO:0051015","actin filament binding",89,0.557999502898131,2.172346553973,3.02686796361429e-06,0.0010170276357744,0.000873012444242438,7979,"tags=47%, list=19%, signal=38%","evm.utg622.89/evm.utg801.66/evm.utg13994.14/evm.utg11411.8/evm.utg3117.2/evm.utg868.14/evm.utg2757.30/evm.utg21228.2/evm.utg1192.19/evm.utg1972.74/evm.utg590.3/evm.utg564.36/evm.utg1192.17/evm.utg7821.35/evm.utg4082.44/evm.utg162.48/evm.utg15585.4/evm.utg167.3/evm.utg1683.64/evm.utg209.1/evm.utg1009.28/evm.utg2849.24/evm.utg3884.50/evm.utg910.188/evm.utg301.86/evm.utg381.74/evm.utg7522.5/evm.utg9875.20/evm.utg302.19/evm.utg109.34/evm.utg12655.49/evm.utg1530.22/evm.utg3872.1/evm.utg798.76/evm.utg4303.3/evm.utg4610.10/evm.utg3041.34/evm.utg109.69/evm.utg5854.2/evm.utg801.68/evm.utg11341.3/evm.utg16223.31","molecular_functions","diesel_added"
"GO:0008157","GO:0008157","protein phosphatase 1 binding",10,0.873437350852745,2.07101217802474,1.71648449000189e-05,0.00288369394320317,0.00247535131716062,2083,"tags=60%, list=5%, signal=57%","evm.utg18.25/evm.utg19396.5/evm.utg18.21/evm.utg18.20/evm.utg18.26/evm.utg217.28","molecular_functions","diesel_added"
"GO:0020037","GO:0020037","heme binding",182,0.480055572568894,2.07505088483118,6.38805034344499e-05,0.00715461638465839,0.00614149401439975,6342,"tags=31%, list=15%, signal=27%","evm.utg4271.29/evm.utg910.98/evm.utg12986.46/evm.utg1931.67/evm.utg33682.14/evm.utg4271.28/evm.utg10156.22/evm.utg44408.4/evm.utg62.72/evm.utg47.12/evm.utg15013.9/evm.utg116.44/evm.utg10358.8/evm.utg24438.11/evm.utg6392.11/evm.utg572.7/evm.utg1972.129/evm.utg1194.3/evm.utg8792.16/evm.utg1032.16/evm.utg1204.18/evm.utg4856.19/evm.utg192.57/evm.utg255.25/evm.utg3876.24/evm.utg1708.32/evm.utg684.21/utg4271.evm.utg2986.11.mrna2/evm.utg378.146/evm.utg9657.7/evm.utg408.4/evm.utg101.173/evm.utg1925.57/evm.utg3876.26/evm.utg209.56/evm.utg125.5/evm.utg1988.22/evm.utg370.45/evm.utg401.9/evm.utg73.44/evm.utg1754.49/evm.utg2601.98/evm.utg26697.7/evm.utg40512.14/evm.utg1073.4/evm.utg572.10/evm.utg8.27/evm.utg101.172/evm.utg1846.87/evm.utg15164.48/evm.utg101.118/evm.utg4187.49/evm.utg101.171/evm.utg107.58/evm.utg699.113/evm.utg12655.39/evm.utg1272.165","molecular_functions","diesel_added"
"GO:0003924","GO:0003924","GTPase activity",326,0.380081904984998,1.75191974083069,0.000220172846513989,0.018494519107175,0.0158756210381139,6901,"tags=31%, list=16%, signal=26%","evm.utg514.15/evm.utg116.291/evm.utg10541.3/evm.utg1272.62/evm.utg420.132/evm.utg56.4/evm.utg14876.3/evm.utg405.37/evm.utg1102.20/evm.utg116.364/evm.utg279.33/evm.utg12197.15/evm.utg4567.24/evm.utg418.60/evm.utg7.14/evm.utg498.29/evm.utg2129.200/evm.utg14.37/evm.utg1455.19/evm.utg4.20/evm.utg77.24/evm.utg16050.14/evm.utg470.8/evm.utg590.16/evm.utg2350.7/evm.utg12975.1/evm.utg86.26/evm.utg16443.2/evm.utg2817.16/evm.utg4567.33/evm.utg1846.35/evm.utg1925.63/evm.utg1919.113/evm.utg8494.90/evm.utg4972.20/evm.utg1354.3/evm.utg356.108/evm.utg6035.10/evm.utg6958.21/evm.utg4174.2/evm.utg1663.37/evm.utg194.90/evm.utg1799.1/evm.utg52.66/evm.utg219.31/evm.utg192.3/evm.utg1031.19/evm.utg7840.14/evm.utg7289.46/evm.utg4610.7/evm.utg1455.9/evm.utg2099.35/evm.utg5513.9/evm.utg924.67/evm.utg1091.38/evm.utg3201.11/evm.utg8672.10/evm.utg924.68/evm.utg320.63/evm.utg18.6/evm.utg6924.5/evm.utg1745.6/evm.utg910.62/evm.utg1272.141/evm.utg286.25/evm.utg7821.1/evm.utg18036.3/evm.utg1819.17/evm.utg1565.104/evm.utg6894.6/evm.utg3509.8/utg2969.equina_smart_124203.mrna2/evm.utg279.37/evm.utg190.45/evm.utg5950.62/evm.utg1754.6/evm.utg3201.27/evm.utg15664.6/evm.utg734.49/evm.utg5950.52/evm.utg1272.142/evm.utg924.74/evm.utg1031.20/evm.utg1363.21/evm.utg1623.10/evm.utg3201.28/evm.utg5815.4/evm.utg4567.23/evm.utg1177.10/evm.utg597.9/evm.utg1432.2/evm.utg12975.2/evm.utg1337.8/evm.utg279.32/evm.utg18.4/evm.utg378.53/evm.utg1363.53/evm.utg1087.5/evm.utg180.70/evm.utg2353.18","molecular_functions","diesel_added"
"GO:0004386","GO:0004386","helicase activity",201,-0.494961102309039,-2.00474403670063,0.000284927047284364,0.0191470975775092,0.0164357917801928,6706,"tags=26%, list=16%, signal=22%","evm.utg16036.45/evm.utg3235.22/evm.utg597.236/evm.utg494.22/evm.utg126.139/evm.utg7821.23/evm.utg1127.62/evm.utg699.32/evm.utg3677.35/evm.utg78.18/evm.utg14533.14/evm.utg1127.63/evm.utg26219.2/evm.utg125.71/evm.utg10114.17/evm.utg10321.4/evm.utg26219.3/evm.utg936.39/evm.utg9285.33/evm.utg1272.102/evm.utg1337.10/evm.utg10385.10/evm.utg5454.2/evm.utg18409.2/evm.utg431.25/evm.utg5960.4/evm.utg788.40/evm.utg55.201/evm.utg5975.26/evm.utg1972.73/evm.utg435.52/utg109.equina_smart_295906.mrna1/evm.utg1463.26/evm.utg1127.64/evm.utg88612.6/evm.utg15716.7/evm.utg4593.14/evm.utg432.62/evm.utg52.125/evm.utg498.165/evm.utg736.11/evm.utg1565.86/evm.utg2969.4/utg579.evm.utg52.125.mrna3/evm.utg3222.9/evm.utg648.20/evm.utg2969.3/evm.utg109.49/evm.utg594.45/evm.utg594.46/evm.utg2969.2/evm.utg11411.7","molecular_functions","diesel_added"
"GO:0004867","GO:0004867","serine-type endopeptidase inhibitor activity",98,0.552712383656764,2.17704422395408,0.000423606618622843,0.0211824806539409,0.0181829564510645,6756,"tags=29%, list=16%, signal=24%","evm.utg14533.12/evm.utg14913.15/evm.utg14913.16/evm.utg59616.3/evm.utg14533.21/evm.utg14533.20/evm.utg52.106/evm.utg417.47/evm.utg59616.2/evm.utg59616.1/evm.utg7066.37/evm.utg152.8/evm.utg7977.5/evm.utg54553.2/evm.utg14533.19/evm.utg54553.1/evm.utg1972.76/evm.utg1919.96/evm.utg777.11/evm.utg14913.17/evm.utg36040.1/evm.utg4290.17/evm.utg14533.18/evm.utg4607.4/evm.utg777.10/evm.utg2379.7/evm.utg1005.1/evm.utg7596.6","molecular_functions","diesel_added"
"GO:0016705","GO:0016705","oxidoreductase activity, acting on paired donors, with incorporation or reduction of molecular oxygen",129,0.488199385566952,2.01991500346443,0.000515228950576211,0.0211824806539409,0.0181829564510645,6342,"tags=29%, list=15%, signal=25%","evm.utg4271.29/evm.utg910.98/evm.utg12986.46/evm.utg61244.7/evm.utg1931.67/evm.utg33682.14/evm.utg4271.28/evm.utg10156.22/evm.utg15013.9/evm.utg116.44/evm.utg417.19/evm.utg6392.11/evm.utg572.7/evm.utg1972.129/evm.utg1194.3/evm.utg8792.16/evm.utg293.91/evm.utg255.25/evm.utg1708.32/evm.utg684.21/evm.utg9657.7/evm.utg101.173/evm.utg1925.57/evm.utg580.48/evm.utg209.56/evm.utg125.5/evm.utg401.9/evm.utg73.44/evm.utg40512.14/evm.utg1073.4/evm.utg572.10/evm.utg8.27/evm.utg101.172/evm.utg15164.48/evm.utg101.171/evm.utg1270.30/evm.utg699.113/evm.utg1272.165","molecular_functions","diesel_added"
"GO:0140662...36","GO:0140662","ATP-dependent protein folding chaperone",48,0.555953675302498,1.92021598694071,0.000546973356305849,0.0211824806539409,0.0181829564510645,6968,"tags=46%, list=17%, signal=38%","evm.utg3155.45/evm.utg19612.5/evm.utg2801.49/evm.utg2818.25/evm.utg3155.40/evm.utg1056.108/evm.utg1056.109/evm.utg3092.51/evm.utg14533.3/evm.utg3155.44/evm.utg798.21/evm.utg2108.14/evm.utg129.13/evm.utg125.72/evm.utg405.9/evm.utg637.4/evm.utg577.82/evm.utg109891.3/evm.utg432.9/evm.utg280.41/evm.utg2246.95/evm.utg2129.128","molecular_functions","diesel_added"
"GO:0005525...37","GO:0005525","GTP binding",500,0.331190463563169,1.56737990211431,0.000567387874659131,0.0211824806539409,0.0181829564510645,9734,"tags=34%, list=23%, signal=26%","evm.utg7168.12/evm.utg514.15/evm.utg7168.17/evm.utg116.291/evm.utg276.53/evm.utg10541.3/evm.utg1272.62/evm.utg438.31/evm.utg2969.16/evm.utg420.132/evm.utg56.4/evm.utg300.55/evm.utg14876.3/evm.utg405.37/evm.utg5885.30/evm.utg1102.20/evm.utg116.364/evm.utg279.33/evm.utg12197.15/evm.utg4567.24/evm.utg418.60/evm.utg7.14/evm.utg498.29/evm.utg2129.200/evm.utg14.37/evm.utg1455.19/evm.utg4.20/evm.utg77.24/evm.utg16050.14/evm.utg280.52/evm.utg470.8/evm.utg62.48/evm.utg590.16/evm.utg2350.7/evm.utg12975.1/evm.utg62.49/evm.utg86.26/evm.utg16443.2/evm.utg2817.16/evm.utg1846.35/evm.utg1925.63/evm.utg693.46/evm.utg1919.113/evm.utg8494.90/evm.utg401.64/utg415.equina_smart_746959.mrna1/evm.utg861.122/evm.utg4972.20/evm.utg1354.3/evm.utg356.108/evm.utg6035.10/evm.utg438.3/evm.utg6958.21/evm.utg4174.2/evm.utg1663.37/evm.utg5885.31/evm.utg194.90/evm.utg1799.1/evm.utg52.66/evm.utg219.31/evm.utg262.53/evm.utg192.3/evm.utg1031.19/evm.utg7840.14/evm.utg1919.103/evm.utg7289.46/evm.utg1455.9/evm.utg2099.35/evm.utg8931.2/evm.utg2674.17/evm.utg5513.9/evm.utg924.67/evm.utg1091.38/evm.utg3201.11/evm.utg714.18/evm.utg8672.10/evm.utg924.68/evm.utg320.63/evm.utg18.6/evm.utg6924.5/evm.utg280.72/evm.utg1745.6/evm.utg910.62/evm.utg1272.141/evm.utg286.25/evm.utg868.104/evm.utg7821.1/evm.utg18036.3/evm.utg1819.17/evm.utg1565.104/evm.utg6894.6/evm.utg693.45/evm.utg3509.8/utg2969.equina_smart_124203.mrna2/evm.utg279.37/evm.utg190.45/evm.utg5950.62/evm.utg1754.6/evm.utg3201.27/evm.utg15664.6/evm.utg734.49/evm.utg262.10.11/evm.utg5950.52/evm.utg1272.142/evm.utg924.74/evm.utg1031.20/evm.utg1363.21/evm.utg1623.10/evm.utg3201.28/evm.utg5815.4/evm.utg4567.23/evm.utg1177.10/evm.utg1686.10.11/evm.utg597.9/evm.utg1432.2/evm.utg12975.2/evm.utg1337.8/evm.utg31304.4/evm.utg401.65/evm.utg279.32/evm.utg18.4/evm.utg378.53/evm.utg1363.53/evm.utg1087.5/evm.utg180.70/evm.utg1265.3/evm.utg2353.18/evm.utg2994.26/evm.utg4187.5/evm.utg279.36/evm.utg817.5/evm.utg4576.45/evm.utg1265.4/evm.utg217.42/evm.utg62.50/evm.utg73.138/evm.utg338.22/evm.utg411.114/evm.utg470.42/evm.utg762.12/evm.utg1127.38/evm.utg15156.12/evm.utg7855.19/evm.utg5513.8/evm.utg435.41/evm.utg1272.140/evm.utg320.116/evm.utg8931.1/evm.utg5815.6/evm.utg868.19/evm.utg172.25/evm.utg2818.88/evm.utg3797.10/utg2200.equina_smart_78118.mrna1/evm.utg785.11/utg438.evm.utg438.3.mrna2/evm.utg577.45/evm.utg370.22/evm.utg868.18/evm.utg436.2/evm.utg23510.11/evm.utg146.12/evm.utg256.16/evm.utg693.34/evm.utg2100.20/evm.utg3553.5/evm.utg625.38/evm.utg286.23/evm.utg45942.6/evm.utg2674.43","molecular_functions","diesel_added"
"GO:0016491...38","GO:0016491","oxidoreductase activity",319,0.374739360170933,1.73195559468992,0.000860709017281279,0.028919822980651,0.0248246600773758,9074,"tags=34%, list=22%, signal=27%","evm.utg2426.24/evm.utg280.54/evm.utg2426.22/evm.utg324.214/evm.utg1455.32/evm.utg116.1/evm.utg7680.15/evm.utg709.15/evm.utg8792.44/evm.utg408.25/evm.utg1507.10/evm.utg3201.13/evm.utg6806.23/evm.utg7127.19/evm.utg1455.31/evm.utg20618.1/evm.utg160.24/evm.utg3380.9/evm.utg160.26/evm.utg5059.57/evm.utg7931.7/evm.utg709.8/evm.utg408.44/evm.utg2601.95/utg7950.equina_smart_1791395.mrna2/evm.utg910.65/evm.utg7127.21/evm.utg3876.24/evm.utg4709.31/evm.utg258.5/evm.utg888.58/evm.utg1005.73/evm.utg6806.25/evm.utg4796.17/evm.utg62950.1/evm.utg116.78/evm.utg7931.6/evm.utg160.25/evm.utg116.119/evm.utg4.53/evm.utg4567.11/evm.utg4172.35/evm.utg3876.26/evm.utg5885.72/evm.utg194.23/evm.utg78.60/evm.utg5578.4/evm.utg526.25/evm.utg3790.23/evm.utg2674.7/evm.utg597.25/evm.utg4172.6/evm.utg4155.25/evm.utg14876.8/evm.utg4155.26/evm.utg861.31/evm.utg11618.16/evm.utg844.8/evm.utg3550.12/evm.utg3499.9/evm.utg4155.27/evm.utg3571.1/evm.utg7931.8/evm.utg280.55/evm.utg116.121/evm.utg1005.56/evm.utg3019.10/evm.utg1221.17/evm.utg3201.30/evm.utg699.29/evm.utg8792.17/evm.utg194.76/evm.utg12382.14/evm.utg2115.18/utg9409.equina_smart_222342.mrna1/evm.utg258.4/evm.utg2674.8/evm.utg715.36/evm.utg3235.18/evm.utg203.108/evm.utg7652.45/evm.utg324.97/evm.utg7950.42/evm.utg8792.43/evm.utg8792.53/evm.utg2007.16/evm.utg785.12/evm.utg97204.7/evm.utg376.26/evm.utg3019.11/evm.utg2704.47/evm.utg6959.21/evm.utg1022.15/evm.utg160.22/evm.utg415.26/evm.utg1270.31/evm.utg924.61/evm.utg6958.34/evm.utg1278.30/utg1005.equina_smart_1427756.mrna1/evm.utg20678.16/evm.utg324.146/evm.utg729.130/evm.utg1781.18/evm.utg1277.44/evm.utg3872.48/evm.utg7264.13","molecular_functions","diesel_added"
"GO:0004497","GO:0004497","monooxygenase activity",99,0.553445139898837,2.18415564962375,0.00146139667061283,0.036058064576295,0.030952098038549,6342,"tags=36%, list=15%, signal=31%","evm.utg4271.29/evm.utg910.98/evm.utg12986.46/evm.utg1931.67/evm.utg33682.14/evm.utg4271.28/evm.utg10156.22/evm.utg15013.9/evm.utg116.44/evm.utg6392.11/evm.utg572.7/evm.utg1972.129/evm.utg1194.3/evm.utg8792.16/evm.utg1056.58/evm.utg160.18/evm.utg255.25/evm.utg1708.32/evm.utg684.21/evm.utg9657.7/evm.utg101.173/evm.utg1925.57/evm.utg209.56/evm.utg125.5/evm.utg401.9/evm.utg73.44/evm.utg40512.14/evm.utg1073.4/evm.utg572.10/evm.utg8.27/evm.utg101.172/evm.utg15164.48/evm.utg101.171/evm.utg699.113/evm.utg1056.59/evm.utg1272.165","molecular_functions","diesel_added"
"GO:0016746","GO:0016746","acyltransferase activity",57,0.52890169050162,1.89881526680108,0.00150241935734563,0.036058064576295,0.030952098038549,5749,"tags=35%, list=14%, signal=30%","evm.utg4661.5/evm.utg1507.13/evm.utg729.164/evm.utg378.135/evm.utg2255.7/evm.utg209.53/evm.utg666.17/evm.utg7289.4/evm.utg351.17/evm.utg1507.12/evm.utg162.9/evm.utg55869.4/evm.utg1507.14/evm.utg1507.18/evm.utg977.37/evm.utg2690.8/evm.utg7909.6/evm.utg1507.16/evm.utg15197.2/evm.utg3522.47","molecular_functions","diesel_added"
"GO:0004842...41","GO:0004842","ubiquitin-protein transferase activity",335,-0.397442087319661,-1.70187595169171,0.00135634403408949,0.036058064576295,0.030952098038549,10631,"tags=37%, list=25%, signal=28%","evm.utg3197.25/evm.utg1517.22/evm.utg359.37/evm.utg344.50/evm.utg1345.53/evm.utg1253.93/evm.utg3339.12/evm.utg219.24/evm.utg3022.1/evm.utg3339.17/evm.utg144.60/utg262.equina_smart_1065002.mrna1/evm.utg12336.22/evm.utg2901.18/evm.utg622.152/evm.utg801.109/utg464.equina_smart_1065012.mrna2/evm.utg580.70/evm.utg225.23/utg17181.equina_smart_1065012.mrna7/evm.utg389.18/evm.utg3158.34/evm.utg21873.17/evm.utg344.51/utg2071.equina_smart_1065012.mrna6/evm.utg9902.9/evm.utg24438.25/evm.utg910.156/evm.utg56.67/evm.utg12336.30/evm.utg1931.10/evm.utg750.9/evm.utg376.50/evm.utg1708.35/evm.utg408.5/evm.utg1056.116/evm.utg2371.66/utg370.equina_smart_1065012.mrna5/utg3092.equina_smart_1065012.mrna10/evm.utg464.137/evm.utg152.74/evm.utg707.11/evm.utg3158.28/evm.utg3787.42/evm.utg2526.24/evm.utg276.19/evm.utg8181.3/evm.utg2929.8/evm.utg2932.43/evm.utg801.111/evm.utg107.20/evm.utg115.12/evm.utg3158.33/evm.utg344.52/evm.utg6155.14/evm.utg801.108/evm.utg144.59/evm.utg3339.14/evm.utg1024.9/evm.utg3787.26/evm.utg920.22/evm.utg3522.46/evm.utg622.157/utg622.equina_smart_923814.mrna1/evm.utg3522.12/evm.utg7.9/evm.utg1734.31/evm.utg12336.21/evm.utg3019.59/evm.utg301.58/evm.utg4398.5/evm.utg2246.38/evm.utg1172.4/evm.utg888.10/evm.utg3834.9/evm.utg3827.17/evm.utg50879.6/evm.utg11814.13/evm.utg1290.9/evm.utg2123.42/evm.utg9141.1/evm.utg1972.95/evm.utg3155.10/evm.utg700.9/evm.utg467.16/evm.utg13.18/evm.utg13.19/evm.utg2487.33/evm.utg3339.13/evm.utg55566.3/evm.utg5885.68/evm.utg12644.9/evm.utg7595.2/evm.utg15585.20/evm.utg2097.5/evm.utg1931.9/utg1721.equina_smart_1426908.mrna5/evm.utg7888.2/evm.utg1272.49/evm.utg17181.16/evm.utg3339.4/evm.utg1721.22/evm.utg3339.3/evm.utg320.10/evm.utg20925.11/evm.utg1799.9/evm.utg10530.6/evm.utg695.2/evm.utg2672.9/evm.utg5960.19/evm.utg1799.8/evm.utg2672.8/evm.utg3678.1/evm.utg17181.15/evm.utg194.33/evm.utg8851.30/evm.utg1143.15/evm.utg1253.33/evm.utg7595.3/evm.utg1381.34/evm.utg2327.21/evm.utg1748.31/evm.utg31363.13","molecular_functions","diesel_added"
"GO:0090729...42","GO:0090729","toxin activity",340,0.366723307886295,1.69488008978882,0.00131995969724914,0.036058064576295,0.030952098038549,7658,"tags=29%, list=18%, signal=24%","evm.utg4605.4/evm.utg4796.13/evm.utg1846.76/evm.utg2757.6/evm.utg579.116/evm.utg18036.10/evm.utg4177.23/evm.utg2932.9/evm.utg1694.43/evm.utg2291.1/evm.utg1302.15/evm.utg436.16/evm.utg56.44/utg1846.equina_smart_916736.mrna1/evm.utg2024.4/evm.utg7066.5/evm.utg977.7/evm.utg18036.9/evm.utg1272.32/evm.utg1278.52/evm.utg7066.3/evm.utg2932.7/utg4062.equina_smart_1466336.mrna2/evm.utg3790.18/utg2156.equina_smart_1726560.mrna2/evm.utg1623.26/evm.utg436.18/evm.utg2007.2/evm.utg3787.20/evm.utg1629.2/evm.utg7289.63/utg1846.equina_smart_1438253.mrna1/evm.utg910.117/evm.utg4605.36/utg1786.equina_smart_956984.mrna1/evm.utg5059.48/utg4455.equina_smart_1048859.mrna1/evm.utg190.77/evm.utg4605.41/utg388.equina_smart_337793.mrna2/evm.utg590.7/utg245.equina_smart_826176.mrna1/evm.utg1575.1/evm.utg2858.30/evm.utg2704.27/evm.utg1358.29/evm.utg6373.14/evm.utg27988.8/evm.utg4956.15/utg4455.equina_smart_1548799.mrna1/evm.utg4177.21/evm.utg4605.40/evm.utg3899.24/evm.utg436.20/evm.utg34597.12/evm.utg6445.1/evm.utg436.19/evm.utg1786.15/evm.utg300.70/evm.utg910.118/evm.utg1272.125/evm.utg21429.1/utg1786.equina_smart_1688722.mrna2/utg2667.equina_smart_398419.mrna2/evm.utg405.75/utg144.equina_smart_1238220.mrna1/evm.utg5390.20/utg2156.equina_smart_270287.mrna1/evm.utg14.51/evm.utg1497.9/evm.utg3284.9/evm.utg32707.1/evm.utg116.189/evm.utg5059.46/evm.utg7403.5/evm.utg234.37/evm.utg2115.17/utg6781.equina_smart_1461350.mrna1/evm.utg2704.26/evm.utg125.162/evm.utg4271.90/evm.utg729.116/evm.utg126.83/evm.utg293.23/evm.utg2379.7/evm.utg1919.9/utg2156.equina_smart_428150.mrna1/evm.utg115.9/utg9284.equina_smart_1466336.mrna1/utg6781.equina_smart_1389976.mrna2/evm.utg1542.15/utg2156.equina_smart_1442310.mrna1/evm.utg276.4/evm.utg735.57/utg2156.equina_smart_934493.mrna1/evm.utg2247.30/utg2156.equina_smart_1400709.mrna2/evm.utg1746.3/evm.utg52.111","molecular_functions","diesel_added"
"GO:0030414...43","GO:0030414","peptidase inhibitor activity",78,-0.640560899503273,-2.3755887775935,6.89074762571572e-07,0.000231529120224048,0.000211074479903503,3858,"tags=40%, list=9%, signal=36%","evm.utg209609.2/evm.utg379.46/evm.utg1609.5/evm.utg544.14/evm.utg334.78/evm.utg580.26/evm.utg413.23/evm.utg5689.7/evm.utg32458.10/evm.utg5689.8/evm.utg8.10/evm.utg2100.31/utg19074.equina_smart_1694011.mrna2/evm.utg580.6/utg334.equina_smart_1340223.mrna2/evm.utg5073.2/evm.utg19074.8/evm.utg616.126/evm.utg413.26/evm.utg104.64/evm.utg1290.3/evm.utg20736.15/evm.utg1290.2/evm.utg37512.1/evm.utg544.11/utg544.equina_smart_1559235utrorf.mrna1/evm.utg2417.38/evm.utg14703.2/evm.utg4207.23/evm.utg104.63/evm.utg52.99","molecular_functions","salinity_added"
"GO:0005525...44","GO:0005525","GTP binding",500,0.374373346037009,1.75770192509613,7.08607583757265e-06,0.00119046074071221,0.00108528845722823,4498,"tags=14%, list=11%, signal=13%","evm.utg7168.11/evm.utg7168.18/evm.utg7168.14/evm.utg7168.12/evm.utg7168.17/evm.utg1786.18/evm.utg420.132/evm.utg1609.51/evm.utg14876.3/utg31304.equina_smart_1477688.mrna1/evm.utg1575.28/evm.utg1786.17/evm.utg4576.2/evm.utg4576.3/evm.utg817.5/evm.utg1686.10.11/utg693.equina_smart_1421073.mrna1/evm.utg514.15/evm.utg4157.38/evm.utg470.8/evm.utg116.291/evm.utg693.2/evm.utg2969.16/evm.utg693.3/evm.utg55532.4/evm.utg1363.5/utg2969.equina_smart_124203.mrna2/evm.utg1786.19/evm.utg693.4/evm.utg1277.42/evm.utg3509.8/evm.utg262.10.11/evm.utg300.55/evm.utg31304.1/evm.utg3906.11/evm.utg276.53/evm.utg1363.53/evm.utg364.46/evm.utg1551.1/evm.utg7938.3/evm.utg217.39/evm.utg62.18/evm.utg320.116/evm.utg1091.38/evm.utg4796.8/evm.utg1919.103/evm.utg31304.3/evm.utg5885.30/evm.utg86.83/evm.utg31304.2/evm.utg693.6/evm.utg693.5/evm.utg378.53/evm.utg401.64/evm.utg8.30/evm.utg2417.49/evm.utg18.6/evm.utg714.18/evm.utg18.4/evm.utg4576.1/evm.utg15552.6/evm.utg116.364/evm.utg625.38/evm.utg280.52/evm.utg31304.4/evm.utg1363.3/evm.utg3284.40/evm.utg577.36/evm.utg207.128/evm.utg1363.6/evm.utg126.129/evm.utg10541.3","molecular_functions","salinity_added"
"GO:0140662...45","GO:0140662","ATP-dependent protein folding chaperone",48,0.698944839715737,2.38175468925203,1.80858722709e-05,0.0020256176943408,0.00184666274766032,5082,"tags=52%, list=12%, signal=46%","evm.utg14533.3/evm.utg405.9/evm.utg2818.25/evm.utg3155.40/evm.utg736.62/utg125.equina_smart_1399144.mrna1/evm.utg109891.3/evm.utg2801.49/evm.utg1056.108/evm.utg129.13/evm.utg3155.45/evm.utg3155.44/evm.utg1056.109/evm.utg95.9/evm.utg8494.56/evm.utg19612.5/evm.utg637.4/evm.utg798.21/evm.utg125.72/evm.utg280.41/evm.utg2129.128/evm.utg2246.95/evm.utg3155.43/utg125.equina_smart_942076.mrna2/evm.utg2108.14","molecular_functions","salinity_added"
"GO:0005200...46","GO:0005200","structural constituent of cytoskeleton",46,0.704446828791973,2.37736242037419,8.24537140593739e-05,0.0064658922078251,0.00589465736991574,7759,"tags=65%, list=18%, signal=53%","utg31304.equina_smart_1477688.mrna1/evm.utg1575.28/utg693.equina_smart_1421073.mrna1/evm.utg693.2/evm.utg693.3/evm.utg1363.5/utg2969.equina_smart_124203.mrna2/evm.utg693.4/evm.utg1277.42/evm.utg262.10.11/evm.utg31304.1/evm.utg31304.3/evm.utg31304.2/evm.utg693.6/evm.utg693.5/evm.utg378.53/evm.utg18.6/evm.utg18.4/evm.utg31304.4/evm.utg1363.3/evm.utg1363.6/evm.utg338.64/evm.utg1609.43/evm.utg3201.11/evm.utg1609.42/utg1363.equina_smart_1433367.mrna1/evm.utg1609.41/evm.utg3201.10/evm.utg18.5/evm.utg612.4","molecular_functions","salinity_added"
"GO:0004252...47","GO:0004252","serine-type endopeptidase activity",266,-0.383731744230653,-1.6855320495308,0.00011546236085402,0.0064658922078251,0.00589465736991574,8969,"tags=34%, list=21%, signal=27%","evm.utg699.52/utg501.equina_smart_1416296.mrna1/evm.utg750.80/evm.utg324.60/evm.utg125.190/evm.utg307.8/evm.utg1002.26/evm.utg52.25/utg1629.equina_smart_1005224.mrna2/utg1910.equina_smart_44201.mrna1/evm.utg234.109/evm.utg78.75/evm.utg2156.29.31/evm.utg293.38/evm.utg234.77/evm.utg625.112/evm.utg2779.10/evm.utg86.55/evm.utg2083.34/evm.utg52.48/evm.utg1302.12/evm.utg21429.1/evm.utg4880.18/evm.utg479.78/evm.utg7821.45/evm.utg8494.84/evm.utg1372.13/evm.utg1629.8/evm.utg5033.10/evm.utg78.73/evm.utg616.127/evm.utg1754.56/evm.utg1629.15/evm.utg5885.37/evm.utg109.108/evm.utg338.40/evm.utg401.8/evm.utg24783.15/evm.utg699.53/evm.utg1270.11/evm.utg1754.60/evm.utg26572.6/evm.utg868.85/evm.utg234.79/evm.utg2159.33/evm.utg24053.6/evm.utg1629.16/evm.utg1372.9/evm.utg234.133/evm.utg11123.4/evm.utg699.89/evm.utg225.2/evm.utg150.55/utg234.evm.utg234.133.mrna2/evm.utg729.128/evm.utg868.84/evm.utg1754.58/evm.utg234.36/evm.utg234.138/evm.utg910.128/evm.utg666.10/evm.utg1270.27/evm.utg1372.11/evm.utg699.90/evm.utg5370.3/evm.utg4613.98/evm.utg868.83/evm.utg15197.20/evm.utg14412.1/evm.utg5689.7/evm.utg5689.8/evm.utg729.124/evm.utg597.215/evm.utg1285.84/evm.utg4271.42/evm.utg5689.4/evm.utg24053.5/evm.utg1629.7/evm.utg234.140/evm.utg616.126/evm.utg2716.9/evm.utg666.12/evm.utg1629.18/evm.utg5370.2/evm.utg116.256/evm.utg129.41/evm.utg2704.30/evm.utg13322.6/evm.utg2704.29/evm.utg1629.17/evm.utg1052.21","molecular_functions","salinity_added"
"GO:0005044...48","GO:0005044","scavenger receptor activity",330,-0.366642884729401,-1.64867065841433,0.000109244610497111,0.0064658922078251,0.00589465736991574,6763,"tags=28%, list=16%, signal=24%","evm.utg1358.33/evm.utg2969.49/evm.utg577.89/evm.utg5176.8/evm.utg5059.7/evm.utg388.13/evm.utg1358.31/evm.utg9472.6/utg750.equina_smart_1166396.mrna1/evm.utg6677.7/evm.utg2969.47/evm.utg300.24/evm.utg7127.7/evm.utg415.29/evm.utg1285.28/evm.utg5176.5/evm.utg236.2/evm.utg5059.6/evm.utg9472.9/evm.utg936.22/evm.utg579.57/evm.utg9472.7/evm.utg858.1/evm.utg2838.15/evm.utg3790.31/evm.utg858.72/evm.utg577.67/evm.utg19356.8/evm.utg5059.8/evm.utg236.6/evm.utg2246.57/evm.utg10588.23/evm.utg577.68/evm.utg1765.4/evm.utg6677.2/evm.utg6401.64/evm.utg5294.28/utg750.equina_smart_3716.mrna2/evm.utg5059.9/evm.utg17602.1/evm.utg1765.2/evm.utg5370.3/utg9625.equina_smart_1466841utrorf.mrna1/utg388.equina_smart_563588.mrna1/evm.utg6677.6/utg9625.equina_smart_1466841.mrna1/evm.utg7148.9/evm.utg8851.76/evm.utg17602.2/evm.utg1765.1/evm.utg24783.2/evm.utg24783.3/evm.utg54.10/evm.utg1330.23/evm.utg15506.27/evm.utg4796.28/evm.utg54.9/evm.utg2858.6/evm.utg26093.3/evm.utg363.1/evm.utg24783.4/utg858.evm.utg79231.1.mrna2/evm.utg2200.4/evm.utg8851.75/evm.utg363.8/evm.utg15664.3/utg73.equina_smart_1395412.mrna1/evm.utg108328.4/evm.utg6446.13/evm.utg54.8/evm.utg116.316/evm.utg5370.2/evm.utg108328.3/evm.utg5059.10/utg236.evm.utg19356.5.mrna2/evm.utg26093.4/evm.utg236.4/evm.utg1285.29/evm.utg1052.13/evm.utg8851.77/evm.utg324.92/evm.utg13.50/evm.utg572.21/evm.utg577.94/evm.utg577.79/evm.utg2704.30/evm.utg2123.45/evm.utg13.51/evm.utg2858.1/evm.utg338.89/evm.utg2704.29/evm.utg577.97","molecular_functions","salinity_added"
"GO:0003700...49","GO:0003700","DNA-binding transcription factor activity",272,0.399867550088728,1.77703268710176,0.000144432266206505,0.00693274877791225,0.00632026909264556,6687,"tags=30%, list=16%, signal=26%","evm.utg420.46/evm.utg34597.9/evm.utg34597.8/evm.utg34597.7/evm.utg420.44/evm.utg3403.1/evm.utg1507.1/evm.utg34597.10/evm.utg2716.7/evm.utg104.72/evm.utg78.71/evm.utg777.4/evm.utg2426.18/evm.utg104.73/evm.utg109.65/evm.utg116.190/evm.utg3403.3/evm.utg4.9/evm.utg750.43/evm.utg3474.31/evm.utg7522.11/evm.utg3283.34/evm.utg1507.6/evm.utg761.42/evm.utg162.25/evm.utg163.36.38/evm.utg1051.38/evm.utg9762.1/evm.utg479.157/evm.utg1565.12/evm.utg2129.13/evm.utg6959.3/evm.utg1995.8/evm.utg324.209/evm.utg420.41/evm.utg29.1/evm.utg1005.68/evm.utg777.45/evm.utg26697.3/evm.utg13607.9/evm.utg3803.11/evm.utg3474.30/evm.utg3899.14/evm.utg15156.22/evm.utg10463.13/evm.utg3913.44/evm.utg27.69/evm.utg536.24/evm.utg5652.41/evm.utg381.78/evm.utg7217.31/evm.utg320.141/evm.utg3913.31/evm.utg15156.23/evm.utg18294.6/evm.utg4326.26/evm.utg3156.21/evm.utg10470.33/evm.utg736.17/evm.utg8.57/evm.utg324.153/evm.utg1925.59/evm.utg162.7/evm.utg470.10/evm.utg101.113/evm.utg4468.28/evm.utg146.18/evm.utg37512.3/evm.utg10463.11/evm.utg7652.31/evm.utg11411.29/evm.utg577.53/evm.utg1683.20/evm.utg18271.3/evm.utg10588.30/evm.utg4886.11/evm.utg1056.28/evm.utg1781.29/evm.utg4605.27/evm.utg381.35/evm.utg3013.24/evm.utg1846.45","molecular_functions","salinity_added"
"GO:0005201...50","GO:0005201","extracellular matrix structural constituent",120,-0.478664580305197,-1.89019405995664,0.000184916042237418,0.00718134570782868,0.00654690351183629,5852,"tags=26%, list=14%, signal=22%","evm.utg820.6/evm.utg1052.36/evm.utg55667.1/evm.utg378.58/evm.utg1056.71/evm.utg9740.7/evm.utg378.57/evm.utg209609.2/evm.utg130819.1/utg154100.equina_smart_991908.mrna2/evm.utg1497.2/evm.utg1052.34/evm.utg145.64/evm.utg4907.54/utg19074.equina_smart_1694011.mrna2/evm.utg19074.8/evm.utg5885.76/evm.utg714.23/evm.utg2614.21/evm.utg14287.46/evm.utg1497.1/evm.utg485.6/evm.utg4826.1/evm.utg544.16/evm.utg816.13/evm.utg1056.72/evm.utg207.13/evm.utg616.15/evm.utg544.11/evm.utg55.212/utg544.equina_smart_1559235utrorf.mrna1","molecular_functions","salinity_added"
"GO:0003735...51","GO:0003735","structural constituent of ribosome",212,-0.404332248498802,-1.73558396534716,0.00019235747431684,0.00718134570782868,0.00654690351183629,15841,"tags=63%, list=38%, signal=40%","evm.utg729.96/evm.utg116.287/evm.utg14287.6/evm.utg3019.36/evm.utg77.8/evm.utg4464.16/evm.utg1846.8/evm.utg1648.24/evm.utg343339.2/evm.utg389.13/evm.utg411.52/evm.utg791.8/evm.utg1925.24/evm.utg729.98/evm.utg1372.18/evm.utg729.46/evm.utg301.37/evm.utg1588.14/evm.utg415.116/evm.utg483.56/evm.utg4716.3/utg788.equina_smart_1260423.mrna1/evm.utg3799.21/evm.utg479.58/evm.utg2929.10/evm.utg72.21/evm.utg6078.32/evm.utg126.157/utg86.equina_smart_1445806.mrna2/evm.utg3553.8/evm.utg301.138/evm.utg498.48/evm.utg579.15/evm.utg699.4/evm.utg579.70/evm.utg324.14/evm.utg1109.26/evm.utg798.61/evm.utg910.151/evm.utg418.50/evm.utg236.39/evm.utg116.286/evm.utg1800.6/evm.utg3839.30/evm.utg7145.61/evm.utg622.63/evm.utg207.63/evm.utg577.29/evm.utg344.47/evm.utg1910.32/evm.utg498.129/evm.utg2757.29/evm.utg20618.3/evm.utg2129.121/evm.utg7217.40/evm.utg2814.18/evm.utg55.88/evm.utg577.105/evm.utg301.49/evm.utg496.27/evm.utg890.45/utg2581.equina_smart_1098872.mrna2/evm.utg62.20/evm.utg381.21/evm.utg2967.31/evm.utg798.17/evm.utg3235.7/evm.utg5885.98/evm.utg7145.43/evm.utg129.21/evm.utg4610.29/evm.utg16027.9/evm.utg577.30/evm.utg1517.5/evm.utg320.85/evm.utg1910.34/evm.utg378.108/evm.utg236.43/evm.utg73.68/evm.utg868.49/evm.utg1565.85/evm.utg17809.12/evm.utg2007.14/evm.utg1109.3/evm.utg379.48/evm.utg4194.6/evm.utg597.5/evm.utg18.9/evm.utg3878.21/evm.utg498.143/evm.utg420.100/evm.utg207.20/evm.utg1226.13/evm.utg1931.13/evm.utg48209.2/evm.utg2108.6/evm.utg234.86/evm.utg8494.9/evm.utg15585.12/evm.utg378.170/evm.utg498.93/evm.utg18409.1/evm.utg2108.11/evm.utg597.212/evm.utg544.4/evm.utg92.66/evm.utg9216.5/evm.utg5652.50/evm.utg55.156/evm.utg1056.36/evm.utg1931.75/evm.utg3677.28/evm.utg797.57/evm.utg150.50/evm.utg6072.8/evm.utg234.64/evm.utg4886.30/evm.utg77.113/evm.utg1226.19/evm.utg5417.26/evm.utg535.38/evm.utg180.72/evm.utg17994.10/evm.utg243.70/evm.utg15585.14/evm.utg797.58/evm.utg14.81/evm.utg378.169/evm.utg577.73/evm.utg1507.31/evm.utg4187.32/evm.utg3790.42/evm.utg378.167/evm.utg378.168","molecular_functions","salinity_added"
"GO:0003964","GO:0003964","RNA-directed DNA polymerase activity",247,0.401263061342434,1.76291937073638,0.000303740107673461,0.00858586773258432,0.00782734182387856,11061,"tags=40%, list=26%, signal=30%","evm.utg924.14/evm.utg470.3/evm.utg3470.17/evm.utg777.82/evm.utg2097.25/evm.utg2247.20/evm.utg1243.6/evm.utg279.16/evm.utg5975.25/evm.utg5066.14/evm.utg4318.6/evm.utg18927.5/evm.utg5080.12/evm.utg1742.6/evm.utg912.13/evm.utg463.4/evm.utg8262.19/evm.utg18927.4/evm.utg298.110/evm.utg20813.5/evm.utg1800.22/evm.utg5885.79/evm.utg622.176/evm.utg15197.1/evm.utg1683.46/evm.utg5885.80/evm.utg1691.7/evm.utg62.117/evm.utg3452.14/evm.utg382.56/evm.utg3339.27/evm.utg24016.7/evm.utg1825.9/utg2123.evm.utg4318.6.mrna4/utg2849.evm.utg8262.19.mrna2/evm.utg1819.42/evm.utg31.90/evm.utg910.134/evm.utg2333.2/evm.utg4695.82/evm.utg6183.17/evm.utg2757.64/evm.utg405.29/evm.utg2483.23/evm.utg464.226/evm.utg38960.22/evm.utg4321.7/evm.utg4613.93/evm.utg7839.7/evm.utg7652.8/evm.utg2379.24/evm.utg26474.1/evm.utg498.68/evm.utg372.42/evm.utg882.9/evm.utg1663.14/evm.utg5294.35/evm.utg691.18/evm.utg192.83/evm.utg17102.18/evm.utg6504.6/evm.utg3093.5/evm.utg7286.2/evm.utg597.6/evm.utg2849.9/utg5447.evm.utg8262.27.mrna5/evm.utg17809.3/evm.utg2818.67/evm.utg5066.13/evm.utg989.36/evm.utg750.29/evm.utg1140.5/evm.utg6373.12/evm.utg24357.24/evm.utg31.10/evm.utg8262.27/evm.utg542.92/evm.utg19545.4/evm.utg3210.15/evm.utg207.1/evm.utg13981.26/evm.utg26337.7/evm.utg4972.5/evm.utg10114.11/evm.utg6504.1/evm.utg1694.57/utg1923.equina_smart_1488230.mrna3/evm.utg29.12/utg1290.equina_smart_1488230.mrna2/utg162.equina_smart_1488230.mrna1/evm.utg1395.39/evm.utg234.42/evm.utg10385.4/evm.utg464.178/evm.utg356.153/evm.utg25265.10/evm.utg186.13/evm.utg1143.29/utg3292.equina_smart_4256.mrna11","molecular_functions","salinity_added"
"GO:0022857...53","GO:0022857","transmembrane transporter activity",388,0.358967924532147,1.64938464897989,0.000275022200759414,0.00858586773258432,0.00782734182387856,5779,"tags=22%, list=14%, signal=19%","evm.utg52.15/evm.utg924.21/evm.utg217.36/evm.utg77.138/evm.utg924.22/evm.utg1919.26/evm.utg52.16/evm.utg1919.22/evm.utg1708.39/evm.utg1663.29/evm.utg1525.33/evm.utg209.48/evm.utg2216.16/evm.utg1919.21/evm.utg10.13/evm.utg381.32/evm.utg1663.28/evm.utg217.35/evm.utg1525.34/utg4207.equina_smart_512932.mrna1/evm.utg77.137/evm.utg2353.45/evm.utg666.32/evm.utg6432.52/evm.utg6432.47/utg750.equina_smart_1422918.mrna1/evm.utg2353.44/evm.utg401.48/evm.utg45687.7/evm.utg34691.12/utg750.equina_smart_1177674.mrna1/evm.utg12986.24/evm.utg411.79/evm.utg12986.23/evm.utg62.33/evm.utg1708.42/evm.utg2838.10/evm.utg5033.28/evm.utg3380.27/evm.utg4922.3/evm.utg236.37/evm.utg4046.38/evm.utg9740.6/evm.utg7839.6/evm.utg3642.10/evm.utg3753.64/evm.utg2353.42/evm.utg1278.85/evm.utg498.148/evm.utg750.64/evm.utg10470.29/evm.utg21228.1/evm.utg10541.25/evm.utg1278.86/evm.utg432.69/evm.utg498.183/evm.utg126.30/evm.utg408.48/evm.utg163.10/evm.utg729.163/evm.utg1565.23/evm.utg6422.7/evm.utg401.7/evm.utg857.13/evm.utg1272.54/evm.utg45687.8/evm.utg4922.1/evm.utg301.60/evm.utg2099.43/evm.utg1032.49/evm.utg3155.29/evm.utg1919.28/evm.utg3753.57/evm.utg5290.1/evm.utg7149.10/evm.utg12655.50/evm.utg15164.50/evm.utg401.6/evm.utg1694.38.39/evm.utg25826.24/evm.utg7661.1/evm.utg15164.51/evm.utg1588.9/evm.utg4567.20/evm.utg4172.12/evm.utg1565.22","molecular_functions","salinity_added"
"GO:0016491...54","GO:0016491","oxidoreductase activity",319,-0.359177412496912,-1.60384547645302,0.000306638133306583,0.00858586773258432,0.00782734182387856,6107,"tags=23%, list=15%, signal=20%","evm.utg356.157/evm.utg1972.1/evm.utg6958.33/evm.utg21766.4/evm.utg6806.24/evm.utg97204.6/evm.utg324.97/evm.utg470.94/evm.utg700.22/evm.utg280.49/evm.utg348.6/evm.utg8.13/evm.utg37453.6/evm.utg4155.27/evm.utg7855.26/evm.utg1031.57/evm.utg413.51/evm.utg1022.33/evm.utg22299.1/evm.utg2123.9/evm.utg3499.5/evm.utg239.19/evm.utg4.53/evm.utg5059.14/evm.utg172.138/evm.utg1221.18/evm.utg7931.8/evm.utg1455.33/evm.utg4326.30/evm.utg301.18/evm.utg20618.1/evm.utg320.120/evm.utg715.98/evm.utg101.99/evm.utg3753.16/evm.utg729.130/evm.utg4709.24/evm.utg3753.17/evm.utg21766.3/evm.utg217.29/evm.utg3499.3/evm.utg3797.30/evm.utg116.121/evm.utg467.6/evm.utg4709.19/evm.utg298.12/evm.utg4907.69/evm.utg1708.29/evm.utg38114.16/evm.utg532.16/evm.utg790.58/evm.utg413.52/evm.utg977.23/evm.utg2417.41/evm.utg1221.19/evm.utg1355.25/evm.utg3499.4/evm.utg298.11/evm.utg992.14/evm.utg3790.23/evm.utg307.15/evm.utg6958.34/evm.utg3499.9/evm.utg3019.11/evm.utg9668.2/evm.utg27.96/utg700.equina_smart_1421472.mrna1/evm.utg3019.12/evm.utg1455.34/evm.utg3499.7/evm.utg3499.10/evm.utg9668.1/utg700.equina_smart_1421475.mrna1","molecular_functions","salinity_added"
"GO:0000977...55","GO:0000977","RNA polymerase II transcription regulatory region sequence-specific DNA binding",19,-0.711671764402606,-1.97938988827893,0.000426654191838968,0.0110273698813764,0.0100531473542623,5307,"tags=58%, list=13%, signal=51%","evm.utg4082.25/evm.utg710.11/evm.utg7179.18/evm.utg564.25/evm.utg4605.34/evm.utg62.142/evm.utg2417.4/evm.utg4455.13/evm.utg1497.11/evm.utg109.42/evm.utg470.38","molecular_functions","salinity_added"
"GO:0015229","GO:0015229","L-ascorbic acid transmembrane transporter activity",14,0.751325163773495,1.92429620508459,0.00140402949466208,0.0336967078718899,0.0307197430786966,1448,"tags=43%, list=3%, signal=41%","evm.utg7652.27/evm.utg7652.24/evm.utg6183.14/evm.utg6183.15/evm.utg170.23/evm.utg170.24","molecular_functions","salinity_added"
"GO:0016747","GO:0016747","acyltransferase activity, transferring groups other than amino-acyl groups",60,-0.537748366111723,-1.90838864614063,0.00177819984392851,0.037627024677859,0.0343028326480482,7059,"tags=45%, list=17%, signal=38%","evm.utg686.44/evm.utg707.13/evm.utg714.30/evm.utg577.107/evm.utg790.16/evm.utg2073.3/evm.utg21766.40/evm.utg707.6/evm.utg2073.8/evm.utg280.6/evm.utg1056.48/evm.utg1571.19/evm.utg415.45/evm.utg300.20/evm.utg2246.60/evm.utg707.10/evm.utg300.18/evm.utg8609.15/evm.utg8778.4/evm.utg372.49/evm.utg707.5/evm.utg300.19/evm.utg245.25/evm.utg1507.30/evm.utg1290.23/evm.utg2073.5/evm.utg2814.29","molecular_functions","salinity_added"
"GO:0001786","GO:0001786","phosphatidylserine binding",37,-0.572898351657604,-1.83052355493067,0.00179176307989805,0.037627024677859,0.0343028326480482,6891,"tags=46%, list=16%, signal=38%","evm.utg1051.91/evm.utg2099.17/evm.utg2129.9/evm.utg27.149/evm.utg8.1/evm.utg2417.27/evm.utg2099.66/evm.utg1056.20/evm.utg2099.54/evm.utg418.76/evm.utg16283.16/evm.utg1251.12/evm.utg2417.28/evm.utg1051.92/evm.utg2129.10/evm.utg1051.93/evm.utg637.11","molecular_functions","salinity_added"
"GO:0004500","GO:0004500","dopamine beta-monooxygenase activity",29,-0.691707669709962,-2.12113713591598,0.00208160290379575,0.0388565875375206,0.0354237687137171,2324,"tags=24%, list=6%, signal=23%","evm.utg659.16/evm.utg579.102/utg432.equina_smart_1413652.mrna1/evm.utg125.186/evm.utg4207.21/evm.utg4207.19/evm.utg4207.20","molecular_functions","salinity_added"
"GO:0003684","GO:0003684","damaged DNA binding",33,-0.612044019114443,-1.92591029351298,0.00200986416141087,0.0388565875375206,0.0354237687137171,3694,"tags=36%, list=9%, signal=33%","evm.utg3797.13/evm.utg302.25/evm.utg1900.22/evm.utg10588.14/evm.utg4502.3/evm.utg622.145/evm.utg622.147/evm.utg1530.13/evm.utg2108.27/evm.utg9668.24/evm.utg700.10/evm.utg23233.3","molecular_functions","salinity_added"
"GO:0061780","GO:0061780","mitotic cohesin loading",60,-0.517330376565495,-1.79714578429772,0.000211600098470237,0.0303293474474006,0.0253177661678424,6382,"tags=52%, list=15%, signal=44%","evm.utg415.70/evm.utg5950.20/evm.utg625.110/evm.utg190.1/evm.utg858.19/evm.utg16036.16/evm.utg7264.7/evm.utg4383.28/evm.utg56.47/evm.utg2817.19/evm.utg3159.12/evm.utg149521.3/evm.utg2338.18/evm.utg2129.202/evm.utg4194.18/evm.utg381.50/evm.utg4501.15/evm.utg2115.15/evm.utg92.148/evm.utg1925.21/evm.utg92.119/evm.utg1243.12/evm.utg16036.27/evm.utg2581.2/evm.utg1900.25/evm.utg4194.25/evm.utg470.50/evm.utg225.60/evm.utg207.124/evm.utg1140.13/evm.utg7286.58","biological_processes","additive"
"GO:0006412...62","GO:0006412","translation",197,-0.419417091449817,-1.76490347496639,0.000165267736636626,0.0303293474474006,0.0253177661678424,15821,"tags=71%, list=38%, signal=45%","evm.utg301.16/evm.utg479.58/evm.utg73.68/evm.utg62.20/evm.utg324.14/evm.utg219.71/evm.utg47.27/evm.utg483.56/evm.utg9313.24/evm.utg4.45/evm.utg6821.23/evm.utg8494.9/evm.utg3092.46/evm.utg3799.21/evm.utg1962.9/evm.utg411.52/evm.utg590.13/evm.utg1588.14/evm.utg868.5/evm.utg622.63/evm.utg301.37/evm.utg729.96/evm.utg125.18/evm.utg791.8/evm.utg56.53/evm.utg1372.18/evm.utg5176.12/evm.utg505.41/evm.utg1648.24/evm.utg3878.28/evm.utg18633.16/evm.utg1846.8/evm.utg7522.33/evm.utg415.116/evm.utg729.46/evm.utg343339.2/utg86.equina_smart_1445806.mrna2/evm.utg577.29/evm.utg693.66/utg2581.equina_smart_1098872.mrna2/evm.utg2967.31/evm.utg301.138/evm.utg4716.3/evm.utg236.39/evm.utg16027.9/evm.utg890.45/evm.utg532.13/evm.utg344.47/evm.utg107.57/evm.utg910.151/evm.utg699.4/evm.utg378.133/evm.utg1925.24/evm.utg77.8/evm.utg2814.18/evm.utg7217.55/evm.utg2929.10/evm.utg1109.26/evm.utg150.93/utg788.equina_smart_1260423.mrna1/evm.utg1800.6/evm.utg2129.121/evm.utg577.105/evm.utg381.21/evm.utg3235.7/evm.utg116.286/evm.utg14287.6/evm.utg2757.29/evm.utg1910.32/evm.utg17809.12/evm.utg129.21/evm.utg301.49/evm.utg3553.8/evm.utg12897.18/evm.utg496.27/evm.utg579.70/evm.utg498.48/evm.utg5885.98/evm.utg9216.5/evm.utg798.17/evm.utg48209.2/evm.utg3878.21/evm.utg924.59/evm.utg7217.40/evm.utg4464.16/evm.utg15585.12/evm.utg7145.61/evm.utg207.63/evm.utg498.129/evm.utg597.5/evm.utg2007.14/evm.utg1109.3/evm.utg1565.85/evm.utg1910.34/evm.utg420.100/evm.utg378.108/evm.utg868.49/evm.utg1226.13/evm.utg320.85/evm.utg498.143/evm.utg544.4/evm.utg234.64/evm.utg207.20/evm.utg55.156/evm.utg498.93/evm.utg55.88/evm.utg1931.13/evm.utg4194.6/evm.utg126.157/evm.utg92.66/evm.utg1056.36/evm.utg1517.5/evm.utg234.86/evm.utg1931.75/evm.utg597.212/evm.utg3677.28/evm.utg77.113/evm.utg378.170/evm.utg6072.8/evm.utg379.48/evm.utg577.30/evm.utg7145.43/evm.utg498.88/evm.utg1226.19/evm.utg577.73/evm.utg2108.6/evm.utg180.72/evm.utg797.57/evm.utg52.55/evm.utg18409.1/evm.utg15585.14/evm.utg14.81/evm.utg243.70/evm.utg3790.42/evm.utg797.58/evm.utg1507.31/evm.utg378.169/evm.utg4187.32/evm.utg378.167/evm.utg378.168","biological_processes","additive"
"GO:0006310...63","GO:0006310","DNA recombination",462,-0.338329430040844,-1.55229732957485,0.000139452748403263,0.0303293474474006,0.0253177661678424,10838,"tags=34%, list=26%, signal=25%","evm.utg1281.30/evm.utg579.4/evm.utg1079.4/evm.utg1204.39/evm.utg36986.1/evm.utg5390.63/evm.utg15716.7/evm.utg3550.17/evm.utg648.32/evm.utg54636.3/evm.utg2601.11/evm.utg456.34/evm.utg3380.37/evm.utg1177.17/evm.utg6504.9/evm.utg4613.73/evm.utg18686.22/evm.utg5068.7/evm.utg324.26/utg10358.equina_smart_99644.mrna2/evm.utg435.18/evm.utg3090.45/evm.utg1236.8/evm.utg483.50/evm.utg28737.14/evm.utg4610.42/evm.utg3090.2/evm.utg479.44/evm.utg77.87/evm.utg27529.3/evm.utg1253.77/evm.utg256.31/evm.utg501.24/evm.utg1101.44/evm.utg30399.7/evm.utg3164.1/evm.utg5414.44/evm.utg203.81/evm.utg22414.5/evm.utg372.50/evm.utg691.23/evm.utg438.10/evm.utg8726.14/evm.utg1767.1/evm.utg1056.146/evm.utg2327.24/evm.utg777.35/evm.utg125.180/evm.utg479.46/evm.utg4501.2/evm.utg505.52/utg10470.evm.utg7145.42.mrna2/evm.utg7145.42/evm.utg594.7/evm.utg78.109/evm.utg1819.48/evm.utg691.12/evm.utg1253.23/evm.utg320.29/evm.utg192.85/evm.utg14021.16/evm.utg1101.47/evm.utg8892.20/evm.utg225.113/evm.utg24075.5/evm.utg268.22/evm.utg8609.17/evm.utg888.71/evm.utg3164.55/evm.utg2601.10/evm.utg936.37/evm.utg173190.1/evm.utg31532.3/evm.utg15585.23/utg1579.equina_smart_1435500.mrna1/evm.utg27529.1/evm.utg5059.5/evm.utg15197.15/evm.utg505.1/evm.utg936.33/evm.utg936.35/evm.utg2083.13/evm.utg1221.6/evm.utg86.15/evm.utg13.42/evm.utg2526.3/evm.utg8851.52/evm.utg8792.21/evm.utg1239.10/utg16223.equina_smart_99644.mrna1/evm.utg7680.4/evm.utg6293.27/evm.utg33828.4/evm.utg479.45/evm.utg2299.2/evm.utg1654.9/evm.utg3669.10/evm.utg691.10/evm.utg882.12/evm.utg1452.5/evm.utg777.33/evm.utg1205.53/evm.utg438.11/evm.utg21873.16/evm.utg17602.3/evm.utg12230.12/evm.utg483.51/evm.utg4737.6/evm.utg4605.50/evm.utg1995.14/evm.utg77.114/evm.utg3090.41/evm.utg5414.29/utg4303.equina_smart_1454938.mrna1/utg4303.equina_smart_1435511.mrna1/utg14287.equina_smart_1752363utrorf.mrna1/evm.utg7286.7/evm.utg2159.2/evm.utg2274.11/utg1579.equina_smart_1454938.mrna2/evm.utg3870.10/evm.utg456.36/evm.utg78.108/evm.utg4652.22/evm.utg1579.3/evm.utg117.23/evm.utg1910.108/evm.utg700.33/evm.utg13793.33/evm.utg207.39/evm.utg31.89/evm.utg102448.4/evm.utg107084.2/evm.utg1022.10/evm.utg3197.14/evm.utg7840.36/evm.utg1221.2/evm.utg2115.4/evm.utg483.47/evm.utg6423.20/evm.utg225.46/evm.utg1910.110/evm.utg67002.1/evm.utg888.70/evm.utg888.73/evm.utg7840.72/evm.utg888.65/evm.utg24075.8/evm.utg4977.3/evm.utg1910.100/evm.utg67002.5/evm.utg505.22/evm.utg2073.4/evm.utg359.34/evm.utg7840.3/evm.utg3164.27","biological_processes","additive"
"GO:0009311","GO:0009311","oligosaccharide metabolic process",10,0.81583258497071,2.03322999964948,0.0012273056707435,0.0487819947620271,0.0407213224329283,1142,"tags=50%, list=3%, signal=49%","evm.utg1972.86/evm.utg1972.84/evm.utg1972.85/evm.utg1972.87/evm.utg1972.81","biological_processes","additive"
"GO:0051260","GO:0051260","protein homooligomerization",114,0.468434149699052,1.95571168817236,0.00120479766640968,0.0487819947620271,0.0407213224329283,8239,"tags=37%, list=20%, signal=30%","evm.utg10358.10/evm.utg14902.29/evm.utg280.17/evm.utg2108.2/evm.utg280.28/evm.utg9902.8/evm.utg3722.2/evm.utg3722.4/evm.utg8494.92/evm.utg695.1/evm.utg3722.3/evm.utg109.86/evm.utg4898.5/evm.utg2246.35/evm.utg18019.8/evm.utg12724.17/evm.utg2246.33/evm.utg977.31/evm.utg300.50/evm.utg280.29/evm.utg1049.14/evm.utg12724.16/evm.utg3884.38/evm.utg332.9/evm.utg1721.30/evm.utg300.52/evm.utg31304.13/evm.utg344.4/evm.utg10628.24/evm.utg27318.18/evm.utg1354.19/evm.utg332.2/evm.utg1205.59/evm.utg27318.20.21/evm.utg17511.15/evm.utg370.102/evm.utg109.58/evm.utg3884.37/evm.utg17511.16.18/evm.utg8778.1/evm.utg55.23/evm.utg101.29","biological_processes","additive"
"GO:0034765","GO:0034765","regulation of monoatomic ion transmembrane transport",110,0.453767537612516,1.89028258197175,0.0007146788867813,0.0487819947620271,0.0407213224329283,6604,"tags=34%, list=16%, signal=28%","evm.utg14902.29/evm.utg280.17/evm.utg53212.1/evm.utg816.25/evm.utg280.28/evm.utg9902.8/evm.utg3722.2/evm.utg53212.2/evm.utg3722.4/evm.utg6035.4/evm.utg8494.92/evm.utg695.1/evm.utg4605.73/evm.utg2487.9/evm.utg3722.3/evm.utg4898.5/evm.utg18019.8/evm.utg12724.17/evm.utg6035.5/evm.utg2246.33/evm.utg1910.19/evm.utg280.29/evm.utg1049.14/evm.utg12724.16/evm.utg3884.38/evm.utg332.9/evm.utg6035.3/evm.utg300.52/evm.utg344.4/evm.utg10628.24/evm.utg1354.19/evm.utg332.2/evm.utg1205.59/evm.utg2012.11/utg1919.equina_smart_1883335.mrna1/evm.utg4028.7/evm.utg17511.15","biological_processes","additive"
"GO:0003007","GO:0003007","heart morphogenesis",57,-0.517036969979213,-1.77337827342467,0.00136135799335889,0.0487819947620271,0.0407213224329283,6382,"tags=53%, list=15%, signal=45%","evm.utg415.70/evm.utg625.110/evm.utg190.1/evm.utg858.19/evm.utg16036.16/evm.utg7264.7/evm.utg4383.28/evm.utg56.47/evm.utg2817.19/evm.utg3159.12/evm.utg149521.3/evm.utg2338.18/evm.utg2129.202/evm.utg4194.18/evm.utg381.50/evm.utg4501.15/evm.utg2115.15/evm.utg92.148/evm.utg1925.21/evm.utg92.119/evm.utg1243.12/evm.utg16036.27/evm.utg2581.2/evm.utg1900.25/evm.utg4194.25/evm.utg470.50/evm.utg225.60/evm.utg207.124/evm.utg1140.13/evm.utg7286.58","biological_processes","additive"
"GO:0035118","GO:0035118","embryonic pectoral fin morphogenesis",57,-0.517036969979213,-1.77337827342467,0.00136135799335889,0.0487819947620271,0.0407213224329283,6382,"tags=53%, list=15%, signal=45%","evm.utg415.70/evm.utg625.110/evm.utg190.1/evm.utg858.19/evm.utg16036.16/evm.utg7264.7/evm.utg4383.28/evm.utg56.47/evm.utg2817.19/evm.utg3159.12/evm.utg149521.3/evm.utg2338.18/evm.utg2129.202/evm.utg4194.18/evm.utg381.50/evm.utg4501.15/evm.utg2115.15/evm.utg92.148/evm.utg1925.21/evm.utg92.119/evm.utg1243.12/evm.utg16036.27/evm.utg2581.2/evm.utg1900.25/evm.utg4194.25/evm.utg470.50/evm.utg225.60/evm.utg207.124/evm.utg1140.13/evm.utg7286.58","biological_processes","additive"
"GO:0048565","GO:0048565","digestive tract development",57,-0.517036969979213,-1.77337827342467,0.00136135799335889,0.0487819947620271,0.0407213224329283,6382,"tags=53%, list=15%, signal=45%","evm.utg415.70/evm.utg625.110/evm.utg190.1/evm.utg858.19/evm.utg16036.16/evm.utg7264.7/evm.utg4383.28/evm.utg56.47/evm.utg2817.19/evm.utg3159.12/evm.utg149521.3/evm.utg2338.18/evm.utg2129.202/evm.utg4194.18/evm.utg381.50/evm.utg4501.15/evm.utg2115.15/evm.utg92.148/evm.utg1925.21/evm.utg92.119/evm.utg1243.12/evm.utg16036.27/evm.utg2581.2/evm.utg1900.25/evm.utg4194.25/evm.utg470.50/evm.utg225.60/evm.utg207.124/evm.utg1140.13/evm.utg7286.58","biological_processes","additive"
"GO:0048703","GO:0048703","embryonic viscerocranium morphogenesis",57,-0.517036969979213,-1.77337827342467,0.00136135799335889,0.0487819947620271,0.0407213224329283,6382,"tags=53%, list=15%, signal=45%","evm.utg415.70/evm.utg625.110/evm.utg190.1/evm.utg858.19/evm.utg16036.16/evm.utg7264.7/evm.utg4383.28/evm.utg56.47/evm.utg2817.19/evm.utg3159.12/evm.utg149521.3/evm.utg2338.18/evm.utg2129.202/evm.utg4194.18/evm.utg381.50/evm.utg4501.15/evm.utg2115.15/evm.utg92.148/evm.utg1925.21/evm.utg92.119/evm.utg1243.12/evm.utg16036.27/evm.utg2581.2/evm.utg1900.25/evm.utg4194.25/evm.utg470.50/evm.utg225.60/evm.utg207.124/evm.utg1140.13/evm.utg7286.58","biological_processes","additive"
"GO:1903706","GO:1903706","regulation of hemopoiesis",57,-0.517036969979213,-1.77337827342467,0.00136135799335889,0.0487819947620271,0.0407213224329283,6382,"tags=53%, list=15%, signal=45%","evm.utg415.70/evm.utg625.110/evm.utg190.1/evm.utg858.19/evm.utg16036.16/evm.utg7264.7/evm.utg4383.28/evm.utg56.47/evm.utg2817.19/evm.utg3159.12/evm.utg149521.3/evm.utg2338.18/evm.utg2129.202/evm.utg4194.18/evm.utg381.50/evm.utg4501.15/evm.utg2115.15/evm.utg92.148/evm.utg1925.21/evm.utg92.119/evm.utg1243.12/evm.utg16036.27/evm.utg2581.2/evm.utg1900.25/evm.utg4194.25/evm.utg470.50/evm.utg225.60/evm.utg207.124/evm.utg1140.13/evm.utg7286.58","biological_processes","additive"
"GO:1990414","GO:1990414","replication-born double-strand break repair via sister chromatid exchange",57,-0.517036969979213,-1.77337827342467,0.00136135799335889,0.0487819947620271,0.0407213224329283,6382,"tags=53%, list=15%, signal=45%","evm.utg415.70/evm.utg625.110/evm.utg190.1/evm.utg858.19/evm.utg16036.16/evm.utg7264.7/evm.utg4383.28/evm.utg56.47/evm.utg2817.19/evm.utg3159.12/evm.utg149521.3/evm.utg2338.18/evm.utg2129.202/evm.utg4194.18/evm.utg381.50/evm.utg4501.15/evm.utg2115.15/evm.utg92.148/evm.utg1925.21/evm.utg92.119/evm.utg1243.12/evm.utg16036.27/evm.utg2581.2/evm.utg1900.25/evm.utg4194.25/evm.utg470.50/evm.utg225.60/evm.utg207.124/evm.utg1140.13/evm.utg7286.58","biological_processes","additive"
"GO:0030414...73","GO:0030414","peptidase inhibitor activity",78,-0.708138481785096,-2.6194232230743,1e-10,3.36e-08,2.92631578947368e-08,5374,"tags=54%, list=13%, signal=47%","evm.utg2417.37/evm.utg5073.3/evm.utg1819.3/utg1609.evm.utg3137.1.mrna2/evm.utg2858.29/evm.utg532.8/evm.utg2100.31/evm.utg209609.2/evm.utg1290.3/evm.utg4049.2/evm.utg104.64/evm.utg616.127/evm.utg413.26/evm.utg8.10/evm.utg1609.5/evm.utg413.23/evm.utg580.26/evm.utg9740.7/evm.utg544.14/evm.utg379.46/evm.utg8615.4/evm.utg334.78/evm.utg5073.2/evm.utg24357.20/evm.utg5689.8/evm.utg1290.2/evm.utg5689.7/evm.utg616.126/utg334.equina_smart_1340223.mrna2/evm.utg20736.15/evm.utg2417.38/utg19074.equina_smart_1694011.mrna2/evm.utg14703.2/utg544.equina_smart_1559235utrorf.mrna1/evm.utg37512.1/evm.utg4207.23/evm.utg19074.8/evm.utg544.11/evm.utg32458.10/evm.utg580.6/evm.utg104.63/evm.utg52.99","molecular_functions","additive"
"GO:0005200...74","GO:0005200","structural constituent of cytoskeleton",46,0.71622777198695,2.53720611595784,3.63906895502754e-06,0.000353738558746344,0.000308080574346753,6496,"tags=59%, list=15%, signal=50%","utg31304.equina_smart_1477688.mrna1/evm.utg693.3/utg693.equina_smart_1421073.mrna1/evm.utg693.5/utg2969.equina_smart_124203.mrna2/evm.utg693.2/evm.utg1363.5/evm.utg31304.1/evm.utg31304.3/evm.utg693.4/evm.utg1363.6/evm.utg31304.4/utg1363.equina_smart_1433367.mrna1/evm.utg31304.2/evm.utg1277.42/evm.utg3201.11/evm.utg262.10.11/evm.utg378.53/evm.utg1609.42/evm.utg1609.43/evm.utg18.4/evm.utg18.6/evm.utg693.6/evm.utg1609.41/evm.utg18.5/evm.utg1363.3/evm.utg1575.28","molecular_functions","additive"
"GO:0005201...75","GO:0005201","extracellular matrix structural constituent",120,-0.539059703589207,-2.12525013575602,4.55594143176267e-06,0.000353738558746344,0.000308080574346753,2610,"tags=29%, list=6%, signal=27%","evm.utg378.56/evm.utg24438.23/evm.utg622.122/evm.utg34.11/evm.utg378.57/evm.utg92.134/evm.utg820.6/evm.utg3443.47/evm.utg130819.1/evm.utg378.58/evm.utg145.64/evm.utg5885.76/evm.utg209609.2/evm.utg1052.36/evm.utg1497.2/evm.utg5421.1/evm.utg1052.34/evm.utg4907.54/evm.utg9740.7/evm.utg14287.46/utg154100.equina_smart_991908.mrna2/evm.utg1056.71/evm.utg714.23/evm.utg1497.1/utg19074.equina_smart_1694011.mrna2/utg544.equina_smart_1559235utrorf.mrna1/evm.utg19074.8/evm.utg816.13/evm.utg544.16/evm.utg616.15/evm.utg1056.72/evm.utg4826.1/evm.utg55.212/evm.utg544.11/evm.utg207.13","molecular_functions","additive"
"GO:0003700...76","GO:0003700","DNA-binding transcription factor activity",272,0.413242355307162,1.93605432948174,3.30918049478415e-06,0.000353738558746344,0.000308080574346753,8402,"tags=36%, list=20%, signal=29%","evm.utg420.46/evm.utg1507.1/evm.utg34597.8/evm.utg34597.10/evm.utg34597.7/evm.utg34597.9/evm.utg420.44/evm.utg4.9/evm.utg116.190/evm.utg1005.68/evm.utg1846.45/evm.utg2129.13/evm.utg2099.44/evm.utg109.65/evm.utg2426.18/evm.utg3403.3/evm.utg2716.7/evm.utg3403.1/evm.utg418.68/evm.utg320.141/evm.utg78.71/evm.utg3283.34/evm.utg3803.11/evm.utg750.43/evm.utg11411.29/evm.utg7522.11/evm.utg104.72/evm.utg78.53/evm.utg1565.12/evm.utg27.69/evm.utg104.73/evm.utg1588.6/evm.utg6959.3/evm.utg9762.1/evm.utg1507.6/evm.utg1781.29/evm.utg162.25/evm.utg761.42/evm.utg777.4/evm.utg8.57/evm.utg777.45/evm.utg2123.34/evm.utg29.1/evm.utg381.35/evm.utg479.157/evm.utg4605.27/evm.utg736.17/evm.utg4455.57/evm.utg577.53/evm.utg324.209/evm.utg1995.8/evm.utg3474.31/evm.utg381.78/evm.utg797.22/evm.utg7217.31/evm.utg324.153/evm.utg3013.24/evm.utg5950.50/evm.utg1565.14/evm.utg1051.98/evm.utg1683.20/evm.utg1137.45/evm.utg1337.15/evm.utg420.41/evm.utg207.89/evm.utg4972.10/evm.utg7652.31/evm.utg470.10/evm.utg12875.1/evm.utg1056.7/evm.utg1051.38/evm.utg301.105/evm.utg1031.75/evm.utg10463.13/evm.utg536.24/evm.utg18294.6/evm.utg4886.11/evm.utg616.23/evm.utg1694.54/evm.utg15156.22/evm.utg10470.33/evm.utg13607.9/evm.utg7652.32/evm.utg3474.30/evm.utg15156.23/evm.utg1056.28/evm.utg5652.41/evm.utg10470.32/evm.utg18271.3/evm.utg14772.2/evm.utg13.60/evm.utg3899.14/evm.utg146.18/evm.utg3913.44/evm.utg4922.22/evm.utg1056.8/evm.utg37512.3/evm.utg10463.3","molecular_functions","additive"
"GO:0003735...77","GO:0003735","structural constituent of ribosome",212,-0.449972216289545,-1.91201831300455,5.26396664801107e-06,0.000353738558746344,0.000308080574346753,15821,"tags=71%, list=38%, signal=45%","evm.utg301.16/evm.utg479.58/evm.utg73.68/evm.utg62.20/evm.utg324.14/evm.utg219.71/evm.utg47.27/evm.utg483.56/evm.utg9313.24/evm.utg4.45/evm.utg8494.9/evm.utg3019.36/evm.utg3092.46/evm.utg3799.21/evm.utg1962.9/evm.utg411.52/evm.utg590.13/evm.utg1588.14/evm.utg868.5/evm.utg622.63/evm.utg301.37/evm.utg729.96/evm.utg172.23/evm.utg125.18/evm.utg791.8/evm.utg56.53/evm.utg1372.18/evm.utg5176.12/evm.utg505.41/evm.utg1565.17/evm.utg1648.24/evm.utg389.13/evm.utg3878.28/evm.utg1846.8/evm.utg7522.33/evm.utg73.14/evm.utg415.116/evm.utg729.46/evm.utg343339.2/utg86.equina_smart_1445806.mrna2/evm.utg577.29/evm.utg693.66/utg2581.equina_smart_1098872.mrna2/evm.utg2967.31/evm.utg301.138/evm.utg4716.3/evm.utg236.39/evm.utg16027.9/evm.utg890.45/evm.utg532.13/evm.utg344.47/evm.utg107.57/evm.utg910.151/evm.utg699.4/evm.utg798.61/evm.utg378.133/evm.utg1925.24/evm.utg77.8/evm.utg2814.18/evm.utg2929.10/evm.utg1109.26/evm.utg150.93/utg788.equina_smart_1260423.mrna1/evm.utg1800.6/evm.utg6078.32/evm.utg2129.121/evm.utg577.105/evm.utg381.21/evm.utg3235.7/evm.utg116.286/evm.utg14287.6/evm.utg2757.29/evm.utg1910.32/evm.utg17809.12/evm.utg129.21/evm.utg301.49/evm.utg3553.8/evm.utg12897.18/evm.utg496.27/evm.utg579.70/evm.utg498.48/evm.utg5885.98/evm.utg9216.5/evm.utg798.17/evm.utg48209.2/evm.utg3878.21/evm.utg18.9/evm.utg7217.40/evm.utg4464.16/evm.utg15585.12/evm.utg7145.61/evm.utg207.63/evm.utg498.129/evm.utg597.5/evm.utg2007.14/evm.utg1109.3/evm.utg1565.85/evm.utg1910.34/evm.utg420.100/evm.utg378.108/evm.utg868.49/evm.utg1226.13/evm.utg320.85/evm.utg498.143/evm.utg236.43/evm.utg2108.11/evm.utg544.4/evm.utg234.64/evm.utg207.20/evm.utg55.156/evm.utg498.93/evm.utg55.88/evm.utg1931.13/evm.utg4194.6/evm.utg126.157/evm.utg92.66/evm.utg1056.36/evm.utg1517.5/evm.utg234.86/evm.utg1931.75/evm.utg17994.10/evm.utg597.212/evm.utg3677.28/evm.utg77.113/evm.utg378.170/evm.utg6072.8/evm.utg4610.29/evm.utg5417.26/evm.utg379.48/evm.utg577.30/evm.utg7145.43/evm.utg535.38/evm.utg5652.50/evm.utg1226.19/evm.utg4886.30/evm.utg150.50/evm.utg577.73/evm.utg2108.6/evm.utg180.72/evm.utg797.57/evm.utg18409.1/evm.utg15585.14/evm.utg14.81/evm.utg243.70/evm.utg3790.42/evm.utg797.58/evm.utg1507.31/evm.utg378.169/evm.utg4187.32/evm.utg378.167/evm.utg378.168","molecular_functions","additive"
"GO:0005525...78","GO:0005525","GTP binding",500,0.332803218094828,1.63841260399537,9.39591603749269e-06,0.000526171298099591,0.000458256957618065,7774,"tags=27%, list=18%, signal=22%","evm.utg7168.11/evm.utg7168.18/evm.utg514.15/evm.utg1786.18/evm.utg116.291/evm.utg1609.51/evm.utg470.8/evm.utg15552.6/evm.utg4576.2/evm.utg420.132/evm.utg4576.3/evm.utg1087.5/evm.utg1786.17/evm.utg1786.19/evm.utg14876.3/evm.utg4157.38/evm.utg1686.10.11/evm.utg276.53/utg31304.equina_smart_1477688.mrna1/evm.utg3906.11/evm.utg693.3/utg693.equina_smart_1421073.mrna1/evm.utg693.46/evm.utg364.46/evm.utg3509.8/evm.utg4576.1/evm.utg817.5/evm.utg300.55/evm.utg10541.3/evm.utg217.39/evm.utg5885.30/evm.utg714.18/evm.utg55532.4/evm.utg1363.53/evm.utg1551.1/evm.utg2969.16/evm.utg693.5/evm.utg597.9/evm.utg1919.103/utg2969.equina_smart_124203.mrna2/evm.utg62.18/evm.utg693.2/evm.utg1363.5/evm.utg31304.1/evm.utg1925.63/evm.utg438.31/evm.utg31304.3/evm.utg4796.8/evm.utg693.4/evm.utg1102.20/evm.utg6851.14/evm.utg2417.49/evm.utg16050.14/evm.utg86.83/evm.utg1363.21/evm.utg5950.52/evm.utg280.52/evm.utg116.364/evm.utg5815.4/evm.utg1363.6/evm.utg31304.4/utg1363.equina_smart_1433367.mrna1/evm.utg286.25/evm.utg2205.5/evm.utg31304.2/evm.utg861.122/evm.utg1031.19/evm.utg401.64/evm.utg1277.42/evm.utg3201.11/evm.utg262.10.11/evm.utg714.19/evm.utg1432.2/evm.utg45942.6/evm.utg693.45/evm.utg12975.1/evm.utg16443.2/evm.utg378.53/evm.utg1623.10/evm.utg1031.20/evm.utg401.65/evm.utg8931.2/evm.utg3284.40/evm.utg18036.3/evm.utg4567.24/evm.utg1525.29/evm.utg7289.46/evm.utg2674.43/evm.utg320.116/evm.utg1818.26/evm.utg7168.14/evm.utg286.23/evm.utg8.30/evm.utg18.4/evm.utg8931.1/evm.utg18.6/evm.utg693.6/evm.utg207.128/evm.utg4271.71/evm.utg2757.24/evm.utg7938.3/evm.utg56.4/evm.utg18.5/evm.utg243.81/evm.utg7855.19/evm.utg225.71/evm.utg2129.99/evm.utg1363.3/evm.utg1337.8/evm.utg1623.11/evm.utg1575.28/evm.utg1091.51/evm.utg597.62/evm.utg8672.10/evm.utg7.45/evm.utg625.38/evm.utg4972.20/evm.utg1846.35/evm.utg1031.81/evm.utg7840.14/evm.utg14126.1/evm.utg1354.3/evm.utg338.64/evm.utg262.53/evm.utg150.42/evm.utg126.129/evm.utg858.17/evm.utg1091.38/evm.utg129.54/evm.utg2817.16/evm.utg1696.10/evm.utg194.90/evm.utg4.20/evm.utg2246.31/evm.utg791.13","molecular_functions","additive"
"GO:0140662...79","GO:0140662","ATP-dependent protein folding chaperone",48,0.690303023364727,2.44739036308507,1.49001796774709e-05,0.000715208624518604,0.000622894729373972,5066,"tags=54%, list=12%, signal=48%","evm.utg2801.49/evm.utg405.9/evm.utg3155.45/evm.utg1056.109/evm.utg1056.108/evm.utg109891.3/evm.utg129.13/evm.utg3155.44/evm.utg3155.40/evm.utg2818.25/evm.utg14533.3/evm.utg2129.128/evm.utg19612.5/evm.utg736.62/evm.utg798.21/evm.utg8494.56/utg125.equina_smart_942076.mrna2/evm.utg2246.95/evm.utg3092.51/evm.utg2108.14/evm.utg95.9/evm.utg637.4/evm.utg280.41/evm.utg125.72/utg125.equina_smart_1399144.mrna1/evm.utg31532.1","molecular_functions","additive"
"GO:0005044...80","GO:0005044","scavenger receptor activity",330,-0.372876958660229,-1.66980082911371,5.58781440426293e-05,0.00234688204979043,0.00204396368998039,9314,"tags=39%, list=22%, signal=31%","evm.utg2969.51/evm.utg1205.44/evm.utg2969.73/evm.utg190.79/evm.utg203.65/evm.utg415.29/evm.utg2969.38/evm.utg4652.25/evm.utg625.19/utg2200.equina_smart_1442540.mrna1/evm.utg1281.5/evm.utg363.1/evm.utg19356.4/evm.utg24783.4/utg750.equina_smart_202189.mrna2/utg4796.evm.utg6677.2.mrna4/evm.utg577.67/utg2200.equina_smart_1442537.mrna1/evm.utg536.31/evm.utg1475.1/utg54.equina_smart_1393700.mrna1/evm.utg1569.8/evm.utg190.78/evm.utg2246.57/evm.utg1205.46/evm.utg5059.2/evm.utg1285.42/evm.utg13.51/evm.utg25070.5/evm.utg5370.3/evm.utg2969.47/evm.utg5059.3/evm.utg7127.5.6/evm.utg936.22/utg13.equina_smart_1393279.mrna2/evm.utg7127.4/evm.utg1765.4/evm.utg7127.7/evm.utg24783.3/evm.utg1052.17/evm.utg54.10/utg9625.equina_smart_1466841utrorf.mrna1/evm.utg19356.5/evm.utg6446.11/utg750.equina_smart_1166396.mrna1/utg10588.equina_smart_375340.mrna1/evm.utg9472.6/utg2200.equina_smart_1442500.mrna1/evm.utg19356.6/evm.utg9472.7/evm.utg2858.6/evm.utg577.87/evm.utg2838.15/evm.utg13.50/evm.utg13.41/evm.utg54.20/utg9625.equina_smart_1466841.mrna1/evm.utg9472.8/evm.utg236.2/evm.utg1358.31/utg388.equina_smart_1411185.mrna1/evm.utg5176.5/evm.utg9472.9/evm.utg897.1/evm.utg160.23/evm.utg1285.28/utg750.equina_smart_3716.mrna2/evm.utg579.57/evm.utg17602.1/evm.utg577.97/utg2200.equina_smart_14340.mrna2/evm.utg388.13/evm.utg577.68/evm.utg577.94/evm.utg6401.64/evm.utg19356.8/evm.utg10588.23/evm.utg6446.8/evm.utg5059.1/evm.utg1765.2/evm.utg8851.76/evm.utg858.70/evm.utg8851.75/evm.utg54.21/evm.utg5176.8/evm.utg300.24/evm.utg15664.3/evm.utg54.9/evm.utg5059.9/evm.utg4796.28/evm.utg5059.6/evm.utg2123.45/evm.utg5370.2/evm.utg5059.7/utg388.equina_smart_563588.mrna1/evm.utg572.21/evm.utg2704.30/evm.utg5059.8/evm.utg2704.29/evm.utg236.6/evm.utg858.1/evm.utg17602.2/evm.utg108328.3/evm.utg54.8/evm.utg26093.3/evm.utg1765.1/evm.utg1052.13/evm.utg6446.13/evm.utg108328.4/evm.utg1285.29/evm.utg236.4/evm.utg577.79/evm.utg26093.4/evm.utg363.8/evm.utg116.316/evm.utg5059.10/evm.utg15506.27/evm.utg1330.23/evm.utg7148.9/evm.utg5294.28/evm.utg858.72/utg236.evm.utg19356.5.mrna2/utg858.evm.utg79231.1.mrna2/evm.utg324.92/evm.utg2200.4/utg73.equina_smart_1395412.mrna1/evm.utg2858.1/evm.utg338.89/evm.utg8851.77","molecular_functions","additive"
"GO:0005179...81","GO:0005179","hormone activity",32,-0.63074734657403,-1.95903599783531,0.00040433526216095,0.0150951831206755,0.013146807354473,5489,"tags=50%, list=13%, signal=44%","evm.utg1204.9/evm.utg324.120/evm.utg1278.31/evm.utg90743.4/evm.utg1475.16/evm.utg2858.21/evm.utg750.15/evm.utg2858.22/evm.utg2858.20/evm.utg101.175/utg2757.equina_smart_959052.mrna1/evm.utg2757.81/evm.utg320.153/evm.utg625.97/utg320.equina_smart_558272.mrna1/utg320.equina_smart_1044949.mrna1","molecular_functions","additive"
"GO:0004252...82","GO:0004252","serine-type endopeptidase activity",266,-0.364117727107513,-1.58980806420506,0.000529106261707107,0.0177779703933588,0.015483320079429,9196,"tags=30%, list=22%, signal=23%","evm.utg2155.5/evm.utg234.79/evm.utg24783.15/evm.utg234.77/evm.utg389.6/utg1910.equina_smart_44201.mrna1/evm.utg2159.33/evm.utg1285.84/evm.utg78.75/evm.utg5370.3/evm.utg910.187/evm.utg293.38/evm.utg52.48/evm.utg5033.10/evm.utg2716.9/evm.utg625.112/evm.utg1754.57/evm.utg86.55/evm.utg307.8/evm.utg2115.17/evm.utg699.53/evm.utg234.138/evm.utg868.85/evm.utg234.36/evm.utg1302.12/utg9472.equina_smart_414374.mrna2/evm.utg5885.37/utg501.equina_smart_1416296.mrna1/evm.utg761.10/evm.utg24053.6/evm.utg699.89/evm.utg125.190/evm.utg2156.29.31/evm.utg600.6/evm.utg868.84/evm.utg1629.15/evm.utg8494.84/evm.utg2083.34/evm.utg150.55/evm.utg1629.16/evm.utg666.10/evm.utg4880.18/evm.utg1270.27/evm.utg234.140/evm.utg1629.18/evm.utg1754.54/evm.utg868.83/evm.utg26572.6/evm.utg1754.60/evm.utg910.128/evm.utg11123.4/evm.utg338.40/evm.utg1629.7/evm.utg1754.58/evm.utg666.12/evm.utg401.8/evm.utg597.215/evm.utg5689.4/evm.utg616.127/evm.utg13322.6/evm.utg1754.56/evm.utg729.124/evm.utg109.108/evm.utg5370.2/evm.utg14412.1/evm.utg2704.30/evm.utg729.128/evm.utg699.90/evm.utg2704.29/evm.utg1629.17/evm.utg24053.5/evm.utg4613.98/evm.utg5689.8/evm.utg116.256/evm.utg5689.7/evm.utg4271.42/evm.utg616.126/evm.utg129.41/evm.utg1052.21","molecular_functions","additive"
"GO:0000977...83","GO:0000977","RNA polymerase II transcription regulatory region sequence-specific DNA binding",19,-0.753885142599834,-2.08621648531285,0.000600841869357134,0.0183529880094543,0.0159841186297879,4273,"tags=63%, list=10%, signal=57%","evm.utg209.38/evm.utg4082.25/evm.utg564.25/evm.utg4455.13/evm.utg62.142/evm.utg4605.34/evm.utg7179.18/evm.utg710.11/evm.utg2417.4/evm.utg1497.11/evm.utg109.42/evm.utg470.38","molecular_functions","additive"
"GO:0022857...84","GO:0022857","transmembrane transporter activity",388,0.31163051903727,1.50306327610702,0.000924174567979463,0.025876887903425,0.0225368885875694,6369,"tags=23%, list=15%, signal=20%","evm.utg52.15/evm.utg924.21/evm.utg924.22/evm.utg217.36/evm.utg77.138/evm.utg1919.26/evm.utg52.16/evm.utg1708.39/evm.utg1525.33/evm.utg1919.22/evm.utg10.13/evm.utg1919.21/evm.utg666.32/evm.utg1525.34/evm.utg1663.29/evm.utg217.35/evm.utg381.32/evm.utg1708.42/evm.utg2216.16/evm.utg1663.28/evm.utg209.48/evm.utg5033.28/evm.utg3642.10/evm.utg77.137/evm.utg1919.28/evm.utg6432.47/utg4207.equina_smart_512932.mrna1/evm.utg62.33/evm.utg12986.23/evm.utg4046.38/evm.utg12986.24/evm.utg498.148/evm.utg6432.52/evm.utg3380.27/evm.utg2353.45/evm.utg10541.25/evm.utg2838.10/evm.utg34691.12/evm.utg116.45/utg750.equina_smart_1422918.mrna1/evm.utg401.48/evm.utg1278.86/evm.utg1588.9/evm.utg236.37/evm.utg7839.6/evm.utg2353.42/evm.utg498.183/evm.utg9740.6/utg750.equina_smart_1177674.mrna1/evm.utg729.163/evm.utg45687.7/evm.utg15164.50/evm.utg408.48/evm.utg8851.1/evm.utg7661.1/evm.utg857.13/evm.utg21228.1/evm.utg1919.25/evm.utg401.7/evm.utg1278.85/evm.utg1694.38.39/evm.utg2353.46/evm.utg45687.8/evm.utg3199.2/evm.utg2353.44/evm.utg1565.23/evm.utg470.13/evm.utg1031.78/evm.utg3753.57/evm.utg1290.4/evm.utg1565.22/evm.utg15164.51/evm.utg4172.12/evm.utg464.201/evm.utg438.19/evm.utg3155.29/evm.utg597.55/evm.utg301.124/evm.utg3753.64/evm.utg298.2/evm.utg4922.3/evm.utg7149.10/evm.utg3827.2/evm.utg411.79/evm.utg1032.45/evm.utg432.69/evm.utg27299.6/evm.utg12655.50/evm.utg750.64/evm.utg788.14/evm.utg418.90","molecular_functions","additive"
"GO:0140587","GO:0140587","chromatin loop anchoring activity",57,-0.517036969979213,-1.80468021084297,0.00138458935843328,0.035786309571814,0.0311672746270811,6382,"tags=53%, list=15%, signal=45%","evm.utg415.70/evm.utg625.110/evm.utg190.1/evm.utg858.19/evm.utg16036.16/evm.utg7264.7/evm.utg4383.28/evm.utg56.47/evm.utg2817.19/evm.utg3159.12/evm.utg149521.3/evm.utg2338.18/evm.utg2129.202/evm.utg4194.18/evm.utg381.50/evm.utg4501.15/evm.utg2115.15/evm.utg92.148/evm.utg1925.21/evm.utg92.119/evm.utg1243.12/evm.utg16036.27/evm.utg2581.2/evm.utg1900.25/evm.utg4194.25/evm.utg470.50/evm.utg225.60/evm.utg207.124/evm.utg1140.13/evm.utg7286.58","molecular_functions","additive"
