"experiment","ontology","region","ID","Description","GeneRatio","BgRatio","pvalue","p.adjust","qvalue","Count","n_unique_genes","n_dmr_features","contributing_genes","methDiff_values","semantic_cluster_description","significance"
"Acute Experiment","Biological process","exon","GO:0006397","mRNA processing","1/2","4/163",0.0486253124289934,0.0908884344467162,0.0637813575064675,1,1,1,"evm.utg2661.21","-0.856327307","RNA metabolic process","."
"Acute Experiment","Biological process","exon","GO:0007156","homophilic cell adhesion via plasma membrane adhesion molecules","1/2","5/163",0.0605922896311442,0.0908884344467162,0.0637813575064675,1,1,1,"evm.utg363.1","-1.141552511","cell adhesion","."
"Acute Experiment","Biological process","exon","GO:0006468","protein phosphorylation","1/2","13/163",0.153601454214951,0.153601454214951,0.107790494185931,1,1,1,"evm.utg2661.21","-0.856327307","protein phosphorylation","ns"
"Acute Experiment","Biological process","gene","GO:0006281","DNA repair","4/18","34/526",0.0233422457915191,0.0760456273764255,0.0440264158495095,4,4,4,"evm.utg28737.6; evm.utg29536.5; evm.utg4428.2; utg101.equina_smart_1609707.mrna1","-3.658536585; 4.08340657; 0.355111086; -1.290322581","RNA metabolic process","."
"Acute Experiment","Biological process","gene","GO:0000184","nuclear-transcribed mRNA catabolic process, nonsense-mediated decay","1/18","1/526",0.0342205323193915,0.0760456273764255,0.0440264158495095,1,1,1,"evm.utg162.19","-0.840727496","RNA metabolic process","."
"Acute Experiment","Biological process","gene","GO:0006635","fatty acid beta-oxidation","1/18","1/526",0.0342205323193915,0.0760456273764255,0.0440264158495095,1,1,1,"evm.utg11814.7","-2.763800327","fatty acid beta-oxidation","."
"Acute Experiment","Biological process","gene","GO:0010571","positive regulation of nuclear cell cycle DNA replication","1/18","1/526",0.0342205323193915,0.0760456273764255,0.0440264158495095,1,1,1,"evm.utg40512.5","-0.444444444","positive regulation of nuclear cell cycle DNA replication","."
"Acute Experiment","Biological process","gene","GO:0030705","cytoskeleton-dependent intracellular transport","1/18","1/526",0.0342205323193915,0.0760456273764255,0.0440264158495095,1,1,2,"evm.utg4428.8","2.283105023; 1.353345571","transmembrane transport","."
"Acute Experiment","Biological process","gene","GO:0043631","RNA polyadenylation","1/18","1/526",0.0342205323193915,0.0760456273764255,0.0440264158495095,1,1,1,"evm.utg6459.27","-1.271571299","RNA metabolic process","."
"Acute Experiment","Biological process","gene","GO:0045087","innate immune response","1/18","1/526",0.0342205323193915,0.0760456273764255,0.0440264158495095,1,1,1,"evm.utg1571.14","-0.954979536","innate immune response","."
"Acute Experiment","Biological process","gene","GO:0070507","regulation of microtubule cytoskeleton organization","1/18","1/526",0.0342205323193915,0.0760456273764255,0.0440264158495095,1,1,2,"evm.utg4428.8","2.283105023; 1.353345571","regulation of microtubule cytoskeleton organization","."
"Acute Experiment","Biological process","gene","GO:1901987","regulation of cell cycle phase transition","1/18","1/526",0.0342205323193915,0.0760456273764255,0.0440264158495095,1,1,1,"evm.utg40512.5","-0.444444444","regulation of cell cycle phase transition","."
"Acute Experiment","Biological process","gene","GO:0006397","mRNA processing","2/18","11/526",0.0506936957341879,0.101387391468376,0.0586979634816913,2,2,2,"evm.utg1032.34; evm.utg2661.21","-0.856327307; 0.759296997","RNA metabolic process","ns"
"Acute Experiment","Biological process","gene","GO:0046416","D-amino acid metabolic process","1/18","2/526",0.0673329712112986,0.112221618685498,0.0649704108179197,1,1,1,"evm.utg35662.1","-1.724137931","proteolysis","ns"
"Acute Experiment","Biological process","gene","GO:0051607","defense response to virus","1/18","2/526",0.0673329712112986,0.112221618685498,0.0649704108179197,1,1,1,"evm.utg1571.14","-0.954979536","innate immune response","ns"
"Acute Experiment","Biological process","gene","GO:0001822","kidney development","1/18","3/526",0.0993711515895362,0.152878694753133,0.0885087180149716,1,1,1,"evm.utg512.80","-2.519379845","kidney development","ns"
"Acute Experiment","Biological process","gene","GO:0008380","RNA splicing","1/18","4/526",0.130367937959304,0.186239911370434,0.107823106582883,1,1,1,"evm.utg1032.34","0.759296997","RNA metabolic process","ns"
"Acute Experiment","Biological process","gene","GO:0006325","chromatin organization","1/18","7/526",0.217424563961604,0.289899418615472,0.167836505514221,1,1,1,"evm.utg4428.2","4.08340657","chromosome condensation","ns"
"Acute Experiment","Biological process","gene","GO:0016310","phosphorylation","1/18","12/526",0.344495574869953,0.430619468587441,0.249306008129571,1,1,1,"evm.utg162.19","-0.840727496","phosphorylation","ns"
"Acute Experiment","Biological process","gene","GO:0006468","protein phosphorylation","2/18","39/526",0.391512478538895,0.460602915928112,0.266664846063644,2,2,3,"evm.utg116.142; evm.utg2661.21","-2.764976959; -1.025641026; -0.856327307","protein phosphorylation","ns"
"Acute Experiment","Biological process","gene","GO:0016567","protein ubiquitination","1/18","18/526",0.47128252755987,0.5236472528443,0.303164199015121,1,1,1,"evm.utg11814.6","-2.763800327","protein phosphorylation","ns"
"Acute Experiment","Biological process","gene","GO:0006508","proteolysis","1/18","39/526",0.755981966649557,0.79577049121006,0.460709231753193,1,1,1,"evm.utg4856.49","-2.83286119","proteolysis","ns"
"Acute Experiment","Biological process","gene","GO:0015074","DNA integration","1/18","48/526",0.826631610753064,0.826631610753064,0.478576195699142,1,1,1,"evm.utg334.43","1.161751564","RNA metabolic process","ns"
"Acute Experiment","Biological process","promoter","GO:0006468","protein phosphorylation","1/1","9/120",0.0750000000000001,0.0750000000000001,NA,1,1,1,"evm.utg4613.33","2.919708029","protein phosphorylation","."
"Acute Experiment","Biological process","dispersed_repeat","GO:0000278","mitotic cell cycle","1/12","1/298",0.0402684563758389,0.184439473030077,0.15254392506247,1,1,1,"evm.utg10470.24","1.834862385","cell communication","ns"
"Acute Experiment","Biological process","dispersed_repeat","GO:0030261","chromosome condensation","1/12","1/298",0.0402684563758389,0.184439473030077,0.15254392506247,1,1,2,"evm.utg5417.33","-1.92926045; -1.92926045","chromosome condensation","ns"
"Acute Experiment","Biological process","dispersed_repeat","GO:2000036","regulation of stem cell population maintenance","1/12","1/298",0.0402684563758389,0.184439473030077,0.15254392506247,1,1,1,"evm.utg2849.3","8.854166667","regulation of stem cell population maintenance","ns"
"Acute Experiment","Biological process","dispersed_repeat","GO:0007160","cell-matrix adhesion","1/12","2/298",0.0790454884414615,0.184439473030077,0.15254392506247,1,1,1,"evm.utg2333.11","-2.380952381","cell adhesion","ns"
"Acute Experiment","Biological process","dispersed_repeat","GO:0034765","regulation of monoatomic ion transmembrane transport","1/12","2/298",0.0790454884414615,0.184439473030077,0.15254392506247,1,1,1,"evm.utg816.25","12.35521236","regulation of monoatomic ion transmembrane transport","ns"
"Acute Experiment","Biological process","dispersed_repeat","GO:0051301","cell division","1/12","2/298",0.0790454884414615,0.184439473030077,0.15254392506247,1,1,1,"evm.utg10470.24","1.834862385","cell communication","ns"
"Acute Experiment","Biological process","dispersed_repeat","GO:0007156","homophilic cell adhesion via plasma membrane adhesion molecules","1/12","3/298",0.116381482153294,0.203667593768265,0.168446882063979,1,1,1,"evm.utg9625.4","1.086956522","cell adhesion","ns"
"Acute Experiment","Biological process","dispersed_repeat","GO:0008380","RNA splicing","1/12","3/298",0.116381482153294,0.203667593768265,0.168446882063979,1,1,2,"evm.utg1032.34","1.066924846; 1.066924846","RNA metabolic process","ns"
"Acute Experiment","Biological process","dispersed_repeat","GO:0007154","cell communication","1/12","5/298",0.186924254176477,0.261693955847068,0.216438610099078,1,1,1,"evm.utg268.25.1.5c22edff","0.513833992","cell communication","ns"
"Acute Experiment","Biological process","dispersed_repeat","GO:0030433","ubiquitin-dependent ERAD pathway","1/12","5/298",0.186924254176477,0.261693955847068,0.216438610099078,1,1,3,"evm.utg24440.2","-2.034428795; -2.034428795; -2.034428795","positive regulation of ERAD pathway","ns"
"Acute Experiment","Biological process","dispersed_repeat","GO:0006470","protein dephosphorylation","1/12","6/298",0.22022428472215,0.271675236067131,0.224693804266048,1,1,2,"evm.utg989.44.45.2.5c2798c8","-1.589638331; -1.589638331","protein phosphorylation","ns"
"Acute Experiment","Biological process","dispersed_repeat","GO:0006397","mRNA processing","1/12","7/298",0.252269862062336,0.271675236067131,0.224693804266048,1,1,2,"evm.utg1032.34","1.066924846; 1.066924846","RNA metabolic process","ns"
"Acute Experiment","Biological process","dispersed_repeat","GO:0030154","cell differentiation","1/12","7/298",0.252269862062336,0.271675236067131,0.224693804266048,1,1,1,"evm.utg1569.8","-0.954979536","dendrite self-avoidance","ns"
"Acute Experiment","Biological process","dispersed_repeat","GO:0015074","DNA integration","1/12","33/298",0.762294245821275,0.762294245821275,0.63046892511534,1,1,3,"evm.utg1256.23","-0.782441252; -0.782441252; -0.782441252","RNA metabolic process","ns"
"Acute Experiment","Molecular function","three_prime_UTR","GO:0035368","selenocysteine insertion sequence binding","1/1","1/16",0.0625,0.0625,NA,1,1,1,"evm.utg7127.52.1.5c22f377.1.5c279739","-0.851598764","nucleic acid binding","."
"Acute Experiment","Molecular function","exon","GO:0005044","scavenger receptor activity","2/4","4/225",0.00141151721869211,0.00846910331215265,0.00742903799311636,2,2,3,"evm.utg363.1; evm.utg9625.2","-2.108963093; -1.901140684; -1.141552511","scavenger receptor activity","**"
"Acute Experiment","Molecular function","exon","GO:0004540","RNA nuclease activity","1/4","4/225",0.0696910715969011,0.209073214790703,0.18339755683395,1,1,1,"evm.utg2661.21","-0.856327307","RNA nuclease activity","ns"
"Acute Experiment","Molecular function","exon","GO:0004672","protein kinase activity","1/4","7/225",0.11951884620046,0.239037692400921,0.209682186316597,1,1,1,"evm.utg2661.21","-0.856327307","protein serine/threonine kinase activity","ns"
"Acute Experiment","Molecular function","exon","GO:0005509","calcium ion binding","1/4","11/225",0.182809481486612,0.274214222229917,0.240538791429752,1,1,1,"evm.utg363.1","-1.141552511","metal ion binding","ns"
"Acute Experiment","Molecular function","exon","GO:0008270","zinc ion binding","1/4","17/225",0.271270437638151,0.325524525165781,0.28554782909279,1,1,2,"evm.utg3906.20","-2.631578947; -2.355072464","metal ion binding","ns"
"Acute Experiment","Molecular function","exon","GO:0005524","ATP binding","1/4","26/225",0.390249464711348,0.390249464711348,0.34232409185206,1,1,1,"evm.utg2661.21","-0.856327307","nucleotide binding","ns"
"Acute Experiment","Molecular function","gene","GO:0035368","selenocysteine insertion sequence binding","2/24","4/813",0.0048372987662867,0.120932469157167,0.096745975325734,2,2,2,"evm.utg7127.52; utg7127.equina_smart_1282991.mrna2","-3.080892396; -3.080892396","nucleic acid binding","ns"
"Acute Experiment","Molecular function","gene","GO:0003724","RNA helicase activity","1/24","1/813",0.029520295202952,0.1230012300123,0.0984009840098399,1,1,1,"evm.utg1571.14","-0.954979536","RNA helicase activity","ns"
"Acute Experiment","Molecular function","gene","GO:0003857","3-hydroxyacyl-CoA dehydrogenase activity","1/24","1/813",0.029520295202952,0.1230012300123,0.0984009840098399,1,1,1,"evm.utg11814.7","-2.763800327","3-hydroxyacyl-CoA dehydrogenase activity","ns"
"Acute Experiment","Molecular function","gene","GO:0004300","enoyl-CoA hydratase activity","1/24","1/813",0.029520295202952,0.1230012300123,0.0984009840098399,1,1,1,"evm.utg11814.7","-2.763800327","enoyl-CoA hydratase activity","ns"
"Acute Experiment","Molecular function","gene","GO:0004721","phosphoprotein phosphatase activity","1/24","1/813",0.029520295202952,0.1230012300123,0.0984009840098399,1,1,1,"evm.utg6459.27","-1.271571299","phosphoprotein phosphatase activity","ns"
"Acute Experiment","Molecular function","gene","GO:0043539","protein serine/threonine kinase activator activity","1/24","1/813",0.029520295202952,0.1230012300123,0.0984009840098399,1,1,1,"evm.utg40512.5","-0.444444444","protein serine/threonine kinase activator activity","ns"
"Acute Experiment","Molecular function","gene","GO:0003884","D-amino-acid oxidase activity","1/24","2/813",0.0582044244087758,0.195625159762658,0.156500127810127,1,1,1,"evm.utg35662.1","-1.724137931","D-amino-acid oxidase activity","ns"
"Acute Experiment","Molecular function","gene","GO:0046872","metal ion binding","6/24","102/813",0.0683640600112229,0.195625159762658,0.156500127810127,6,6,6,"evm.utg11814.6; evm.utg1571.14; evm.utg2327.13; evm.utg29536.5; evm.utg6459.27; utg101.equina_smart_1619046.mrna5","-0.954979536; -3.658536585; 0.355111086; -2.763800327; -0.721500722; -1.271571299","metal ion binding","ns"
"Acute Experiment","Molecular function","gene","GO:0004197","cysteine-type endopeptidase activity","1/24","3/813",0.0860750702955696,0.195625159762658,0.156500127810127,1,1,1,"evm.utg4856.49","-2.83286119","cysteine-type endopeptidase activity","ns"
"Acute Experiment","Molecular function","gene","GO:0070403","NAD+ binding","1/24","3/813",0.0860750702955696,0.195625159762658,0.156500127810127,1,1,1,"evm.utg11814.7","-2.763800327","nucleotide binding","ns"
"Acute Experiment","Molecular function","gene","GO:0071949","FAD binding","1/24","3/813",0.0860750702955696,0.195625159762658,0.156500127810127,1,1,1,"evm.utg35662.1","-1.724137931","nucleotide binding","ns"
"Acute Experiment","Molecular function","gene","GO:0003723","RNA binding","2/24","22/813",0.134785568833364,0.241725167756029,0.193380134204823,2,2,2,"evm.utg1571.14; evm.utg17539.13","-0.954979536; 1.488095238","nucleic acid binding","ns"
"Acute Experiment","Molecular function","gene","GO:0008017","microtubule binding","1/24","5/813",0.139463717015473,0.241725167756029,0.193380134204823,1,1,2,"evm.utg4428.8","2.283105023; 1.353345571","microtubule binding","ns"
"Acute Experiment","Molecular function","gene","GO:0016779","nucleotidyltransferase activity","1/24","5/813",0.139463717015473,0.241725167756029,0.193380134204823,1,1,1,"evm.utg6459.27","-1.271571299","RNA-directed DNA polymerase activity","ns"
"Acute Experiment","Molecular function","gene","GO:0004672","protein kinase activity","2/24","23/813",0.145035100653617,0.241725167756029,0.193380134204823,2,2,3,"evm.utg116.142; evm.utg2661.21","-2.764976959; -1.025641026; -0.856327307","protein serine/threonine kinase activity","ns"
"Acute Experiment","Molecular function","gene","GO:0004540","RNA nuclease activity","1/24","6/813",0.165024200668479,0.257850313544498,0.206280250835599,1,1,1,"evm.utg2661.21","-0.856327307","RNA nuclease activity","ns"
"Acute Experiment","Molecular function","gene","GO:0004867","serine-type endopeptidase inhibitor activity","1/24","7/813",0.189856194700643,0.279200286324474,0.22336022905958,1,1,2,"evm.utg4605.20","2.75; 2.857142857","serine-type endopeptidase inhibitor activity","ns"
"Acute Experiment","Molecular function","gene","GO:0008270","zinc ion binding","3/24","62/813",0.274443081525479,0.381170946563165,0.304936757250532,3,3,4,"evm.utg1032.34; evm.utg28737.6; evm.utg3906.20","-2.631578947; -2.355072464; -1.290322581; 0.759296997","metal ion binding","ns"
"Acute Experiment","Molecular function","gene","GO:0005524","ATP binding","4/24","94/813",0.297793996751273,0.391834206251675,0.31346736500134,4,4,5,"evm.utg116.142; evm.utg1571.14; evm.utg162.19; evm.utg2661.21","-0.954979536; -0.840727496; -2.764976959; -1.025641026; -0.856327307","nucleotide binding","ns"
"Acute Experiment","Molecular function","gene","GO:0003676","nucleic acid binding","2/24","42/813",0.354998444446146,0.414280565099303,0.331424452079443,2,2,2,"evm.utg1032.34; evm.utg334.43","0.759296997; 1.161751564","nucleic acid binding","ns"
"Acute Experiment","Molecular function","gene","GO:0004674","protein serine/threonine kinase activity","1/24","15/813",0.364566897287387,0.414280565099303,0.331424452079443,1,1,1,"evm.utg162.19","-0.840727496","protein serine/threonine kinase activity","ns"
"Acute Experiment","Molecular function","gene","GO:0016787","hydrolase activity","1/24","15/813",0.364566897287387,0.414280565099303,0.331424452079443,1,1,1,"evm.utg1571.14","-0.954979536","N-acetyl-beta-D-galactosaminidase activity","ns"
"Acute Experiment","Molecular function","gene","GO:0004842","ubiquitin-protein transferase activity","1/24","19/813",0.437761528197181,0.475827748040414,0.380662198432331,1,1,1,"evm.utg11814.6","-2.763800327","ubiquitin protein ligase activity","ns"
"Acute Experiment","Molecular function","gene","GO:0003677","DNA binding","3/24","97/813",0.561205938357933,0.584589519122847,0.467671615298277,3,3,3,"evm.utg1571.14; evm.utg542.38; utg101.equina_smart_1619046.mrna5","-0.954979536; 0.355111086; -0.182964017","nucleic acid binding","ns"
"Acute Experiment","Molecular function","gene","GO:0005044","scavenger receptor activity","1/24","29/813",0.587095766420249,0.587095766420249,0.4696766131362,1,1,1,"evm.utg9625.2","-0.908232114","scavenger receptor activity","ns"
"Acute Experiment","Molecular function","promoter","GO:0035368","selenocysteine insertion sequence binding","1/4","1/176",0.0227272727272727,0.135194805194805,0.0948735475051261,1,1,1,"evm.utg2661.20","-1.865136298","nucleic acid binding","ns"
"Acute Experiment","Molecular function","promoter","GO:0003723","RNA binding","1/4","2/176",0.0450649350649349,0.135194805194805,0.0948735475051261,1,1,1,"evm.utg816.8","15.06849315","nucleic acid binding","ns"
"Acute Experiment","Molecular function","promoter","GO:0004674","protein serine/threonine kinase activity","1/4","5/176",0.109784913113596,0.219569826227191,0.154084088580485,1,1,1,"evm.utg4613.33","2.919708029","protein serine/threonine kinase activity","ns"
"Acute Experiment","Molecular function","promoter","GO:0016787","hydrolase activity","1/4","11/176",0.229301802443122,0.343952703664683,0.241370318361181,1,1,1,"evm.utg59087.4","-2.547770701","N-acetyl-beta-D-galactosaminidase activity","ns"
"Acute Experiment","Molecular function","promoter","GO:0005524","ATP binding","1/4","15/176",0.302002283146393,0.362402739775672,0.254317712123278,1,1,1,"evm.utg4613.33","2.919708029","nucleotide binding","ns"
"Acute Experiment","Molecular function","promoter","GO:0046872","metal ion binding","1/4","23/176",0.431857657988812,0.431857657988812,0.303058005606184,1,1,1,"evm.utg59087.4","-2.547770701","metal ion binding","ns"
"Acute Experiment","Molecular function","dispersed_repeat","GO:0005509","calcium ion binding","6/18","27/429",0.000388860168384447,0.00505518218899781,0.00368393843732634,6,6,9,"evm.utg1138.4; evm.utg1569.8; evm.utg2333.11; evm.utg3884.52; evm.utg9625.4; utg2379.equina_smart_1636200.mrna1","-0.954979536; -2.380952381; 0.479846449; 0.657894737; 1.086956522; -0.675675676; -0.675675676; -0.675675676; -2.010050251","metal ion binding","**"
"Acute Experiment","Molecular function","dispersed_repeat","GO:0004035","alkaline phosphatase activity","1/18","1/429",0.041958041958042,0.136363636363636,0.0993743099006257,1,1,1,"evm.utg479.60","5.673758865","phosphoprotein phosphatase activity","ns"
"Acute Experiment","Molecular function","dispersed_repeat","GO:0005245","voltage-gated calcium channel activity","1/18","1/429",0.041958041958042,0.136363636363636,0.0993743099006257,1,1,1,"evm.utg816.25","12.35521236","voltage-gated calcium channel activity","ns"
"Acute Experiment","Molecular function","dispersed_repeat","GO:0008483","transaminase activity","1/18","1/429",0.041958041958042,0.136363636363636,0.0993743099006257,1,1,5,"evm.utg30804.6","-7.792059577; -7.792059577; -7.792059577; -2.678571429; -2.678571429","transaminase activity","ns"
"Acute Experiment","Molecular function","dispersed_repeat","GO:0043130","ubiquitin binding","1/18","4/429",0.158080411055594,0.296356161313779,0.215968052779272,1,1,3,"evm.utg24440.2","-2.034428795; -2.034428795; -2.034428795","protein dimerization activity","ns"
"Acute Experiment","Molecular function","dispersed_repeat","GO:0043565","sequence-specific DNA binding","1/18","4/429",0.158080411055594,0.296356161313779,0.215968052779272,1,1,1,"evm.utg1395.61","-0.682422612","nucleic acid binding","ns"
"Acute Experiment","Molecular function","dispersed_repeat","GO:0004725","protein tyrosine phosphatase activity","1/18","5/429",0.193738181881474,0.296356161313779,0.215968052779272,1,1,2,"evm.utg989.44.45.2.5c2798c8","-1.589638331; -1.589638331","phosphoprotein phosphatase activity","ns"
"Acute Experiment","Molecular function","dispersed_repeat","GO:0008270","zinc ion binding","3/18","39/429",0.218524823425914,0.296356161313779,0.215968052779272,3,3,7,"evm.utg1032.34; evm.utg17372.1; evm.utg3906.20","1.540436457; -2.631578947; -2.631578947; -2.355072464; -2.355072464; 1.066924846; 1.066924846","metal ion binding","ns"
"Acute Experiment","Molecular function","dispersed_repeat","GO:0004386","helicase activity","1/18","6/429",0.227966277933676,0.296356161313779,0.215968052779272,1,1,1,"evm.utg17372.1","1.540436457","RNA helicase activity","ns"
"Acute Experiment","Molecular function","dispersed_repeat","GO:0005044","scavenger receptor activity","1/18","6/429",0.227966277933676,0.296356161313779,0.215968052779272,1,1,1,"evm.utg1569.8","-0.954979536","scavenger receptor activity","ns"
"Acute Experiment","Molecular function","dispersed_repeat","GO:0003676","nucleic acid binding","2/18","26/429",0.298790706949269,0.353116290030954,0.257331709334298,2,2,5,"evm.utg1032.34; evm.utg1256.23","-0.782441252; -0.782441252; -0.782441252; 1.066924846; 1.066924846","nucleic acid binding","ns"
"Acute Experiment","Molecular function","dispersed_repeat","GO:0046872","metal ion binding","2/18","48/429",0.619443892854695,0.671064217259253,0.489034652253707,2,2,2,"evm.utg221.15; evm.utg816.25","12.35521236; -0.782122905","metal ion binding","ns"
"Acute Experiment","Molecular function","dispersed_repeat","GO:0003677","DNA binding","1/18","52/429",0.907123245945423,0.907123245945423,0.661061474778041,1,1,2,"evm.utg432.4","-0.747967273; -0.747967273","nucleic acid binding","ns"
