"ID","Description","ontology","semantic_cluster_id","semantic_cluster_GO","semantic_cluster_Description","cluster_size","mean_similarity_to_cluster","n_hits","best_p_adjust","sources"
"GO:0016070","RNA metabolic process","BP","BP_1","GO:0016070","RNA metabolic process",9,0.734125567682576,1,0.0454111065291808,"Primed Experiment_ORA"
"GO:0006310","DNA recombination","BP","BP_1","GO:0016070","RNA metabolic process",9,0.681609934841595,6,6.93256331818311e-05,"Acute_GSEA;Primed_GSEA"
"GO:0015074","DNA integration","BP","BP_1","GO:0016070","RNA metabolic process",9,0.668692195122565,6,4.90097012670422e-05,"Acute_GSEA;Primed_GSEA"
"GO:0043631","RNA polyadenylation","BP","BP_1","GO:0016070","RNA metabolic process",9,0.662687501246019,1,0.0252306453266077,"Acute Experiment_ORA"
"GO:0006281","DNA repair","BP","BP_1","GO:0016070","RNA metabolic process",9,0.631366091364411,4,0.00189400542491463,"Acute_GSEA;Primed_GSEA"
"GO:0008380","RNA splicing","BP","BP_1","GO:0016070","RNA metabolic process",9,0.628108811427088,2,0.0735621929194676,"Acute Experiment_ORA"
"GO:0006397","mRNA processing","BP","BP_1","GO:0016070","RNA metabolic process",9,0.611456692555683,5,0.0259535884933384,"Acute Experiment_ORA;Acute_GSEA"
"GO:0000724","double-strand break repair via homologous recombination","BP","BP_1","GO:0016070","RNA metabolic process",9,0.556967066600454,1,0.0748009197910827,"Primed Experiment_ORA"
"GO:0000184","nuclear-transcribed mRNA catabolic process, nonsense-mediated decay","BP","BP_1","GO:0016070","RNA metabolic process",9,0.483274077491479,1,0.0435268750726157,"Acute Experiment_ORA"
"GO:0006659","phosphatidylserine biosynthetic process","BP","BP_10","GO:0006659","phosphatidylserine biosynthetic process",1,1,1,0.00280819975920432,"Primed Experiment_ORA"
"GO:0055085","transmembrane transport","BP","BP_11","GO:0055085","transmembrane transport",5,0.592575962758518,1,0.0809922230708489,"Primed Experiment_ORA"
"GO:0071705","nitrogen compound transport","BP","BP_11","GO:0055085","transmembrane transport",5,0.583130205738377,2,0.00159116410680793,"Primed Experiment_ORA"
"GO:0030705","cytoskeleton-dependent intracellular transport","BP","BP_11","GO:0055085","transmembrane transport",5,0.569133148034833,2,0.0435268750726157,"Acute Experiment_ORA"
"GO:0006812","monoatomic cation transport","BP","BP_11","GO:0055085","transmembrane transport",5,0.532251635770685,1,0.0353330656720758,"Primed Experiment_ORA"
"GO:0006886","intracellular protein transport","BP","BP_11","GO:0055085","transmembrane transport",5,0.49586896840202,1,0.222952063871081,"Primed Experiment_ORA"
"GO:0007155","cell adhesion","BP","BP_12","GO:0007155","cell adhesion",3,0.785413042091751,1,0.125841161342185,"Primed Experiment_ORA"
"GO:0007160","cell-matrix adhesion","BP","BP_12","GO:0007155","cell adhesion",3,0.699745413123679,1,0.108827501844145,"Acute Experiment_ORA"
"GO:0007156","homophilic cell adhesion via plasma membrane adhesion molecules","BP","BP_12","GO:0007155","cell adhesion",3,0.673855502106646,3,0.0259535884933384,"Acute Experiment_ORA;Primed Experiment_ORA"
"GO:0007165","signal transduction","BP","BP_13","GO:0007165","signal transduction",2,0.678415728034602,3,0.00605821886248682,"Acute_GSEA;Primed_GSEA"
"GO:1901987","regulation of cell cycle phase transition","BP","BP_13","GO:0007165","signal transduction",2,0.678415728034602,1,0.0252306453266077,"Acute Experiment_ORA"
"GO:0007411","axon guidance","BP","BP_14","GO:0007411","axon guidance",1,1,1,0.0565911269975697,"Primed Experiment_ORA"
"GO:0010571","positive regulation of nuclear cell cycle DNA replication","BP","BP_15","GO:0010571","positive regulation of nuclear cell cycle DNA replication",1,1,1,0.0252306453266077,"Acute Experiment_ORA"
"GO:0016310","phosphorylation","BP","BP_16","GO:0016310","phosphorylation",1,1,2,0.014279984077705,"Primed_GSEA"
"GO:0030154","cell differentiation","BP","BP_17","GO:0070593","dendrite self-avoidance",2,0.748310163501551,2,0.118379138777271,"Acute Experiment_ORA;Primed Experiment_ORA"
"GO:0070593","dendrite self-avoidance","BP","BP_17","GO:0070593","dendrite self-avoidance",2,0.748310163501551,1,0.0130736808400833,"Primed Experiment_ORA"
"GO:0030198","extracellular matrix organization","BP","BP_18","GO:0030198","extracellular matrix organization",1,1,1,0.0809922230708489,"Primed Experiment_ORA"
"GO:0030433","ubiquitin-dependent ERAD pathway","BP","BP_19","GO:1904294","positive regulation of ERAD pathway",2,0.765087682369792,1,0.108827501844145,"Acute Experiment_ORA"
"GO:1904294","positive regulation of ERAD pathway","BP","BP_19","GO:1904294","positive regulation of ERAD pathway",2,0.765087682369792,1,0.0353330656720758,"Primed Experiment_ORA"
"GO:0007154","cell communication","BP","BP_2","GO:0007154","cell communication",3,0.657236149017841,7,1.45120884758067e-10,"Acute Experiment_ORA;Primed Experiment_ORA"
"GO:0051301","cell division","BP","BP_2","GO:0007154","cell communication",3,0.657236149017841,2,0.118379138777271,"Acute Experiment_ORA;Primed Experiment_ORA"
"GO:0000278","mitotic cell cycle","BP","BP_2","GO:0007154","cell communication",3,0.618886301079822,1,0.108317634032713,"Acute Experiment_ORA"
"GO:0030574","collagen catabolic process","BP","BP_20","GO:0030574","collagen catabolic process",1,1,1,0.0454111065291808,"Primed Experiment_ORA"
"GO:0034765","regulation of monoatomic ion transmembrane transport","BP","BP_21","GO:0034765","regulation of monoatomic ion transmembrane transport",1,1,2,0.0818531637802118,"Acute Experiment_ORA;Primed Experiment_ORA"
"GO:0042254","ribosome biogenesis","BP","BP_22","GO:0042254","ribosome biogenesis",1,1,1,0.0448198344071432,"Primed Experiment_ORA"
"GO:0042981","regulation of apoptotic process","BP","BP_23","GO:0042981","regulation of apoptotic process",1,1,1,0.193144514023525,"Primed Experiment_ORA"
"GO:0045087","innate immune response","BP","BP_24","GO:0051607","defense response to virus",2,0.815987186574425,1,0.0435268750726157,"Acute Experiment_ORA"
"GO:0051607","defense response to virus","BP","BP_24","GO:0051607","defense response to virus",2,0.815987186574425,1,0.0435268750726157,"Acute Experiment_ORA"
"GO:0046931","pore complex assembly","BP","BP_25","GO:0046931","pore complex assembly",2,0.822743744846685,1,0.0353330656720758,"Primed Experiment_ORA"
"GO:0051260","protein homooligomerization","BP","BP_25","GO:0046931","pore complex assembly",2,0.822743744846685,1,0.0818531637802118,"Primed Experiment_ORA"
"GO:0048511","rhythmic process","BP","BP_26","GO:0050896","response to stimulus",2,0.705882352941176,1,0.0454111065291808,"Primed Experiment_ORA"
"GO:0050896","response to stimulus","BP","BP_26","GO:0050896","response to stimulus",2,0.705882352941176,1,0.0454111065291808,"Primed Experiment_ORA"
"GO:0051715","cytolysis in another organism","BP","BP_27","GO:0051715","cytolysis in another organism",1,1,1,0.0353330656720758,"Primed Experiment_ORA"
"GO:0060271","cilium assembly","BP","BP_28","GO:0060271","cilium assembly",1,1,2,0.00664794007490643,"Acute_GSEA;Primed Experiment_ORA"
"GO:0070202","regulation of establishment of protein localization to chromosome","BP","BP_29","GO:0070202","regulation of establishment of protein localization to chromosome",1,1,1,0.0284544244784047,"Primed Experiment_ORA"
"GO:0001732","formation of cytoplasmic translation initiation complex","BP","BP_3","GO:0001732","formation of cytoplasmic translation initiation complex",1,1,1,0.0448198344071432,"Primed Experiment_ORA"
"GO:0070507","regulation of microtubule cytoskeleton organization","BP","BP_30","GO:0070507","regulation of microtubule cytoskeleton organization",1,1,2,0.0435268750726157,"Acute Experiment_ORA"
"GO:2000036","regulation of stem cell population maintenance","BP","BP_31","GO:2000036","regulation of stem cell population maintenance",1,1,1,0.0400652494209068,"Acute Experiment_ORA"
"GO:0001822","kidney development","BP","BP_4","GO:0001822","kidney development",2,0.774944169954757,1,0.0435268750726157,"Acute Experiment_ORA"
"GO:0007399","nervous system development","BP","BP_4","GO:0001822","kidney development",2,0.774944169954757,1,0.0809922230708489,"Primed Experiment_ORA"
"GO:0006508","proteolysis","BP","BP_5","GO:0006508","proteolysis",3,0.629328943199752,3,0.00261517888890912,"Acute_GSEA;Primed_GSEA"
"GO:0005975","carbohydrate metabolic process","BP","BP_5","GO:0006508","proteolysis",3,0.625119628442948,2,0.0438329249955345,"Primed Experiment_ORA"
"GO:0046416","D-amino acid metabolic process","BP","BP_5","GO:0006508","proteolysis",3,0.604026913947936,2,0.0408858139147683,"Acute Experiment_ORA;Primed Experiment_ORA"
"GO:0006325","chromatin organization","BP","BP_6","GO:0030261","chromosome condensation",2,0.77729439755601,1,0.0926387538913578,"Acute Experiment_ORA"
"GO:0030261","chromosome condensation","BP","BP_6","GO:0030261","chromosome condensation",2,0.77729439755601,1,0.0400652494209068,"Acute Experiment_ORA"
"GO:0045944","positive regulation of transcription by RNA polymerase II","BP","BP_7","GO:0045944","positive regulation of transcription by RNA polymerase II",3,0.754930068226593,1,0.0787788980006949,"Primed Experiment_ORA"
"GO:0045892","negative regulation of DNA-templated transcription","BP","BP_7","GO:0045944","positive regulation of transcription by RNA polymerase II",3,0.728638701869188,1,0.0748009197910827,"Primed Experiment_ORA"
"GO:0006366","transcription by RNA polymerase II","BP","BP_7","GO:0045944","positive regulation of transcription by RNA polymerase II",3,0.720654583807491,1,0.0454111065291808,"Primed Experiment_ORA"
"GO:0006468","protein phosphorylation","BP","BP_8","GO:0006468","protein phosphorylation",4,0.703374850063978,2,0.0249837778791863,"Acute_GSEA;Primed_GSEA"
"GO:0006470","protein dephosphorylation","BP","BP_8","GO:0006468","protein phosphorylation",4,0.703374850063978,1,0.139015225587209,"Acute Experiment_ORA"
"GO:0016567","protein ubiquitination","BP","BP_8","GO:0006468","protein phosphorylation",4,0.64162730393185,2,0.0439999997341412,"Acute Experiment_ORA;Acute_GSEA"
"GO:0016573","histone acetylation","BP","BP_8","GO:0006468","protein phosphorylation",4,0.585425173071308,1,0.0454111065291808,"Primed Experiment_ORA"
"GO:0006635","fatty acid beta-oxidation","BP","BP_9","GO:0006635","fatty acid beta-oxidation",2,0.742963013239012,1,0.0435268750726157,"Acute Experiment_ORA"
"GO:0034440","lipid oxidation","BP","BP_9","GO:0006635","fatty acid beta-oxidation",2,0.742963013239012,1,0.0454111065291808,"Primed Experiment_ORA"
"GO:0000166","nucleotide binding","MF","MF_1","GO:0000166","nucleotide binding",5,0.697829679860166,1,0.158006821693927,"Primed Experiment_ORA"
"GO:0070403","NAD+ binding","MF","MF_1","GO:0000166","nucleotide binding",5,0.676500078801786,3,0.00774346958549662,"Acute Experiment_ORA;Primed Experiment_ORA"
"GO:0043531","ADP binding","MF","MF_1","GO:0000166","nucleotide binding",5,0.675150071736791,2,0.000693426933090639,"Primed Experiment_ORA"
"GO:0071949","FAD binding","MF","MF_1","GO:0000166","nucleotide binding",5,0.671803089356653,2,0.0993784532573009,"Acute Experiment_ORA;Primed Experiment_ORA"
"GO:0005524","ATP binding","MF","MF_1","GO:0000166","nucleotide binding",5,0.668475810051244,4,0.00463920452395089,"Acute_GSEA;Primed_GSEA"
"GO:0003964","RNA-directed DNA polymerase activity","MF","MF_10","GO:0003964","RNA-directed DNA polymerase activity",2,0.834574652908918,9,0.00774346958549662,"Acute_GSEA;Primed Experiment_ORA;Primed_GSEA"
"GO:0016779","nucleotidyltransferase activity","MF","MF_10","GO:0003964","RNA-directed DNA polymerase activity",2,0.834574652908918,1,0.0993784532573009,"Acute Experiment_ORA"
"GO:0004721","phosphoprotein phosphatase activity","MF","MF_11","GO:0004721","phosphoprotein phosphatase activity",3,0.83773674242409,1,0.0120106885689539,"Acute Experiment_ORA"
"GO:0004725","protein tyrosine phosphatase activity","MF","MF_11","GO:0004721","phosphoprotein phosphatase activity",3,0.809602608572543,1,0.159719753472142,"Acute Experiment_ORA"
"GO:0004035","alkaline phosphatase activity","MF","MF_11","GO:0004721","phosphoprotein phosphatase activity",3,0.727463992889562,1,0.00901535356149274,"Acute Experiment_ORA"
"GO:0004100","chitin synthase activity","MF","MF_12","GO:0004100","chitin synthase activity",1,1,1,0.0665860842812354,"Primed Experiment_ORA"
"GO:0004197","cysteine-type endopeptidase activity","MF","MF_13","GO:0004197","cysteine-type endopeptidase activity",3,0.768509265961093,1,0.0993784532573009,"Acute Experiment_ORA"
"GO:0008234","cysteine-type peptidase activity","MF","MF_13","GO:0004197","cysteine-type endopeptidase activity",3,0.754222534454821,1,0.232257109015841,"Primed Experiment_ORA"
"GO:0004252","serine-type endopeptidase activity","MF","MF_13","GO:0004197","cysteine-type endopeptidase activity",3,0.679112524927811,1,0.315972838838286,"Primed Experiment_ORA"
"GO:0004300","enoyl-CoA hydratase activity","MF","MF_14","GO:0004300","enoyl-CoA hydratase activity",1,1,1,0.0080128946247721,"Acute Experiment_ORA"
"GO:0004402","histone acetyltransferase activity","MF","MF_15","GO:0004402","histone acetyltransferase activity",1,1,1,0.0539871072072001,"Primed Experiment_ORA"
"GO:0004540","RNA nuclease activity","MF","MF_16","GO:0004540","RNA nuclease activity",1,1,2,0.0108525160876044,"Acute Experiment_ORA"
"GO:0004563","beta-N-acetylhexosaminidase activity","MF","MF_17","GO:0102148","N-acetyl-beta-D-galactosaminidase activity",2,0.774999587499244,1,0.00581030520768433,"Primed Experiment_ORA"
"GO:0102148","N-acetyl-beta-D-galactosaminidase activity","MF","MF_17","GO:0102148","N-acetyl-beta-D-galactosaminidase activity",2,0.774999587499244,1,0.00581030520768433,"Primed Experiment_ORA"
"GO:0004674","protein serine/threonine kinase activity","MF","MF_18","GO:0004674","protein serine/threonine kinase activity",2,0.863321911866759,4,0.0182892167597609,"Acute Experiment_ORA;Primed_GSEA"
"GO:0004675","transmembrane receptor protein serine/threonine kinase activity","MF","MF_18","GO:0004674","protein serine/threonine kinase activity",2,0.863321911866759,1,0.0539871072072001,"Primed Experiment_ORA"
"GO:0004867","serine-type endopeptidase inhibitor activity","MF","MF_19","GO:0004867","serine-type endopeptidase inhibitor activity",1,1,2,0.124876700627105,"Acute Experiment_ORA"
"GO:0000215","tRNA 2-phosphotransferase activity","MF","MF_2","GO:0000215","tRNA 2-phosphotransferase activity",1,1,1,0.0206243115517126,"Primed Experiment_ORA"
"GO:0004930","G protein-coupled receptor activity","MF","MF_20","GO:0004930","G protein-coupled receptor activity",1,1,1,0.0701486354685823,"Primed_GSEA"
"GO:0005044","scavenger receptor activity","MF","MF_21","GO:0005044","scavenger receptor activity",1,1,6,0.00267335549015955,"Acute Experiment_ORA;Acute_GSEA"
"GO:0005085","guanyl-nucleotide exchange factor activity","MF","MF_22","GO:0005085","guanyl-nucleotide exchange factor activity",1,1,1,0.269250600878988,"Primed Experiment_ORA"
"GO:0005245","voltage-gated calcium channel activity","MF","MF_23","GO:0005245","voltage-gated calcium channel activity",3,0.829383142449268,1,0.0432624506647139,"Acute Experiment_ORA"
"GO:0005262","calcium channel activity","MF","MF_23","GO:0005245","voltage-gated calcium channel activity",3,0.787723823263991,1,0.0709404065024782,"Primed Experiment_ORA"
"GO:0005249","voltage-gated potassium channel activity","MF","MF_23","GO:0005245","voltage-gated calcium channel activity",3,0.756663416652456,1,0.10642671552261,"Primed Experiment_ORA"
"GO:0046872","metal ion binding","MF","MF_24","GO:0046872","metal ion binding",3,0.844500090415137,6,1.15063458858576e-05,"Acute_GSEA;Primed_GSEA"
"GO:0005509","calcium ion binding","MF","MF_24","GO:0046872","metal ion binding",3,0.791666231249055,3,0.0101246292770964,"Acute_GSEA;Primed_GSEA"
"GO:0008270","zinc ion binding","MF","MF_24","GO:0046872","metal ion binding",3,0.752833309165074,3,0.00101808865759512,"Acute_GSEA;Primed_GSEA"
"GO:0008017","microtubule binding","MF","MF_25","GO:0008017","microtubule binding",1,1,2,0.219890747456361,"Acute Experiment_ORA"
"GO:0008201","heparin binding","MF","MF_26","GO:0008201","heparin binding",1,1,1,0.0897940453462693,"Primed Experiment_ORA"
"GO:0008483","transaminase activity","MF","MF_27","GO:0008483","transaminase activity",2,0.828736072212931,4,0.0432624506647139,"Acute Experiment_ORA;Primed Experiment_ORA"
"GO:0016740","transferase activity","MF","MF_27","GO:0008483","transaminase activity",2,0.828736072212931,1,0.0701486354685823,"Primed_GSEA"
"GO:0015267","channel activity","MF","MF_28","GO:0015267","channel activity",1,1,1,0.0671834389227622,"Primed Experiment_ORA"
"GO:0016702","oxidoreductase activity, acting on single donors with incorporation of molecular oxygen, incorporation of two atoms of oxygen","MF","MF_29","GO:0016702","oxidoreductase activity, acting on single donors with incorporation of molecular oxygen, incorporation of two atoms of oxygen",2,0.858477214831588,1,0.0795620961135908,"Primed Experiment_ORA"
"GO:0051213","dioxygenase activity","MF","MF_29","GO:0016702","oxidoreductase activity, acting on single donors with incorporation of molecular oxygen, incorporation of two atoms of oxygen",2,0.858477214831588,1,0.10642671552261,"Primed Experiment_ORA"
"GO:0003899","DNA-directed 5-3 RNA polymerase activity","MF","MF_3","GO:0003899","DNA-directed 5-3 RNA polymerase activity",3,0.908386878912281,1,0.0795620961135908,"Primed Experiment_ORA"
"GO:0001054","RNA polymerase I activity","MF","MF_3","GO:0003899","DNA-directed 5-3 RNA polymerase activity",3,0.861204040433608,1,0.0206243115517126,"Primed Experiment_ORA"
"GO:0001056","RNA polymerase III activity","MF","MF_3","GO:0003899","DNA-directed 5-3 RNA polymerase activity",3,0.861204040433608,1,0.0206243115517126,"Primed Experiment_ORA"
"GO:0016874","ligase activity","MF","MF_30","GO:0016874","ligase activity",1,1,1,0.186530008664906,"Primed Experiment_ORA"
"GO:0030247","polysaccharide binding","MF","MF_31","GO:0030247","polysaccharide binding",1,1,1,0.00581030520768433,"Primed Experiment_ORA"
"GO:0031267","small GTPase binding","MF","MF_32","GO:0031267","small GTPase binding",1,1,1,0.148790272199579,"Primed Experiment_ORA"
"GO:0031369","translation initiation factor binding","MF","MF_33","GO:0046983","protein dimerization activity",3,0.698787635111889,1,0.0665860842812354,"Primed Experiment_ORA"
"GO:0046983","protein dimerization activity","MF","MF_33","GO:0046983","protein dimerization activity",3,0.698787635111889,4,0.0588426995088619,"Primed Experiment_ORA"
"GO:0043130","ubiquitin binding","MF","MF_33","GO:0046983","protein dimerization activity",3,0.660767795556058,2,0.130007446282064,"Acute Experiment_ORA;Primed Experiment_ORA"
"GO:0043539","protein serine/threonine kinase activator activity","MF","MF_34","GO:0043539","protein serine/threonine kinase activator activity",1,1,1,0.0299080921732197,"Acute Experiment_ORA"
"GO:0045296","cadherin binding","MF","MF_35","GO:0098632","cell-cell adhesion mediator activity",2,0.763749350310713,1,0.0665860842812354,"Primed Experiment_ORA"
"GO:0098632","cell-cell adhesion mediator activity","MF","MF_35","GO:0098632","cell-cell adhesion mediator activity",2,0.763749350310713,1,0.00985082179259389,"Primed Experiment_ORA"
"GO:0061630","ubiquitin protein ligase activity","MF","MF_36","GO:0061630","ubiquitin protein ligase activity",1,1,3,0.0665860842812354,"Primed Experiment_ORA"
"GO:0090729","toxin activity","MF","MF_37","GO:0090729","toxin activity",1,1,2,0.292510470329506,"Primed Experiment_ORA"
"GO:0106245","L-serine-phosphatidylethanolamine phosphatidyltransferase activity","MF","MF_38","GO:0106245","L-serine-phosphatidylethanolamine phosphatidyltransferase activity",1,1,1,0.00234763811480299,"Primed Experiment_ORA"
"GO:0140297","DNA-binding transcription factor binding","MF","MF_39","GO:0140297","DNA-binding transcription factor binding",1,1,1,0.0492266008944644,"Primed Experiment_ORA"
"GO:0003676","nucleic acid binding","MF","MF_4","GO:0003676","nucleic acid binding",7,0.755500533475712,2,0.0701486354685823,"Acute_GSEA;Primed_GSEA"
"GO:0003723","RNA binding","MF","MF_4","GO:0003676","nucleic acid binding",7,0.742036467038077,1,0.0123794800197055,"Acute_GSEA"
"GO:0003677","DNA binding","MF","MF_4","GO:0003676","nucleic acid binding",7,0.690061607206899,6,2.77291034079658e-06,"Acute_GSEA;Primed_GSEA"
"GO:0043565","sequence-specific DNA binding","MF","MF_4","GO:0003676","nucleic acid binding",7,0.618584823654081,1,0.169986989051085,"Acute Experiment_ORA"
"GO:0003743","translation initiation factor activity","MF","MF_4","GO:0003676","nucleic acid binding",7,0.614595296269974,1,0.139451442376256,"Primed Experiment_ORA"
"GO:0003746","translation elongation factor activity","MF","MF_4","GO:0003676","nucleic acid binding",7,0.614595296269974,1,0.0994292135261157,"Primed Experiment_ORA"
"GO:0035368","selenocysteine insertion sequence binding","MF","MF_4","GO:0003676","nucleic acid binding",7,0.601111659998764,6,6.17425518185162e-07,"Acute Experiment_ORA;Primed Experiment_ORA"
"GO:0003712","transcription coregulator activity","MF","MF_5","GO:0003712","transcription coregulator activity",1,1,1,0.106797603101691,"Primed Experiment_ORA"
"GO:0004386","helicase activity","MF","MF_6","GO:0004386","helicase activity",3,0.875447718919827,1,0.175300938852962,"Acute Experiment_ORA"
"GO:0016887","ATP hydrolysis activity","MF","MF_6","GO:0004386","helicase activity",3,0.845061017126007,1,0.0651291297822781,"Acute_GSEA"
"GO:0003724","RNA helicase activity","MF","MF_6","GO:0004386","helicase activity",3,0.825661296525166,1,0.124876700627105,"Acute Experiment_ORA"
"GO:0003755","peptidyl-prolyl cis-trans isomerase activity","MF","MF_7","GO:0003755","peptidyl-prolyl cis-trans isomerase activity",1,1,2,0.0206243115517126,"Primed Experiment_ORA"
"GO:0003857","3-hydroxyacyl-CoA dehydrogenase activity","MF","MF_8","GO:0003857","3-hydroxyacyl-CoA dehydrogenase activity",1,1,1,0.0080128946247721,"Acute Experiment_ORA"
"GO:0003884","D-amino-acid oxidase activity","MF","MF_9","GO:0003884","D-amino-acid oxidase activity",1,1,2,0.0299080921732197,"Acute Experiment_ORA;Primed Experiment_ORA"
