"gene_id","paired_baseMean","paired_log2FoldChange","paired_lfcSE","paired_pvalue","paired_padj","paired_significant","unpaired_baseMean","unpaired_log2FoldChange","unpaired_lfcSE","unpaired_pvalue","unpaired_padj","unpaired_significant","DEG_category","same_LFC_direction"
"evm.TU.utg7.74",409.57980930835,-0.690020875147808,1.43612412296071,3.52633475169665e-05,0.0212682437484086,TRUE,409.57980930835,-3.54260344326234,2.63675522132079,2.68841086070302e-06,0.0132066116513764,TRUE,"Shared DEG",TRUE
"evm.TU.utg55.33",876.042144463156,1.3680059564283,0.315879125748861,3.77734562788789e-07,0.000860070121589841,TRUE,876.042144463156,1.01133517598656,0.579478135125824,3.61052673900043e-05,0.0666496684952702,TRUE,"Shared DEG",TRUE
"evm.TU.utg150.65",25.1896083982872,1.57928515695734,0.7357853596839,4.89371164725881e-06,0.00636718492085964,TRUE,25.1896083982872,1.74293156720205,0.71574513504123,2.94414909425588e-06,0.0132066116513764,TRUE,"Shared DEG",TRUE
"evm.TU.utg194.25",445.985028429212,0.895551282472858,0.27086672385553,1.60534903795427e-05,0.0121841532677846,TRUE,445.985028429212,0.920317259156661,0.225408552811865,1.92366652919433e-06,0.0120806258033404,TRUE,"Shared DEG",TRUE
"evm.TU.utg203.119",46.2344665078354,-1.07888737299716,0.40745962158032,2.51708315566274e-05,0.016774210502969,TRUE,46.2344665078354,-0.952834892936444,0.525402456430974,3.82068163348683e-05,0.0666496684952702,TRUE,"Shared DEG",TRUE
"evm.TU.utg389.107",562.240190994635,0.779993741883474,0.274210958521116,3.81887839075866e-05,0.0212682437484086,TRUE,562.240190994635,0.787472083046417,0.334230000665812,2.45898711317769e-05,0.0482576220961121,TRUE,"Shared DEG",TRUE
"evm.TU.utg512.20",2777.68879069342,0.237299341319166,0.650806750649505,0.000390858266436165,0.0643338579146706,TRUE,2777.68879069342,5.74319844071973,1.25304439281786,2.76354664943081e-08,0.00062036124428259,TRUE,"Shared DEG",TRUE
"evm.TU.utg512.60",156.609611699875,0.572453596793155,0.53329755012313,0.000541798913662781,0.0821838215032374,TRUE,156.609611699875,0.750824849916458,0.605971356101244,0.000104449822943751,0.0993855891040537,TRUE,"Shared DEG",TRUE
"evm.TU.utg686.60",356.656254145337,-0.77982878376181,0.201331684373681,7.13992453687819e-06,0.00750209839205173,TRUE,356.656254145337,-0.752436272473343,0.224069680690926,6.85523436547939e-06,0.0215254359076053,TRUE,"Shared DEG",TRUE
"evm.TU.utg736.13",54.1121495520046,-1.52153603306789,0.722489239232938,6.35825749053974e-06,0.00723861122558406,TRUE,54.1121495520046,-1.3144940565084,1.22230632281579,1.78233853119926e-05,0.0399753070568978,TRUE,"Shared DEG",TRUE
"evm.TU.utg777.43",2246.40328840047,-0.90962649904899,0.288326789749351,1.96412677889533e-05,0.0136780053176331,TRUE,2246.40328840047,-0.793606457468848,0.478294536843874,5.98008064437659e-05,0.0782393884305937,TRUE,"Shared DEG",TRUE
"evm.TU.utg788.54",395.04422213376,-1.30839489623544,0.417474413277117,6.20185792246341e-06,0.00723861122558406,TRUE,395.04422213376,-1.00845450025604,0.646199749341863,4.22398684145131e-05,0.0667851470024847,TRUE,"Shared DEG",TRUE
"evm.TU.utg788.55",254.517774541534,-1.28354187249826,0.424421159180019,7.89102542399565e-06,0.00750209839205173,TRUE,254.517774541534,-0.812580233371991,0.675283143834571,8.99958138445368e-05,0.0911570501522082,TRUE,"Shared DEG",TRUE
"evm.TU.utg788.56",909.305144644274,-1.37232283598456,0.322152345373201,4.65432800739169e-07,0.000978232339584332,TRUE,909.305144644274,-1.18338385895974,0.493383272643724,1.2931013474221e-05,0.0338361519242115,TRUE,"Shared DEG",TRUE
"evm.TU.utg868.112",38.2666274513602,-1.84895183106884,0.516339161412643,2.24733940368092e-07,0.000619363548892801,TRUE,38.2666274513602,-1.68650899841753,1.05725983741036,6.81355032030347e-06,0.0215254359076053,TRUE,"Shared DEG",TRUE
"evm.TU.utg1239.25",113.983560090894,0.989822904696453,0.630466425175618,8.27500258525581e-05,0.0301463860849259,TRUE,113.983560090894,0.819855883925515,0.795411944093566,8.48922551142798e-05,0.0904788276920127,TRUE,"Shared DEG",TRUE
"utg1272.equina_smart_16100.path1",58.6515429152472,1.07197614643995,0.376072349932042,2.00241632582558e-05,0.0136780053176331,TRUE,58.6515429152472,0.879629422707737,0.512678282715666,4.87095697604336e-05,0.0728324043084578,TRUE,"Shared DEG",TRUE
"evm.TU.utg1420.4",21.303881925706,1.13161067159281,0.581283825393683,3.95011766311538e-05,0.0212682437484086,TRUE,21.303881925706,1.38613011337145,0.572256584087936,7.71768814078931e-06,0.0220304916018895,TRUE,"Shared DEG",TRUE
"utg2338.equina_smart_890756.path2",57.8927159724981,5.71481583926879,0.696606871415606,4.10082412231913e-17,1.12046817494126e-12,TRUE,57.8927159724981,3.03438524060376,3.09775475736855,4.20946072508496e-06,0.0165221333459585,TRUE,"Shared DEG",TRUE
"evm.TU.utg2801.36",62.6524658552764,-0.751550541966359,0.721296039459208,0.000192670179770319,0.0478575211078584,TRUE,62.6524658552764,-0.83757029393209,0.87768573320805,7.17520412555247e-05,0.0855863146816121,TRUE,"Shared DEG",TRUE
"evm.TU.utg3409.15",283.724727097726,-0.991373524313561,0.559298035975012,7.70776070369472e-05,0.0293940643447309,TRUE,283.724727097726,-0.835456400700713,0.771703307347221,8.26123939570891e-05,0.0904788276920127,TRUE,"Shared DEG",TRUE
"evm.TU.utg4155.2",128.990034311382,-1.14241076640783,0.638435535902932,3.96984383548233e-05,0.0212682437484086,TRUE,128.990034311382,-0.863517380544124,0.867732779918724,6.78819198539906e-05,0.0852596913366122,TRUE,"Shared DEG",TRUE
"utg4155.evm.utg4695.64.path2",308.543554547769,-1.43884524540782,0.567380488210678,7.0138554922338e-06,0.00750209839205173,TRUE,308.543554547769,-0.571515470734019,1.00945709920761,9.92762927958383e-05,0.0974148623059164,TRUE,"Shared DEG",TRUE
"evm.TU.utg4695.64",307.476638397532,-0.320002078837406,0.658107954805138,0.000450244632737067,0.0715234540713656,TRUE,307.476638397532,-1.47507928848283,1.67361149900224,1.53716581665132e-05,0.0371284666483473,TRUE,"Shared DEG",TRUE
"evm.TU.utg5414.35",41.3839454565177,4.69670844683935,0.784642218816718,3.43863858168814e-11,4.3680646093534e-07,TRUE,41.3839454565177,0.503674699434068,1.47025579237659,8.64447398331331e-05,0.0904788276920127,TRUE,"Shared DEG",TRUE
"evm.TU.utg7149.21",60.2120156627339,-3.02777122188166,0.956599349351002,2.43200024615512e-08,0.00011074923787616,TRUE,60.2120156627339,-0.866648674998439,1.41657508144135,4.25383101926654e-05,0.0667851470024847,TRUE,"Shared DEG",TRUE
"evm.TU.utg16690.14",46.977564827132,1.83850843430279,0.481569627053891,1.34636601242527e-07,0.000459834481968694,TRUE,46.977564827132,2.13792401369219,0.606216450475784,2.08445748561675e-07,0.00218173216827886,TRUE,"Shared DEG",TRUE
"evm.TU.utg97204.12",224.862881051844,0.593573059436416,0.30237319387294,0.000156064250372914,0.0426414351293912,TRUE,224.862881051844,0.570822578411837,0.308048777024156,5.24741490800067e-05,0.0731048193510908,TRUE,"Shared DEG",TRUE
"evm.TU.utg13.51",399.180490122968,-0.283203137789641,0.817304248042139,0.0001887904764844,0.0476925769283015,TRUE,399.180490122968,-0.0214970607528643,0.218648555530589,0.0105555147039903,0.442796723074329,FALSE,"Paired design only",NA
"evm.TU.utg27.73",1406.36035182457,1.59629571188328,0.385157120305194,2.2668211722461e-07,0.000619363548892801,TRUE,1406.36035182457,0.0423043034863608,0.263470997811822,0.00597028114201061,0.379487505787719,FALSE,"Paired design only",NA
"evm.TU.utg27.125",9526.69647768498,1.0930153193623,0.486462955658389,3.6774849060891e-05,0.0212682437484086,TRUE,9526.69647768498,0.164105856909438,0.493074636286106,0.00107872722032299,0.211504660426697,FALSE,"Paired design only",NA
"evm.TU.utg27.127",510.610865302082,0.61686543896872,0.43331359033677,0.000332530753949217,0.0593839071251926,TRUE,510.610865302082,0.265068219190034,0.411841844776514,0.000724134062363864,0.171037072020319,FALSE,"Paired design only",NA
"evm.TU.utg34.9",71.1685288231496,0.581288189852024,0.756827860433128,0.000240893436225926,0.051826231165362,TRUE,71.1685288231496,0.00127377167768023,0.0581408544786026,0.657984453709812,0.987396229391526,FALSE,"Paired design only",NA
"evm.TU.utg47.12",567.447481240788,-0.414142313030044,0.667046756792787,0.000517065403581388,0.0798179549268603,TRUE,567.447481240788,-0.00518593188070397,0.0808583200398625,0.185938951394458,0.8799371369151,FALSE,"Paired design only",NA
"evm.TU.utg47.21",118.110628609749,0.667448902576347,0.648163799517959,0.000329296966774907,0.0591932962052025,TRUE,118.110628609749,0.192033811868607,0.58254528778669,NA,NA,FALSE,"Paired design only",NA
"evm.TU.utg54.45",23.5542540981569,-0.64409421371507,0.652513384086739,0.00035543176406752,0.0610783779221185,TRUE,23.5542540981569,-0.072491498012362,0.304977462430357,0.00450645625431087,0.368415651050561,FALSE,"Paired design only",NA
"evm.TU.utg55.197",250.60305922168,-0.638118642497244,0.383886210621643,0.00023058155543338,0.0508079019282761,TRUE,250.60305922168,-0.0537630921845808,0.20619882959433,0.00670308367461321,0.391949399223193,FALSE,"Paired design only",NA
"utg55.equina_smart_376502.path1",467.16150196841,-0.526247663707411,0.788105816022741,0.000200647932013928,0.0482887141288,TRUE,467.16150196841,-0.0698712700162971,0.361836024187751,0.00241241629517644,0.301333889969975,FALSE,"Paired design only",NA
"evm.TU.utg56.43",1146.72285530082,0.618465950463695,0.493934455980327,0.000405621844387578,0.0659690812750106,TRUE,1146.72285530082,0.038001205235211,0.183265583018075,0.0116015792329587,0.454472369833528,FALSE,"Paired design only",NA
"evm.TU.utg73.35",1030.02188325783,-0.674879411543696,0.481195298185134,0.000297197754882214,0.0562182810194759,TRUE,1030.02188325783,-0.0803693371960742,0.281771901532225,0.00461266017843326,0.368415651050561,FALSE,"Paired design only",NA
"evm.TU.utg73.95",371.392198226949,-0.545700608884195,0.620245676052598,0.000557244210979784,0.0828605812698456,TRUE,371.392198226949,-0.0182813660131922,0.134915649351056,0.0328367903261739,0.610103678249621,FALSE,"Paired design only",NA
"utg77.equina_smart_1078796.path1",124.450022918024,0.905058678501837,0.42159136954161,7.28285145963192e-05,0.0285904074573656,TRUE,124.450022918024,0.185936000401491,0.405279280144839,0.00144628526214338,0.242750265494784,FALSE,"Paired design only",NA
"evm.TU.utg77.92",5509.49965469267,-0.614085938888614,0.393280530154611,0.000275878209605929,0.054621886384513,TRUE,5509.49965469267,-0.0129659812641483,0.101357760656145,0.0425270950316491,0.653302731895197,FALSE,"Paired design only",NA
"evm.TU.utg78.53",1591.13709008307,0.691119706976986,0.524572431806394,0.000305104439826784,0.056709990540049,TRUE,1591.13709008307,0.486121962441761,0.697779122540773,NA,NA,FALSE,"Paired design only",NA
"evm.TU.utg78.54",3388.07278422174,0.834422051487675,0.454885535255805,0.000123271008630166,0.0366101496608916,TRUE,3388.07278422174,0.0420815185841782,0.238412563094705,0.00863859276810885,0.419045729143666,FALSE,"Paired design only",NA
"evm.TU.utg78.74",410.329554721771,0.948713998339874,0.569549400311217,9.64858121754187e-05,0.0318411047890185,TRUE,410.329554721771,0.180906033881735,0.525524316058949,NA,NA,FALSE,"Paired design only",NA
"evm.TU.utg92.24",78.7198089466225,0.490549609879569,0.491928594553533,0.000768608253826306,0.0995293048307874,TRUE,78.7198089466225,0.535817371216953,0.530605514485702,0.000216745378578306,0.130880863218438,FALSE,"Paired design only",NA
"evm.TU.utg92.78",103.030163901876,-0.554140723716146,0.54964726757572,0.000595087806714143,0.085381034291737,TRUE,103.030163901876,-0.0130666304912872,0.107462290710957,0.0476050989549487,0.67333338161504,FALSE,"Paired design only",NA
"evm.TU.utg104.63",186.618096832672,-0.836558722562086,0.461817977553598,0.000125518226841637,0.0368767151827318,TRUE,186.618096832672,-0.233398148745318,0.452248564128673,0.00104150602782579,0.209636469703396,FALSE,"Paired design only",NA
"evm.TU.utg112.47",698.125618053887,0.475267902820426,0.385597828094746,0.000559875448522975,0.0828605812698456,TRUE,698.125618053887,0.030392106311358,0.149070569957645,0.012562229444344,0.460098584634035,FALSE,"Paired design only",NA
"evm.TU.utg112.49",64.1372114196074,0.479221300968477,0.450978304848548,0.000735615234762684,0.0993293126629099,TRUE,64.1372114196074,0.109619870086655,0.31128903119086,0.00294901133843661,0.318412721642344,FALSE,"Paired design only",NA
"evm.TU.utg116.21",177.188733809432,0.708643401153906,0.505988853124069,0.000269929606089144,0.054621886384513,TRUE,177.188733809432,0.228737326378257,0.499797267030384,0.00100709051813674,0.207457091786334,FALSE,"Paired design only",NA
"evm.TU.utg116.310",52.4959802281681,-0.568425420456434,0.77871181460649,0.000209357563062394,0.048891253808152,TRUE,52.4959802281681,-0.117444132009541,0.473212987170689,0.00113920222301204,0.212402674199821,FALSE,"Paired design only",NA
"evm.TU.utg162.13",81.0957622194288,-0.613574360152975,0.715065891673579,0.000298343913473045,0.0562182810194759,TRUE,81.0957622194288,-0.0110137608640755,0.118503652734958,0.0607528647901563,0.708999735441596,FALSE,"Paired design only",NA
"evm.TU.utg162.16",327.580490272369,-0.368678717277005,0.327260111616771,0.000739689632283618,0.0993293126629099,TRUE,327.580490272369,-0.0458987557172337,0.165346269117679,0.00553602367726851,0.371747910703116,FALSE,"Paired design only",NA
"evm.TU.utg170.23",440.506258012019,0.851036980510889,0.418718725761691,9.49733191223e-05,0.0318411047890185,TRUE,440.506258012019,0.0359686718173276,0.182165476431898,0.0128508403439921,0.460098584634035,FALSE,"Paired design only",NA
"evm.TU.utg170.24",567.168406241171,0.890387620131287,0.409412447107283,7.32470271205794e-05,0.0285904074573656,TRUE,567.168406241171,0.03047055636949,0.167020910292866,0.0158877763654977,0.490821541369948,FALSE,"Paired design only",NA
"evm.TU.utg181.10",6879.5737943621,1.00186191672135,0.502256886668803,6.32010377569358e-05,0.0265667993020424,TRUE,6879.5737943621,0.349032596945704,0.550597180986184,0.000550879020875876,0.164541488899146,FALSE,"Paired design only",NA
"evm.TU.utg203.93",923.108424241478,0.904047507175878,0.408171012333778,6.75978739581553e-05,0.0275668165695325,TRUE,923.108424241478,0.325318702454887,0.53399765726136,0.000619973273307119,0.170393226019107,FALSE,"Paired design only",NA
"evm.TU.utg203.94",161.044251946995,0.635469230546091,0.536630440829279,0.00040390901247816,0.0659690812750106,TRUE,161.044251946995,0.0658726648474923,0.268760815271883,0.00594428720803401,0.379112527227206,FALSE,"Paired design only",NA
"evm.TU.utg203.148",286.04975407414,1.50731109806142,0.338655201533536,1.29121318130069e-07,0.000459834481968694,TRUE,286.04975407414,0.0327784206320123,0.188800606929977,0.0150965718236595,0.486625393261259,FALSE,"Paired design only",NA
"evm.TU.utg234.38",846.115320983109,0.830443282258973,0.42817151255745,0.000110997925905998,0.0352650735991812,TRUE,846.115320983109,0.609093517614605,0.580637211909732,0.000175934234232264,0.127944581557399,FALSE,"Paired design only",NA
"utg234.equina_smart_1444942.path4",16025.16656023,0.492006549116668,0.312795208333267,0.000302227576227658,0.0565600278443033,TRUE,16025.16656023,0.0575362024366898,0.196416883326999,0.00501864469129444,0.368415651050561,FALSE,"Paired design only",NA
"evm.TU.utg234.132",33.9832421803918,0.662092865349155,0.649377530470312,0.000335105980168222,0.0594551993255605,TRUE,33.9832421803918,0.101734065781139,0.350683630573851,0.00304849188274331,0.318412721642344,FALSE,"Paired design only",NA
"evm.TU.utg245.77",1068.34708128367,0.506158157155927,0.869152102061644,0.000130960676259964,0.0380663676324574,TRUE,1068.34708128367,0.00415463966488819,0.0768125274794081,0.243320686460803,0.911909793169489,FALSE,"Paired design only",NA
"evm.TU.utg262.38",491.407764199262,0.490180948644897,0.33938377641107,0.000378615544157529,0.0638787779473993,TRUE,491.407764199262,0.331395311007703,0.391524194138084,0.000384783242324529,0.153821659417839,FALSE,"Paired design only",NA
"evm.TU.utg262.58",94.1630492052737,-0.591310422088876,0.59533869354374,0.000492284020213518,0.0768610073388226,TRUE,94.1630492052737,-0.0709805378109198,0.269124346365116,0.0054526050590712,0.368996478847824,FALSE,"Paired design only",NA
"evm.TU.utg280.44",1503.38176559372,0.659520993469974,0.259950702956236,6.63862027414622e-05,0.0274828820834087,TRUE,1503.38176559372,0.241086781045405,0.37486934605506,0.000744188870418186,0.171319751098763,FALSE,"Paired design only",NA
"evm.TU.utg293.6",47.4735461095766,0.943900117340597,0.493216319971,8.23623513389704e-05,0.0301463860849259,TRUE,47.4735461095766,0.534713718435939,0.670244150944503,0.000243953101777426,0.13258324610804,FALSE,"Paired design only",NA
"evm.TU.utg293.50",18781.5853248239,0.547933656434478,0.363053390370733,0.000324719384822566,0.0587570049768673,TRUE,18781.5853248239,0.0901258674544032,0.257220052326308,0.00323871503314566,0.318542438322238,FALSE,"Paired design only",NA
"evm.TU.utg324.183",278.851867982453,0.951390776981883,0.402436445859116,5.03792687288431e-05,0.0237329786116927,TRUE,278.851867982453,0.263130706282939,0.503855366242083,0.000861361989699778,0.191821038840943,FALSE,"Paired design only",NA
"evm.TU.utg338.79",302.961612733539,0.747244277551095,0.490529991914594,0.000215028675743146,0.0493716681288235,TRUE,302.961612733539,0.283438212311146,0.542033960618384,0.000735350468877168,0.171037072020319,FALSE,"Paired design only",NA
"evm.TU.utg344.68",37.9172018258915,1.2442929320763,0.426764261289859,1.0468599782474e-05,0.00893854849551679,TRUE,37.9172018258915,0.0590402065663276,0.262931430447642,0.00661630545680513,0.390338312428329,FALSE,"Paired design only",NA
"evm.TU.utg348.3",122.130549708578,0.606730143262602,0.454448708132546,0.000381079705941005,0.0638787779473993,TRUE,122.130549708578,0.451899852279749,0.521169747960146,0.000316991888156205,0.143164971170681,FALSE,"Paired design only",NA
"evm.TU.utg370.56",195.044405125881,-1.01307880867736,0.44784118229703,4.72296210628535e-05,0.0228468621874195,TRUE,195.044405125881,-0.129742489522296,0.361028775673688,0.00241914860157433,0.301333889969975,FALSE,"Paired design only",NA
"evm.TU.utg379.20",451.038846923989,0.411969648234784,0.373778531501811,0.00076618838882864,0.0995293048307874,TRUE,451.038846923989,0.0796931933420409,0.226281586331187,0.00318320912083577,0.318542438322238,FALSE,"Paired design only",NA
"evm.TU.utg379.32",1659.49705957725,-0.376155880062369,0.31575683615392,0.000638582879707349,0.0890204082767545,TRUE,1659.49705957725,-0.123948084793083,0.269083571625494,0.00165046166181379,0.250760212074473,FALSE,"Paired design only",NA
"evm.TU.utg411.84",702.752252808146,-0.735320367952738,0.404928437715013,0.000158797009798122,0.0429585217694464,TRUE,702.752252808146,-0.0867529237937953,0.288732331285646,0.0041459407951675,0.357644343319395,FALSE,"Paired design only",NA
"evm.TU.utg415.3",145.625832675594,0.730721120250094,0.644345547531076,0.000257962185322557,0.0538038228211315,TRUE,145.625832675594,0.379046809354402,0.648584287808262,0.000405053231482774,0.15454885233572,FALSE,"Paired design only",NA
"evm.TU.utg417.48",11885.7709273135,0.723218614404074,0.481878338854525,0.000235336939213627,0.0510326284931265,TRUE,11885.7709273135,0.107168929026415,0.303749222857028,0.002992095601876,0.318412721642344,FALSE,"Paired design only",NA
"evm.TU.utg418.5",208.852282431268,-0.739692496427072,0.211579376531936,1.50198351280176e-05,0.012070204564789,TRUE,208.852282431268,-0.263519261205535,0.381440959369475,0.000627099936282835,0.170393226019107,FALSE,"Paired design only",NA
"evm.TU.utg418.25",26.3414202511863,0.480730077943394,0.649652135685559,0.000581112035925694,0.0844559795616901,TRUE,26.3414202511863,0.036233218934535,0.209704520881368,0.0122995980047419,0.460098584634035,FALSE,"Paired design only",NA
"utg418.evm.utg6875.9.path3",40.2485815138913,0.61612754046499,0.662081982228545,0.000380164107373008,0.0638787779473993,TRUE,40.2485815138913,0.571531038027056,0.724519125726269,0.00019949060889246,0.130500106650484,FALSE,"Paired design only",NA
"evm.TU.utg420.20",2869.59186231609,0.852634950917346,0.415360341278274,9.24343503888641e-05,0.0318411047890185,TRUE,2869.59186231609,0.245147045997008,0.520226736904518,0.000891203809597376,0.19674222461704,FALSE,"Paired design only",NA
"evm.TU.utg441.10",136.163877367749,0.715841484124176,0.718770052646463,0.000219248663497862,0.0499210936062673,TRUE,136.163877367749,0.124213303400632,0.564644484590819,NA,NA,FALSE,"Paired design only",NA
"evm.TU.utg470.31",92.4499971093157,0.584404640784799,0.603048810031598,0.00050069284540937,0.0777297194040922,TRUE,92.4499971093157,0.107563570572462,0.351808282410262,0.00295848563406807,0.318412721642344,FALSE,"Paired design only",NA
"evm.TU.utg479.104",156.126989042207,0.972587236516274,0.243171184566109,3.70969397900157e-06,0.00506799842941299,TRUE,156.126989042207,0.27327857600415,0.459372365731336,0.000792344319061361,0.178990011644077,FALSE,"Paired design only",NA
"evm.TU.utg479.142",24.678216341996,0.481158052032495,0.604924316351079,0.000729838826434717,0.0993293126629099,TRUE,24.678216341996,0.0359267615663882,0.209213200962032,0.0123895738270085,0.460098584634035,FALSE,"Paired design only",NA
"evm.TU.utg498.104",370.754884653669,-0.543687957801417,0.50145977213639,0.000596851646953913,0.085381034291737,TRUE,370.754884653669,-0.336973850341985,0.53760446534566,0.000585178349813497,0.17013518689022,FALSE,"Paired design only",NA
"evm.TU.utg505.78",26593.3657358455,0.58959626951856,0.328163016392986,0.000200362613803475,0.0482887141288,TRUE,26593.3657358455,0.046194717977239,0.189639265127051,0.00798160619768641,0.40933193291556,FALSE,"Paired design only",NA
"evm.TU.utg514.1",526.111311021562,0.519957813593506,0.446575388736446,0.000580550526714872,0.0844559795616901,TRUE,526.111311021562,0.255827160796971,0.395191128128696,0.000725025992673816,0.171037072020319,FALSE,"Paired design only",NA
"evm.TU.utg540.62",73.6964451265363,1.11574072387357,0.808421953910774,3.75481294101407e-05,0.0212682437484086,TRUE,73.6964451265363,0.0411167045505753,0.24958687709728,0.00718737557607458,0.405120040138887,FALSE,"Paired design only",NA
"evm.TU.utg540.63",285.225540882374,0.74828331032626,0.592210474296527,0.000249310235443917,0.0532179965862043,TRUE,285.225540882374,0.0683953978428977,0.264463364956257,0.00572762032864041,0.375464046595634,FALSE,"Paired design only",NA
"evm.TU.utg567.14",102.91145071618,-0.209572756709609,0.810669391085942,0.000205010095485152,0.0482887141288,TRUE,102.91145071618,-0.0186342612785618,0.20907762322613,0.0124037673093993,0.460098584634035,FALSE,"Paired design only",NA
"evm.TU.utg567.16",208.681263681797,0.905611745890221,0.592276356846732,0.000121283272335114,0.0365514691771274,TRUE,208.681263681797,0.0397914225395317,0.209122126458104,0.0116242152843776,0.454472369833528,FALSE,"Paired design only",NA
"evm.TU.utg597.162",569.429073551212,0.441567860412369,0.268248343033945,0.00026439667810844,0.0543166198192249,TRUE,569.429073551212,0.0495637043270617,0.167257628960319,0.00462216326910455,0.368415651050561,FALSE,"Paired design only",NA
"evm.TU.utg684.2",315.951588623051,0.719868793146788,0.544701864643112,0.000274966604120596,0.054621886384513,TRUE,315.951588623051,0.0625030267944458,0.266290075056037,0.00626967918251277,0.386015541825296,FALSE,"Paired design only",NA
"evm.TU.utg710.35",567.816756088101,0.501206889073584,0.434874921638139,0.000614443435733971,0.0862229119946982,TRUE,567.816756088101,0.211085283256435,0.38604756818736,0.00106626119944965,0.211504660426697,FALSE,"Paired design only",NA
"evm.TU.utg715.28",112.129003325598,-0.546831199975804,0.552354182736853,0.000615359508068885,0.0862229119946982,TRUE,112.129003325598,-0.00799984144198066,0.0849672811594676,0.0937793495995126,0.78524131351888,FALSE,"Paired design only",NA
"evm.TU.utg729.58",26.5365318307808,0.247612307712542,0.581368868092317,0.000732362297994522,0.0993293126629099,TRUE,26.5365318307808,0.1102898616754,0.53613016675123,0.000895991659880152,0.19674222461704,FALSE,"Paired design only",NA
"evm.TU.utg729.116",473.34533183292,0.601356274568047,0.550608836761756,0.000479007590639855,0.0752179563163951,TRUE,473.34533183292,0.15141785688439,0.397936902882844,0.00192797877658086,0.274635243732498,FALSE,"Paired design only",NA
"evm.TU.utg750.15",17534.3798059933,-0.714880111571304,0.590203032825574,0.000289365083258121,0.0556783251398707,TRUE,17534.3798059933,-0.0146109645816935,0.135899436452518,0.040705495408261,0.642708401254457,FALSE,"Paired design only",NA
"utg777.equina_smart_1473457.path2",1024.0107218154,0.554022058498923,0.539882832143592,0.00059367241095072,0.085381034291737,TRUE,1024.0107218154,0.361653502962414,0.602928251104216,0.000487264314462924,0.161054269057965,FALSE,"Paired design only",NA
"evm.TU.utg788.53",906.191536675159,-0.912412330993284,0.308847989240865,2.60180354430799e-05,0.0169259710097922,TRUE,906.191536675159,-0.603082416383845,0.562403671007001,0.000174003513386855,0.127944581557399,FALSE,"Paired design only",NA
"evm.TU.utg788.82",57.8904758317618,-1.10341137430643,0.620109632014844,4.76620848619445e-05,0.0228468621874195,TRUE,57.8904758317618,-0.531931963477365,0.779808212111533,0.00018918528968007,0.129139523825091,FALSE,"Paired design only",NA
"evm.TU.utg801.104",17.0907675946877,0.521233645662609,0.838848805856166,0.000149189460075687,0.0411747840166465,TRUE,17.0907675946877,0.277253423975255,0.722854704707063,0.000323716973029247,0.143164971170681,FALSE,"Paired design only",NA
"evm.TU.utg858.27",45.1270348453012,-0.558096188242662,0.733363539717946,0.000292007798791681,0.0557939096950008,TRUE,45.1270348453012,-0.0271189977248541,0.202684733406066,0.0127245431330046,0.460098584634035,FALSE,"Paired design only",NA
"evm.TU.utg888.2",526.746392789697,-1.02808759783981,0.229803247538601,8.40144322617863e-07,0.00163966166620628,TRUE,526.746392789697,-0.317106196138411,0.50011091364506,0.000638070189413396,0.170393226019107,FALSE,"Paired design only",NA
"evm.TU.utg890.35",262.921261302552,-0.409320000048774,0.326132024425068,0.000557497211236734,0.0828605812698456,TRUE,262.921261302552,-0.0305946106528836,0.140407358387977,0.0103591566182087,0.438558318904371,FALSE,"Paired design only",NA
"evm.TU.utg992.42",676.518623861263,0.979978648170109,0.443088086493378,5.50443454052828e-05,0.025066277491809,TRUE,676.518623861263,0.041986691328731,0.247533076987945,0.00750655821209652,0.406324307559397,FALSE,"Paired design only",NA
"utg1002.equina_smart_263049.path1",1420.31677707538,-0.477578313168891,0.43971223152157,0.000713527077360551,0.0984631330036482,TRUE,1420.31677707538,-0.0117845987435128,0.0964935265774147,0.0481337020631695,0.674129457976594,FALSE,"Paired design only",NA
"evm.TU.utg1005.68",1957.80962350612,0.974821861102972,0.401374132335075,4.39048708617018e-05,0.0224839001625747,TRUE,1957.80962350612,0.558137600829953,0.674090051331204,0.000224297805230387,0.132168663063458,FALSE,"Paired design only",NA
"evm.TU.utg1049.13",2212.93599031272,-0.888028974833069,0.342896255662293,4.44362115719004e-05,0.0224839001625747,TRUE,2212.93599031272,-0.0231504377007528,0.143148870462874,0.0222174345049271,0.544366198650649,FALSE,"Paired design only",NA
"evm.TU.utg1112.2",121.710313900544,-0.703685587242334,0.35679613759194,0.000136919638449552,0.0385282959077092,TRUE,121.710313900544,-0.084460672889237,0.269415703470917,0.00406439760109383,0.353199450181455,FALSE,"Paired design only",NA
"evm.TU.utg1127.40",1594.86937759523,-0.805595435707748,0.409356587957096,0.000113832885008816,0.0357500680125964,TRUE,1594.86937759523,-0.0493713077257188,0.221774661762696,0.00877507368306678,0.420456075438066,FALSE,"Paired design only",NA
"evm.TU.utg1138.19",687.85943760549,0.580224450326235,0.564245609521177,0.000528407807166301,0.0811105984000272,TRUE,687.85943760549,0.0916176302884039,0.371861373914023,NA,NA,FALSE,"Paired design only",NA
"evm.TU.utg1140.8",2097.52646516653,-0.723539943277697,0.468888533744349,0.000225019171352684,0.0503950722858146,TRUE,2097.52646516653,-0.0793432294253016,0.277035353950065,0.00467181155012671,0.368415651050561,FALSE,"Paired design only",NA
"evm.TU.utg1140.9",19120.0956142168,-1.27929818721184,0.207213231765162,4.79603038760758e-11,4.3680646093534e-07,TRUE,19120.0956142168,-0.523400437180831,0.589106149559888,0.000255774368589578,0.133341238835333,FALSE,"Paired design only",NA
"evm.TU.utg1234.23",203.531262087963,0.703507967560594,0.439821751005268,0.000221533778737923,0.0500245242682337,TRUE,203.531262087963,0.627207254688676,0.563916225670782,0.000157699800718358,0.123794343563911,FALSE,"Paired design only",NA
"evm.TU.utg1278.7",328.054645094338,0.645035737205811,0.354995699439896,0.000183622260573558,0.0468888880901994,TRUE,328.054645094338,0.534385715583238,0.4513039040327,0.000162906749014808,0.124762729733292,FALSE,"Paired design only",NA
"evm.TU.utg1278.28",30.2987618518846,0.497994106647854,0.568007848722014,0.000754298170387944,0.0995293048307874,TRUE,30.2987618518846,0.0868407380235079,0.315579199985706,0.00398795955574713,0.351828255089256,FALSE,"Paired design only",NA
"evm.TU.utg1302.6",136.203034417042,0.598767658309303,0.385520089666591,0.000285551332324821,0.0556783251398707,TRUE,136.203034417042,0.0486140821210877,0.200099336195494,0.00793903092574428,0.40933193291556,FALSE,"Paired design only",NA
"evm.TU.utg1345.2",94.8776954344582,0.783216745403287,0.599058228363121,0.000213225908370869,0.0493716681288235,TRUE,94.8776954344582,0.25005143654243,0.493478082556355,0.000931455030732822,0.197619513277099,FALSE,"Paired design only",NA
"evm.TU.utg1345.50",739.789757151566,-1.39352042555331,0.380300423541754,1.86590673199982e-06,0.00299895115520183,TRUE,739.789757151566,-0.353831263444006,0.589633057862325,0.000515130620736481,0.164541488899146,FALSE,"Paired design only",NA
"utg1345.equina_smart_814569.path1",978.630776542309,0.447114580583582,0.78683607834842,0.000202765933259418,0.0482887141288,TRUE,978.630776542309,0.17645769094932,0.68274538626885,0.000461898434449604,0.157647943931713,FALSE,"Paired design only",NA
"evm.TU.utg1463.13",3753.79087181254,0.506701647219889,0.306599924377334,0.000263080321568918,0.0543166198192249,TRUE,3753.79087181254,0.0399675829217464,0.174772396489812,0.00938327964034693,0.430122200223008,FALSE,"Paired design only",NA
"evm.TU.utg1525.20",184.539157267069,1.0181285550659,0.418905361540503,3.87728988744588e-05,0.0212682437484086,TRUE,184.539157267069,0.224883042973044,0.480203071877592,0.00107809658742389,0.211504660426697,FALSE,"Paired design only",NA
"evm.TU.utg1555.33",804.601261764142,0.495912198520849,0.330142511636491,0.000341203049096731,0.0601463929707741,TRUE,804.601261764142,0.0227835133155222,0.139319009372966,0.0218917152626038,0.543070055145523,FALSE,"Paired design only",NA
"evm.TU.utg1575.16",140.549136290459,0.712602886311751,0.558552335464502,0.000288704640149801,0.0556783251398707,TRUE,140.549136290459,0.123977718344584,0.378248102717199,0.00241488702282248,0.301333889969975,FALSE,"Paired design only",NA
"evm.TU.utg1575.17",1122.54568755033,0.765648707228602,0.563604817473025,0.000227107449270917,0.0504492425725957,TRUE,1122.54568755033,0.321436554256113,0.604120622027303,0.000539671126795718,0.164541488899146,FALSE,"Paired design only",NA
"evm.TU.utg1575.18",1390.26243458672,1.02689877309646,0.462884978382002,4.72630798972191e-05,0.0228468621874195,TRUE,1390.26243458672,0.421214980343119,0.662896628393958,0.000350276970873917,0.148631038992446,FALSE,"Paired design only",NA
"evm.TU.utg1575.19",1376.21945857413,0.837852935260046,0.560286734238513,0.000161611028128585,0.0432911580544837,TRUE,1376.21945857413,0.287319555876191,0.576613939208813,0.000645757767397251,0.170393226019107,FALSE,"Paired design only",NA
"evm.TU.utg1581.4",208.187582643144,-0.656307927578067,0.678443400660672,0.000312822948536776,0.0577457563574284,TRUE,208.187582643144,-0.272340798201268,0.573886427285017,0.000669420316378939,0.171019332183306,FALSE,"Paired design only",NA
"evm.TU.utg1648.11.10",352.499191873836,0.854787543452769,0.422042575748699,9.48677172114235e-05,0.0318411047890185,TRUE,352.499191873836,0.614160853992606,0.54098422174159,0.000157454171214981,0.123794343563911,FALSE,"Paired design only",NA
"evm.TU.utg1663.12",4066.35187872564,-0.393016998709385,0.354298872428469,0.00076475825064427,0.0995293048307874,TRUE,4066.35187872564,-0.0538519955969644,0.188389687648039,0.00531145084028184,0.368996478847824,FALSE,"Paired design only",NA
"evm.TU.utg1663.34",454.922397084526,-0.471991725645056,0.229378740887687,0.000136165138808655,0.0385282959077092,TRUE,454.922397084526,-0.0850200948281885,0.206906476295751,0.00203217728246884,0.281102936870139,FALSE,"Paired design only",NA
"evm.TU.utg1683.40",22856.6849392625,0.97122191038083,0.424960256763947,5.21510282085303e-05,0.0241512295549436,TRUE,22856.6849392625,0.0561573238365496,0.268478070750529,0.00636623296495432,0.386169854128399,FALSE,"Paired design only",NA
"evm.TU.utg1684.11",291.167229230228,-0.489067828167719,0.251341296364374,0.000163357095488766,0.0433340380586365,TRUE,291.167229230228,-0.0152313843556418,0.0973432459832431,0.0239328036241172,0.559560710199017,FALSE,"Paired design only",NA
"evm.TU.utg1721.53",451.383128556127,-0.496978364159274,0.332026817714678,0.000344200502998164,0.0602858355347362,TRUE,451.383128556127,-0.00886839956979672,0.0781424306717305,0.0576520113909596,0.699620039567421,FALSE,"Paired design only",NA
"evm.TU.utg1897.43",2360.28355771558,0.487979021188644,0.292325561461832,0.00025649525552313,0.0538038228211315,TRUE,2360.28355771558,0.174621730889873,0.310472747878006,0.00102477424347445,0.208154169682426,FALSE,"Paired design only",NA
"evm.TU.utg1919.69",152.369664898072,0.889202976237466,0.240020719625514,8.23712446515946e-06,0.00750209839205173,TRUE,152.369664898072,0.117119212806358,0.318336148040962,0.00267298608943115,0.311552707236101,FALSE,"Paired design only",NA
"evm.TU.utg1925.10",46.7925335978143,-0.669947615340795,0.576695644042615,0.00035353031993305,0.0610783779221185,TRUE,46.7925335978143,-0.151865604935465,0.374245747461335,0.00193598054786962,0.274635243732498,FALSE,"Paired design only",NA
"evm.TU.utg1925.59",636.649713247138,-1.49751345483186,0.28349467725642,3.01232594378764e-09,2.05764454405274e-05,TRUE,636.649713247138,-0.546433636048396,0.6637985941171,0.000235714813106805,0.132168663063458,FALSE,"Paired design only",NA
"evm.TU.utg1931.94",1604.64826652281,-0.46755692509787,0.280690835687604,0.000257634119180818,0.0538038228211315,TRUE,1604.64826652281,-0.0552670392948241,0.181973503215769,0.0044611211458313,0.368415651050561,FALSE,"Paired design only",NA
"evm.TU.utg1972.20",398.259333392622,0.494132835596553,0.368927598906626,0.000454370032412464,0.0717615745410737,TRUE,398.259333392622,0.304452700487116,0.409471006608014,0.000520941372758953,0.164541488899146,FALSE,"Paired design only",NA
"evm.TU.utg1972.86",298.046037138449,-0.325761208325359,0.292208166795605,0.000747320172356563,0.0995293048307874,TRUE,298.046037138449,-0.0322741258413816,0.136042449276875,0.00801717002366464,0.40933193291556,FALSE,"Paired design only",NA
"evm.TU.utg2108.27",807.900286379605,0.625584649059661,0.553561134118386,0.000429135604971845,0.0685688428926651,TRUE,807.900286379605,0.0395354389580955,0.25746681720836,NA,NA,FALSE,"Paired design only",NA
"evm.TU.utg2108.34",772.936199099465,0.564672366623484,0.505047131077621,0.000541355871443388,0.0821838215032374,TRUE,772.936199099465,0.0693779289548367,0.244937828377559,0.00525521946792887,0.368996478847824,FALSE,"Paired design only",NA
"evm.TU.utg2216.44",162.368777456295,0.540951384136225,0.623286659237707,0.000561036765176643,0.0828605812698456,TRUE,162.368777456295,0.139990105620537,0.395224605841902,0.00208390808537243,0.284498756003018,FALSE,"Paired design only",NA
"evm.TU.utg2487.55",45.1594181290616,1.12888239185703,0.768345935910275,3.83706837371757e-05,0.0212682437484086,TRUE,45.1594181290616,0.451663750562602,0.758231076930698,0.000234270359998074,0.132168663063458,FALSE,"Paired design only",NA
"evm.TU.utg2674.34",139.885985726816,-0.210208335424314,0.689055633252608,0.000317954995255147,0.0579165622357092,TRUE,139.885985726816,-0.0160453455248935,0.174940328846734,0.0195801570337109,0.526384358611749,FALSE,"Paired design only",NA
"evm.TU.utg2757.68",82.4601034324994,0.544481112377652,0.578761216177851,0.000611492010458345,0.0862229119946982,TRUE,82.4601034324994,0.122510399965023,0.358346604387556,0.00259750769490546,0.308945990984968,FALSE,"Paired design only",NA
"evm.TU.utg2932.11",310.201201972218,-0.0976631369301678,0.517631083994995,0.000704852824147645,0.0977598665694726,TRUE,310.201201972218,-0.00671581441035782,0.115534191731749,0.0798915090124184,0.758893730561982,FALSE,"Paired design only",NA
"evm.TU.utg3019.11",5671.45617331842,-1.12178473362395,0.40959864846799,1.9748996209736e-05,0.0136780053176331,TRUE,5671.45617331842,-0.3678813835608,0.629177554731891,0.000444244502770857,0.157103562454091,FALSE,"Paired design only",NA
"evm.TU.utg3019.49",638.31194920982,-0.806930687206381,0.326322030198182,6.0356908290971e-05,0.0261766953211778,TRUE,638.31194920982,-0.118835691199864,0.294488135374372,0.00228278693846574,0.294324522284661,FALSE,"Paired design only",NA
"evm.TU.utg3174.51",142.254266906914,1.17624392944542,0.393838333744969,1.21157010588854e-05,0.0100314333343008,TRUE,142.254266906914,0.165411712773397,0.438085407944905,0.0015759714851591,0.25024751331798,FALSE,"Paired design only",NA
"evm.TU.utg3365.7",76.0495496454731,-0.822211413453432,0.670255010831884,0.000169094516957021,0.0444247066040067,TRUE,76.0495496454731,-0.0552753370358613,0.286306643535831,0.00501800837844943,0.368415651050561,FALSE,"Paired design only",NA
"evm.TU.utg3470.16",1533.66968601253,0.807923483734721,0.292072281152216,4.08021569563202e-05,0.0214391795099526,TRUE,1533.66968601253,0.564239100431726,0.416398197896126,0.000118123511638796,0.105973664727377,FALSE,"Paired design only",NA
"evm.TU.utg3470.19",533.991721232703,0.847050006842116,0.250518896554136,1.55788036995067e-05,0.0121617043851892,TRUE,533.991721232703,0.479970540266464,0.433101655508484,0.000195842696203893,0.130500106650484,FALSE,"Paired design only",NA
"evm.TU.utg3499.5",43.0838436070992,-0.55061713068573,0.877253039573473,0.000121735669403748,0.0365514691771274,TRUE,43.0838436070992,-0.0300447081486609,0.258541187881581,0.00643925039181012,0.386169854128399,FALSE,"Paired design only",NA
"evm.TU.utg3522.54",1044.46226936683,-1.1404074055985,0.403755474992905,1.67553191695781e-05,0.0123731239370373,TRUE,1044.46226936683,-0.153988791484012,0.417959092953653,0.00179031223662066,0.26867214961345,FALSE,"Paired design only",NA
"evm.TU.utg3722.21",253.974413164182,-0.871481359684006,0.405650771256782,7.90967823602289e-05,0.0296049504716237,TRUE,253.974413164182,-0.118719665414404,0.329610414554864,0.00269459970045974,0.311552707236101,FALSE,"Paired design only",NA
"evm.TU.utg3753.61",3155.64524172306,0.678083869810475,0.340479699783908,0.000138190279213685,0.0385282959077092,TRUE,3155.64524172306,0.175544271681247,0.353702495951343,0.0013647830641638,0.239408872708064,FALSE,"Paired design only",NA
"evm.TU.utg3790.21",17546.7162566776,-1.43741446179411,0.290091943187362,2.11904161114127e-08,0.00011074923787616,TRUE,17546.7162566776,-0.663322305129208,0.682757112888386,0.000154370796366468,0.123794343563911,FALSE,"Paired design only",NA
"evm.TU.utg3790.36",61.5101170559983,-1.31236553826817,0.446097513440101,7.8444797349147e-06,0.00750209839205173,TRUE,61.5101170559983,-0.0369082131995993,0.214964992427859,0.0115683052541817,0.454472369833528,FALSE,"Paired design only",NA
"evm.TU.utg3799.20",16789.5587090351,-0.467995140505094,0.373762208289814,0.0005444230755073,0.0821838215032374,TRUE,16789.5587090351,-0.0170636037057824,0.110255769478612,0.025540360274658,0.569810413661389,FALSE,"Paired design only",NA
"evm.TU.utg3878.26",1022.62564098761,-0.522555661557134,0.353686643475323,0.000349996806679514,0.0609105907573526,TRUE,1022.62564098761,-0.113516101865551,0.268638894375615,0.00205281704813281,0.281477970792009,FALSE,"Paired design only",NA
"evm.TU.utg4082.39",17.9276895467163,2.72154973595002,1.20665941472972,3.51177513322018e-07,0.000860070121589841,TRUE,17.9276895467163,0.0820839147980814,0.490541200617227,0.0012327020204473,0.223899900374844,FALSE,"Paired design only",NA
"evm.TU.utg4157.34",54.5009439278946,0.500665061992315,0.529257610412318,0.000760801041240219,0.0995293048307874,TRUE,54.5009439278946,0.562685503167147,0.569232274377537,0.000209791217639814,0.130880863218438,FALSE,"Paired design only",NA
"evm.TU.utg4455.12",49.9681186139367,-0.506484593689187,0.509584720761243,0.000727904247770522,0.0993293126629099,TRUE,49.9681186139367,-0.0913774231543064,0.290034887636802,0.00381571313256659,0.34682305101478,FALSE,"Paired design only",NA
"evm.TU.utg4455.19",39.3504903755923,0.796934142310124,0.574053268430522,0.000198341353039154,0.0482887141288,TRUE,39.3504903755923,0.210057758600779,0.49721669490641,0.00107098857452944,0.211504660426697,FALSE,"Paired design only",NA
"evm.TU.utg4607.34",509.582224789457,0.646793748739233,0.287082431430002,9.93715002813537e-05,0.0319426764963227,TRUE,509.582224789457,0.427075589610549,0.393297908719249,0.00020939452019849,0.130880863218438,FALSE,"Paired design only",NA
"evm.TU.utg4709.1",51.8089889282247,0.64789256233713,0.641055515671245,0.00036104833634904,0.0616557730879052,TRUE,51.8089889282247,0.380509126901576,0.641764297672384,0.000413442789687913,0.15454885233572,FALSE,"Paired design only",NA
"evm.TU.utg4922.1",50.0968598669011,1.00338845875012,0.620131675219277,7.74575497866496e-05,0.0293940643447309,TRUE,50.0968598669011,0.047802257543729,0.242374378662107,0.0083708812643095,0.41134327357481,FALSE,"Paired design only",NA
"evm.TU.utg5074.9",504.369061808218,1.01203329454143,0.230714244001853,1.17355285173046e-06,0.00200406153548946,TRUE,504.369061808218,0.240824999039017,0.421612565290687,0.000923872852729664,0.197488978851599,FALSE,"Paired design only",NA
"evm.TU.utg5074.11",488.709641697239,-1.0221267739072,0.27274921380816,5.58731177939932e-06,0.00693918726129672,TRUE,488.709641697239,-0.431465318381376,0.5025188091536,0.000335413248182616,0.145592922147615,FALSE,"Paired design only",NA
"evm.TU.utg5074.12",595.664966275392,-0.966658349851079,0.267370471814511,8.2199628028806e-06,0.00750209839205173,TRUE,595.664966275392,-0.438228739436035,0.495212428947484,0.000316487971544269,0.143164971170681,FALSE,"Paired design only",NA
"evm.TU.utg5074.13",1626.91867617505,-0.803635525863613,0.322654593711621,5.92961280436937e-05,0.026131421073191,TRUE,1626.91867617505,-0.164623817550659,0.337380213658129,0.00143763169213612,0.242750265494784,FALSE,"Paired design only",NA
"evm.TU.utg5074.17",1118.2008033288,-0.710422285731808,1.03058680482818,5.90737765735763e-05,0.026131421073191,TRUE,1118.2008033288,-0.141120050980423,0.586193749136444,0.00067205704484373,0.171019332183306,FALSE,"Paired design only",NA
"evm.TU.utg5390.2",57.5340202077769,0.480955684945388,0.600768939978581,0.000741616212832911,0.0993293126629099,TRUE,57.5340202077769,0.1545683435755,0.40578623902173,0.0018567514358894,0.271562758077277,FALSE,"Paired design only",NA
"evm.TU.utg5815.2",545.054491795373,-0.471718036233325,0.338937386898555,0.000419944181967601,0.0674949110817691,TRUE,545.054491795373,-0.00470273665230584,0.0579344387011053,0.138484151924518,0.843458825755739,FALSE,"Paired design only",NA
"evm.TU.utg5885.45",2082.09601302544,0.658238978222186,0.473600442845459,0.000314903842815826,0.0577457563574284,TRUE,2082.09601302544,0.287624794555298,0.458518767829945,0.000714589286128766,0.171037072020319,FALSE,"Paired design only",NA
"evm.TU.utg5885.87",52.8050469845381,-1.09996075507753,0.452486536198201,2.99530400081224e-05,0.0190327188870216,TRUE,52.8050469845381,-0.0370942726324119,0.199435328669562,0.0128404538340898,0.460098584634035,FALSE,"Paired design only",NA
"evm.TU.utg5996.10",327.431114201467,1.48274236669732,0.494979623315538,3.61104536256206e-06,0.00506799842941299,TRUE,327.431114201467,0.220435111154749,0.579917765132816,0.000643221989352731,0.170393226019107,FALSE,"Paired design only",NA
"evm.TU.utg6078.62",790.449911685161,-0.55396068935877,0.323467477114228,0.000233858689883984,0.0510326284931265,TRUE,790.449911685161,-0.093007091738277,0.25794397327267,0.00302526290508896,0.318412721642344,FALSE,"Paired design only",NA
"evm.TU.utg6117.8",30.97467723839,-0.536994613045851,0.785513716797668,0.000203431452102071,0.0482887141288,TRUE,30.97467723839,-0.0201406201081531,0.178561777875836,0.0180205197085197,0.512540143883621,FALSE,"Paired design only",NA
"evm.TU.utg6432.13.14",20366.6158353116,0.877305800655201,0.423169168719767,8.49519606156015e-05,0.0305413476302642,TRUE,20366.6158353116,0.104869929479532,0.300841426939918,0.00308220487569028,0.318412721642344,FALSE,"Paired design only",NA
"evm.TU.utg6459.35",151.839961450559,0.976218534187644,0.622101880912009,8.81393693881699e-05,0.0312757401271814,TRUE,151.839961450559,0.220661701788212,0.511710542074115,0.00097920582751572,0.204980419893291,FALSE,"Paired design only",NA
"evm.TU.utg6875.9",39.4768576663027,0.950706762550181,0.673441412742057,9.67247995274509e-05,0.0318411047890185,TRUE,39.4768576663027,0.590521053596638,0.73940244547658,0.000183360069110923,0.127944581557399,FALSE,"Paired design only",NA
"evm.TU.utg7066.24",2416.81179544818,-1.00193185689783,0.497007111966241,6.20444002655069e-05,0.0264881116946007,TRUE,2416.81179544818,-0.0436020168522821,0.216018329636722,0.0103633844785682,0.438558318904371,FALSE,"Paired design only",NA
"evm.TU.utg7127.23",238.330513447698,0.599436035104994,0.470709806012019,0.000417804766833938,0.0674949110817691,TRUE,238.330513447698,0.0112112738692536,0.100728493006747,0.0598115819732842,0.706427812910182,FALSE,"Paired design only",NA
"evm.TU.utg7289.25",3989.8825951555,0.497792339966594,0.302854547065454,0.000267578518186843,0.0545600586001427,TRUE,3989.8825951555,0.034792655731232,0.162473735530433,0.0110926205154819,0.449989997467063,FALSE,"Paired design only",NA
"utg7977.equina_smart_1669401.path1",845.804065959192,0.601280404922944,0.380706783581877,0.000273773629467112,0.054621886384513,TRUE,845.804065959192,0.0461551259445356,0.204889428927457,0.0092042997492631,0.425862834732343,FALSE,"Paired design only",NA
"evm.TU.utg8792.40",5354.77166668274,1.24050611499618,0.408799326177708,9.1125711341802e-06,0.0080317026161034,TRUE,5354.77166668274,0.22584843958045,0.467918471622427,0.00109233256120453,0.211504660426697,FALSE,"Paired design only",NA
"evm.TU.utg8792.67",430.804688305412,0.463538378769214,0.971292404026149,9.88713497396432e-05,0.0319426764963227,TRUE,430.804688305412,0.127388754029119,0.575544768608919,0.000735265933638125,0.171037072020319,FALSE,"Paired design only",NA
"evm.TU.utg8851.71",150.805796347233,-0.525882418588562,0.37222819440225,0.000388628647003004,0.0643338579146706,TRUE,150.805796347233,-0.169652566387587,0.32412897761531,0.00122622533860186,0.223899900374844,FALSE,"Paired design only",NA
"utg10114.evm.utg6875.9.path2",68.3771504853599,0.804344413802858,0.640103655420378,0.000190260618716278,0.0476925769283015,TRUE,68.3771504853599,0.509483737842547,0.680016561833618,0.000261222207786308,0.133341238835333,FALSE,"Paired design only",NA
"evm.TU.utg12476.1",1344.79232918721,-0.666546084331189,0.31764498482537,0.000120908391707139,0.0365514691771274,TRUE,1344.79232918721,-0.0815452601256595,0.251389063629338,0.00388654370259002,0.348825751090453,FALSE,"Paired design only",NA
"evm.TU.utg12889.15",55.9992740581737,0.423700433203231,0.623161099085687,0.000753673715371665,0.0995293048307874,TRUE,55.9992740581737,0.0110660502450001,0.122990908188849,0.0553518090159495,0.696445732724296,FALSE,"Paired design only",NA
"utg13368.evm.utg6875.9.path5",72.9983917513113,0.814840723797986,0.637140573566244,0.000182325134215805,0.0468888880901994,TRUE,72.9983917513113,0.406183463182628,0.631434718583075,0.000396801095950477,0.153821659417839,FALSE,"Paired design only",NA
"evm.TU.utg14287.30",1742.30869884512,0.623242893813569,0.409152797025201,0.000286870104249712,0.0556783251398707,TRUE,1742.30869884512,0.318967768023899,0.436762501645082,0.000530866393623945,0.164541488899146,FALSE,"Paired design only",NA
"evm.TU.utg15164.14",69.949183281049,0.880583626305018,0.58103543779147,0.00013521396010072,0.0385282959077092,TRUE,69.949183281049,0.175490068131029,0.427258522355106,0.00155934219158929,0.25024751331798,FALSE,"Paired design only",NA
"evm.TU.utg15586.1",27.5288943016823,-0.740609682820186,0.878035138900491,9.35278807290495e-05,0.0318411047890185,TRUE,27.5288943016823,-0.0348062278357187,0.246286704884018,0.00708905887096803,0.405120040138887,FALSE,"Paired design only",NA
"evm.TU.utg16223.13",37.2940852596662,-0.516852423429366,0.621514890993106,0.000611574460208039,0.0862229119946982,TRUE,37.2940852596662,-0.0370135161865334,0.215641125607621,0.0114728805221746,0.454472369833528,FALSE,"Paired design only",NA
"evm.TU.utg23901.3",66.84646752982,1.01675393183643,0.636692246540107,7.28879179973443e-05,0.0285904074573656,TRUE,66.84646752982,0.0274421024254396,0.171970895586029,0.0191804588768386,0.522800702024942,FALSE,"Paired design only",NA
"evm.TU.utg25862.7",252.713218618157,-0.818005468909829,0.662857191914288,0.000174238260937965,0.0453401143200763,TRUE,252.713218618157,-0.0553552104690123,0.253089778631047,0.00728072713293465,0.405120040138887,FALSE,"Paired design only",NA
"evm.TU.utg26219.16",829.478344513914,1.52064753346253,0.418358593482223,1.13489383996057e-06,0.00200406153548946,TRUE,829.478344513914,0.0157476758160255,0.143781087877696,0.0348016711938053,0.617213278618456,FALSE,"Paired design only",NA
"evm.TU.utg26517.1",301.727982069017,1.52996557772784,0.486433274576607,2.41206127078205e-06,0.00366137500564322,TRUE,301.727982069017,0.278860820622121,0.648085910898634,0.00044529353689217,0.157103562454091,FALSE,"Paired design only",NA
"evm.TU.utg26697.9",124.62062473327,0.878409487233776,0.514578355936152,0.000121660007781063,0.0365514691771274,TRUE,124.62062473327,0.156745787402692,0.376701771467941,0.00184520562863991,0.271562758077277,FALSE,"Paired design only",NA
"evm.TU.utg30988.9",42.0805085157707,-0.166827920142356,0.569501190398635,0.000580569610962125,0.0844559795616901,TRUE,42.0805085157707,-0.0169511127237786,0.171912469807199,0.0201880175795806,0.533738208838941,FALSE,"Paired design only",NA
"evm.TU.utg44408.3",3341.40937890847,0.647841058579408,0.586634266165096,0.00038924805614611,0.0643338579146706,TRUE,3341.40937890847,0.0310776980830423,0.175543968860222,0.0161297537513933,0.493459428926162,FALSE,"Paired design only",NA
"evm.TU.utg512.21",1438.3250633689,0.0313823106395167,0.192441700074923,0.0369978642373433,0.588865841549607,FALSE,1438.3250633689,4.0471282026746,2.23414046098336,1.34481749756927e-06,0.0105568173559187,TRUE,"No-clone design only",NA
"evm.TU.utg1290.3",246.292271510853,-0.140262576848209,0.416290748309765,0.00299173061201094,0.209652001701106,FALSE,246.292271510853,-0.720259763199291,1.01573860063335,7.35933279109403e-05,0.0855863146816121,TRUE,"No-clone design only",NA
"evm.TU.utg1734.15",87.607314406127,-0.149292898523383,0.463208197650862,0.00148087302844448,0.139523771573064,FALSE,87.607314406127,-1.31659945490306,1.70725764504926,2.00762568133381e-05,0.042026297595921,TRUE,"No-clone design only",NA
"evm.TU.utg2156.16",10.0578088770366,-0.0152959549873348,0.177941644696952,0.021609440331794,NA,FALSE,10.0578088770366,-5.85320887188715,1.3455779205769,3.95134550498465e-08,0.00062036124428259,TRUE,"No-clone design only",NA
"utg2379.equina_smart_103384.path2",297.854882231743,0.351941398452455,0.52239482738171,0.00150736484568627,0.140971357208846,FALSE,297.854882231743,0.936799954563319,0.892261874432526,5.35481160851939e-05,0.0731048193510908,TRUE,"No-clone design only",NA
