"ID","Description","GeneRatio","BgRatio","RichFactor","FoldEnrichment","zScore","pvalue","p.adjust","qvalue","geneID","Count","context","GO","region","experiment"
"GO:0003857","3-hydroxyacyl-CoA dehydrogenase activity",0.0416666666666667,6.26232896014028e-05,0.5,665.354166666667,25.7657782798892,0.00150241774214477,0.0080128946247721,0.00474447708045716,"evm.utg11814.7",1,"CHG","Molecular Functions","gene","Acute Experiment"
"GO:0004300","enoyl-CoA hydratase activity",0.0416666666666667,6.26232896014028e-05,0.5,665.354166666667,25.7657782798892,0.00150241774214477,0.0080128946247721,0.00474447708045716,"evm.utg11814.7",1,"CHG","Molecular Functions","gene","Acute Experiment"
"GO:0004721","phosphoprotein phosphatase activity",0.0416666666666667,0.000125246579202806,0.25,332.677083333333,18.1923023584267,0.00300267214223848,0.0120106885689539,0.00711159191582799,"evm.utg6459.27",1,"CHH","Molecular Functions","gene","Acute Experiment"
"GO:0003884","D-amino-acid oxidase activity",0.0416666666666667,0.000438363027209819,0.0714285714285714,95.0505952380952,9.65241046741938,0.0104715981666242,0.0299080921732197,0.0177087387867748,"evm.utg35662.1",1,"CpG","Molecular Functions","gene","Acute Experiment"
"GO:0043539","protein serine/threonine kinase activator activity",0.0416666666666667,0.000469674672010521,0.0666666666666667,88.7138888888889,9.31817824706857,0.0112155345649574,0.0299080921732197,0.0177087387867748,"evm.utg40512.5",1,"CHG","Molecular Functions","gene","Acute Experiment"
"GO:0070403","NAD+ binding",0.0416666666666667,0.000845414409618937,0.037037037037037,49.2854938271605,6.88330830165443,0.0201010679819548,0.045945298244468,0.0272044529079087,"evm.utg11814.7",1,"CHG","Molecular Functions","gene","Acute Experiment"
"GO:0071949","FAD binding",0.0416666666666667,0.0022544384256505,0.0138888888888889,18.4820601851852,4.07252690742962,0.0527451797827546,0.0993784532573009,0.0588425052181387,"evm.utg35662.1",1,"CpG","Molecular Functions","gene","Acute Experiment"
"GO:0004540","RNA nuclease activity",0.0416666666666667,0.00272411309766102,0.0114942528735632,15.2954980842912,3.66156091989523,0.0633930329816381,0.0993784532573009,0.0588425052181387,"evm.utg2661.21",1,"CHG","Molecular Functions","gene","Acute Experiment"
"GO:0004197","cysteine-type endopeptidase activity",0.0416666666666667,0.00278673638726242,0.0112359550561798,14.9517790262172,3.61447790846159,0.0648040502923726,0.0993784532573009,0.0588425052181387,"evm.utg4856.49",1,"CpG","Molecular Functions","gene","Acute Experiment"
"GO:0016779","nucleotidyltransferase activity",0.0416666666666667,0.00294329461126593,0.0106382978723404,14.1564716312057,3.5031476038374,0.0683226866143943,0.0993784532573009,0.0588425052181387,"evm.utg6459.27",1,"CHH","Molecular Functions","gene","Acute Experiment"
"GO:0004035","alkaline phosphatase activity",0.0555555555555556,6.26232896014028e-05,0.5,887.138888888889,29.7601563068552,0.00112691919518659,0.00901535356149274,0.00593115365887681,"evm.utg479.60",1,"CHH","Molecular Functions","dispersed_repeat","Acute Experiment"
"GO:0005245","voltage-gated calcium channel activity",0.0555555555555556,0.00090803769922034,0.0344827586206897,61.1819923371648,7.69959075356646,0.0162234189992677,0.0432624506647139,0.0284621385952065,"evm.utg816.25",1,"CpG","Molecular Functions","dispersed_repeat","Acute Experiment"
"GO:0008483","transaminase activity",0.0555555555555556,0.00090803769922034,0.0344827586206897,61.1819923371648,7.69959075356646,0.0162234189992677,0.0432624506647139,0.0284621385952065,"evm.utg30804.6",1,"CpG","Molecular Functions","dispersed_repeat","Acute Experiment"
"GO:0008483","transaminase activity",0.0555555555555556,0.00090803769922034,0.0344827586206897,61.1819923371648,7.69959075356646,0.0162234189992677,0.0432624506647139,0.0284621385952065,"evm.utg30804.6",1,"CHH","Molecular Functions","dispersed_repeat","Acute Experiment"
"GO:0010571","positive regulation of nuclear cell cycle DNA replication",0.0555555555555556,0.000280898876404494,0.166666666666667,197.777777777778,13.9997799803257,0.00504612906532154,0.0252306453266077,0.00531171480560162,"evm.utg40512.5",1,"CHG","Biological Processes","gene","Acute Experiment"
"GO:0043631","RNA polyadenylation",0.0555555555555556,0.000280898876404494,0.166666666666667,197.777777777778,13.9997799803257,0.00504612906532154,0.0252306453266077,0.00531171480560162,"evm.utg6459.27",1,"CHH","Biological Processes","gene","Acute Experiment"
"GO:1901987","regulation of cell cycle phase transition",0.0555555555555556,0.000280898876404494,0.166666666666667,197.777777777778,13.9997799803257,0.00504612906532154,0.0252306453266077,0.00531171480560162,"evm.utg40512.5",1,"CHG","Biological Processes","gene","Acute Experiment"
"GO:0046416","D-amino acid metabolic process",0.0555555555555556,0.000608614232209738,0.0769230769230769,91.2820512820513,9.45613844083545,0.0109028837106049,0.0408858139147683,0.00860753977153017,"evm.utg35662.1",1,"CpG","Biological Processes","gene","Acute Experiment"
"GO:0070507","regulation of microtubule cytoskeleton organization",0.0555555555555556,0.000936329588014981,0.05,59.3333333333333,7.57955549196481,0.0167270674639031,0.0435268750726157,0.00916355264686647,"evm.utg4428.8",1,"CHG","Biological Processes","gene","Acute Experiment"
"GO:0070507","regulation of microtubule cytoskeleton organization",0.0555555555555556,0.000936329588014981,0.05,59.3333333333333,7.57955549196481,0.0167270674639031,0.0435268750726157,0.00916355264686647,"evm.utg4428.8",1,"CHH","Biological Processes","gene","Acute Experiment"
"GO:0006635","fatty acid beta-oxidation",0.0555555555555556,0.00121722846441948,0.0384615384615385,45.6410256410256,6.61445163657668,0.0216934304873529,0.0435268750726157,0.00916355264686647,"evm.utg11814.7",1,"CHG","Biological Processes","gene","Acute Experiment"
"GO:0030705","cytoskeleton-dependent intracellular transport",0.0555555555555556,0.00140449438202247,0.0333333333333333,39.5555555555556,6.13707340148304,0.0249911673521622,0.0435268750726157,0.00916355264686647,"evm.utg4428.8",1,"CHG","Biological Processes","gene","Acute Experiment"
"GO:0030705","cytoskeleton-dependent intracellular transport",0.0555555555555556,0.00140449438202247,0.0333333333333333,39.5555555555556,6.13707340148304,0.0249911673521622,0.0435268750726157,0.00916355264686647,"evm.utg4428.8",1,"CHH","Biological Processes","gene","Acute Experiment"
"GO:0001822","kidney development",0.0555555555555556,0.00154494382022472,0.0303030303030303,35.959595959596,5.83670364448805,0.0274575772482638,0.0435268750726157,0.00916355264686647,"evm.utg512.80",1,"CHH","Biological Processes","gene","Acute Experiment"
"GO:0051607","defense response to virus",0.0555555555555556,0.00182584269662921,0.0256410256410256,30.4273504273504,5.3418148616656,0.0323727303600235,0.0435268750726157,0.00916355264686647,"evm.utg1571.14",1,"CpG","Biological Processes","gene","Acute Experiment"
"GO:0000184","nuclear-transcribed mRNA catabolic process, nonsense-mediated decay",0.0555555555555556,0.00191947565543071,0.024390243902439,28.9430894308943,5.20106267094838,0.0340058945466631,0.0435268750726157,0.00916355264686647,"evm.utg162.19",1,"CpG","Biological Processes","gene","Acute Experiment"
"GO:0045087","innate immune response",0.0555555555555556,0.00196629213483146,0.0238095238095238,28.2539682539683,5.13440726907744,0.0348215000580926,0.0435268750726157,0.00916355264686647,"evm.utg1571.14",1,"CpG","Biological Processes","gene","Acute Experiment"
"GO:0008380","RNA splicing",0.0555555555555556,0.00365168539325843,0.0128205128205128,15.2136752136752,3.65221740680126,0.0637539005302052,0.0735621929194676,0.01548677745673,"evm.utg1032.34",1,"CHH","Biological Processes","gene","Acute Experiment"
"GO:0006325","chromatin organization",0.0555555555555556,0.00500936329588015,0.00934579439252336,11.0903426791277,3.03876304326664,0.0864628369652672,0.0926387538913578,0.0195028955560753,"evm.utg4428.2",1,"CpG","Biological Processes","gene","Acute Experiment"
"GO:2000036","regulation of stem cell population maintenance",0.0833333333333333,0.000468164794007491,0.1,178,13.2732358236835,0.00560497397302273,0.0400652494209068,0.0259531980054457,"evm.utg2849.3",1,"CpG","Biological Processes","dispersed_repeat","Acute Experiment"
"GO:0030261","chromosome condensation",0.0833333333333333,0.00051498127340824,0.0909090909090909,161.818181818182,12.6486800025056,0.00616388452629335,0.0400652494209068,0.0259531980054457,"evm.utg5417.33",1,"CpG","Biological Processes","dispersed_repeat","Acute Experiment"
"GO:0035368","selenocysteine insertion sequence binding",0.0833333333333333,0.00021918151360491,0.285714285714286,380.202380952381,27.515834006067,1.13393011464461e-05,0.000181428818343137,0.000107424958229489,"evm.utg7127.52",2,"CpG","Molecular Functions","gene","Acute Experiment"
"GO:0035368","selenocysteine insertion sequence binding",0.0833333333333333,0.00021918151360491,0.285714285714286,380.202380952381,27.515834006067,1.13393011464461e-05,0.000181428818343137,0.000107424958229489,"utg7127.equina_smart_1282991.mrna2",2,"CpG","Molecular Functions","gene","Acute Experiment"
"GO:0006397","mRNA processing",0.111111111111111,0.013061797752809,0.00716845878136201,8.50657108721625,3.66528079983723,0.0226621264326251,0.0435268750726157,0.00916355264686647,"evm.utg2661.21",2,"CHG","Biological Processes","gene","Acute Experiment"
"GO:0006397","mRNA processing",0.111111111111111,0.013061797752809,0.00716845878136201,8.50657108721625,3.66528079983723,0.0226621264326251,0.0435268750726157,0.00916355264686647,"evm.utg1032.34",2,"CHH","Biological Processes","gene","Acute Experiment"
"GO:0004540","RNA nuclease activity",0.25,0.00272411309766102,0.0114942528735632,91.7729885057471,9.48881406935447,0.0108525160876044,0.0108525160876044,NA,"evm.utg2661.21",1,"CHG","Molecular Functions","exon","Acute Experiment"
"GO:0035368","selenocysteine insertion sequence binding",0.25,0.00021918151360491,0.142857142857143,1140.60714285714,33.7485500139099,0.000876479006858388,0.00175295801371678,0.000922609480903567,"evm.utg2661.20",1,"CHH","Molecular Functions","promoter","Acute Experiment"
"GO:0004674","protein serine/threonine kinase activity",0.25,0.0149669662147353,0.00209205020920502,16.7034518828452,3.87156909754636,0.0585398528794272,0.0585398528794272,0.0308104488839091,"evm.utg4613.33",1,"CHH","Molecular Functions","promoter","Acute Experiment"
"GO:0007156","homophilic cell adhesion via plasma membrane adhesion molecules",0.5,0.00828651685393259,0.00564971751412429,60.3389830508475,7.67110917774825,0.0165047520951357,0.0259535884933384,NA,"evm.utg363.1",1,"CHG","Biological Processes","exon","Acute Experiment"
"GO:0006397","mRNA processing",0.5,0.013061797752809,0.003584229390681,38.2795698924731,6.06530375056872,0.0259535884933384,0.0259535884933384,NA,"evm.utg2661.21",1,"CHG","Biological Processes","exon","Acute Experiment"
"GO:0005044","scavenger receptor activity",0.5,0.0150922127939381,0.004149377593361,33.1296680497925,7.95491068605347,0.00133667774507978,0.00267335549015955,NA,"evm.utg9625.2",2,"CpG","Molecular Functions","exon","Acute Experiment"
"GO:0005044","scavenger receptor activity",0.5,0.0150922127939381,0.004149377593361,33.1296680497925,7.95491068605347,0.00133667774507978,0.00267335549015955,NA,"evm.utg9625.2",2,"CHG","Molecular Functions","exon","Acute Experiment"
"GO:0005044","scavenger receptor activity",0.5,0.0150922127939381,0.004149377593361,33.1296680497925,7.95491068605347,0.00133667774507978,0.00267335549015955,NA,"evm.utg363.1",2,"CHG","Molecular Functions","exon","Acute Experiment"
"GO:0035368","selenocysteine insertion sequence binding",1,0.00021918151360491,0.142857142857143,4562.42857142857,67.538348894747,0.000219181513604783,0.000219181513604783,NA,"evm.utg7127.52.1.5c22f377.1.5c279739",1,"CHH","Molecular Functions","three_prime_UTR","Acute Experiment"
