"ID","Description","GeneRatio","BgRatio","pvalue","p.adjust","qvalue","geneID","Count","context","GO","region","experiment"
"GO:0035965","cardiolipin acyl-chain remodeling",0.0666666666666667,5.63983982854887e-05,0.000845975974282376,0.0160735435113651,0.00623350717892277,"evm.utg11814.7",1,"CHG","Biological Processes","gene","Acute Experiment"
"GO:0050982","detection of mechanical stimulus",0.0666666666666667,0.000338390389712932,0.00506584561712009,0.0427444973697415,0.0165768133843873,"evm.utg512.80",1,"CHH","Biological Processes","gene","Acute Experiment"
"GO:0043631","RNA polyadenylation",0.0666666666666667,0.00045118718628391,0.0067491311636434,0.0427444973697415,0.0165768133843873,"evm.utg6459.27",1,"CHH","Biological Processes","gene","Acute Experiment"
"GO:0046416","D-amino acid metabolic process",0.0666666666666667,0.000733179177711353,0.0109457234133683,0.0519921862134994,0.0201631747088363,"evm.utg35662.1",1,"CpG","Biological Processes","gene","Acute Experiment"
"GO:0002376","immune system process",0.0666666666666667,0.00112796796570977,0.0167931560238131,0.052356692093004,0.0203045343296969,"evm.utg1571.14",1,"CpG","Biological Processes","gene","Acute Experiment"
"GO:0032868","response to insulin",0.0666666666666667,0.00129716316056624,0.019289307613212,0.052356692093004,0.0203045343296969,"evm.utg11814.7",1,"CHG","Biological Processes","gene","Acute Experiment"
"GO:0055088","lipid homeostasis",0.0666666666666667,0.00129716316056624,0.019289307613212,0.052356692093004,0.0203045343296969,"evm.utg116.142",1,"CHG","Biological Processes","gene","Acute Experiment"
"GO:0055088","lipid homeostasis",0.0666666666666667,0.00129716316056624,0.019289307613212,0.052356692093004,0.0203045343296969,"evm.utg116.142",1,"CHH","Biological Processes","gene","Acute Experiment"
"GO:0051607","defense response to virus",0.0666666666666667,0.00225593593141955,0.0333228071860457,0.0772435593127395,0.0299559509800098,"evm.utg1571.14",1,"CpG","Biological Processes","gene","Acute Experiment"
"GO:0050896","response to stimulus",0.0666666666666667,0.00287631831255992,0.0423031911133661,0.0772435593127395,0.0299559509800098,"evm.utg1571.14",1,"CpG","Biological Processes","gene","Acute Experiment"
"GO:0007005","mitochondrion organization",0.0666666666666667,0.00293271671084541,0.0431157166865166,0.0772435593127395,0.0299559509800098,"evm.utg116.142",1,"CHG","Biological Processes","gene","Acute Experiment"
"GO:0007005","mitochondrion organization",0.0666666666666667,0.00293271671084541,0.0431157166865166,0.0772435593127395,0.0299559509800098,"evm.utg116.142",1,"CHH","Biological Processes","gene","Acute Experiment"
"GO:0001822","kidney development",0.0666666666666667,0.00327110710055834,0.0479773744562139,0.0772435593127395,0.0299559509800098,"evm.utg512.80",1,"CHH","Biological Processes","gene","Acute Experiment"
"GO:0000184","""nuclear-transcribed mRNA catabolic process, nonsense-mediated decay",0.0666666666666667,0.00332750549884383,0.0487854058817302,0.0772435593127395,0.0299559509800098,"evm.utg162.19",1,"CpG","Biological Processes","gene","Acute Experiment"
"GO:0006635","fatty acid beta-oxidation",0.0666666666666667,0.00372229428684225,0.0544237284706548,0.0795423723801878,0.0308474574327598,"evm.utg11814.7",1,"CHG","Biological Processes","gene","Acute Experiment"
"GO:0045087","innate immune response",0.0666666666666667,0.00411708307484067,0.0600308456524871,0.0814704333855182,0.0315951819223616,"evm.utg1571.14",1,"CpG","Biological Processes","gene","Acute Experiment"
"GO:0009410","response to xenobiotic stimulus",0.0666666666666667,0.00603462861654729,0.0868267262215607,0.109980519880644,0.0426517251614684,"evm.utg11814.7",1,"CHG","Biological Processes","gene","Acute Experiment"
"GO:0006325","chromatin organization",0.0666666666666667,0.00812136935311037,0.115175911275187,0.136771394639284,0.053041538087257,"evm.utg4428.2",1,"CpG","Biological Processes","gene","Acute Experiment"
"GO:0007156","homophilic cell adhesion via plasma membrane adhesion molecules",0.0666666666666667,0.00874175173425075,0.123444298927331,0.137967157624664,0.0535052688849112,"evm.utg9625.2",1,"CHH","Biological Processes","gene","Acute Experiment"
"GO:0006397","mRNA processing",0.0666666666666667,0.0178782922564999,0.237161133300172,0.250336751816848,0.0970835048597196,"evm.utg2661.21",1,"CHG","Biological Processes","gene","Acute Experiment"
"GO:0016567","protein ubiquitination",0.0666666666666667,0.0219389769330551,0.283144600622311,0.283144600622311,0.109806770324442,"evm.utg11814.6",1,"CHG","Biological Processes","gene","Acute Experiment"
"GO:0016509","long-chain-3-hydroxyacyl-CoA dehydrogenase activity",0.05,3.87356678029129e-05,0.000774713356057943,0.0162689804772168,0.00978585291862665,"evm.utg11814.7",1,"CHG","Molecular Functions","gene","Acute Experiment"
"GO:0003857","3-hydroxyacyl-CoA dehydrogenase activity",0.05,0.000193678339014565,0.00386786881660439,0.0243586096783338,0.0146517952952383,"evm.utg11814.7",1,"CHG","Molecular Functions","gene","Acute Experiment"
"GO:0004300","enoyl-CoA hydratase activity",0.05,0.000193678339014565,0.00386786881660439,0.0243586096783338,0.0146517952952383,"evm.utg11814.7",1,"CHG","Molecular Functions","gene","Acute Experiment"
"GO:0035368","selenocysteine insertion sequence binding",0.05,0.000232414006817478,0.00463973517682548,0.0243586096783338,0.0146517952952383,"utg7127.equina_smart_1282991.mrna2",1,"CpG","Molecular Functions","gene","Acute Experiment"
"GO:0003985","acetyl-CoA C-acetyltransferase activity",0.05,0.000503563681437868,0.0100269120347284,0.0377798533298406,0.0227247238074229,"evm.utg11814.7",1,"CHG","Molecular Functions","gene","Acute Experiment"
"GO:0003884","D-amino-acid oxidase activity",0.05,0.000542299349240781,0.0107942438085259,0.0377798533298406,0.0227247238074229,"evm.utg35662.1",1,"CpG","Molecular Functions","gene","Acute Experiment"
"GO:0000062","fatty-acyl-CoA binding",0.05,0.000852184691664084,0.0169125894416141,0.0507377683248423,0.0305189583908826,"evm.utg11814.7",1,"CHG","Molecular Functions","gene","Acute Experiment"
"GO:0070403","NAD+ binding",0.05,0.00108459869848156,0.0214777378734403,0.0563790619177808,0.0339122176949058,"evm.utg11814.7",1,"CHG","Molecular Functions","gene","Acute Experiment"
"GO:0004721","phosphoprotein phosphatase activity",0.05,0.00228540440037186,0.0447452933758355,0.104405684543616,0.0628004117555587,"evm.utg6459.27",1,"CHH","Molecular Functions","gene","Acute Experiment"
"GO:0005262","calcium channel activity",0.05,0.00294391075302138,0.0572807805244099,0.120289639101261,0.0723546701360967,"evm.utg512.80",1,"CHH","Molecular Functions","gene","Acute Experiment"
"GO:0071949","FAD binding",0.05,0.0036024171056709,0.0696598909074115,0.128571857486712,0.0773364556311052,"evm.utg35662.1",1,"CpG","Molecular Functions","gene","Acute Experiment"
"GO:0004540","RNA nuclease activity",0.05,0.00391230244809421,0.0754317727653631,0.128571857486712,0.0773364556311052,"evm.utg2661.21",1,"CHG","Molecular Functions","gene","Acute Experiment"
"GO:0004197","cysteine-type endopeptidase activity",0.05,0.00453207313294081,0.0868736390534109,0.128571857486712,0.0773364556311052,"evm.utg4856.49",1,"CpG","Molecular Functions","gene","Acute Experiment"
"GO:0016779","nucleotidyltransferase activity",0.05,0.00476448713975829,0.0911295561876042,0.128571857486712,0.0773364556311052,"evm.utg6459.27",1,"CHH","Molecular Functions","gene","Acute Experiment"
"GO:0004867","serine-type endopeptidase inhibitor activity",0.05,0.0048032228075612,0.0918370410619375,0.128571857486712,0.0773364556311052,"evm.utg4605.20",1,"CpG","Molecular Functions","gene","Acute Experiment"
"GO:0004867","serine-type endopeptidase inhibitor activity",0.05,0.0048032228075612,0.0918370410619375,0.128571857486712,0.0773364556311052,"evm.utg4605.20",1,"CHG","Molecular Functions","gene","Acute Experiment"
"GO:0003724","RNA helicase activity",0.05,0.00565540749922529,0.107269984202913,0.140791854266323,0.0846868296338787,"evm.utg1571.14",1,"CpG","Molecular Functions","gene","Acute Experiment"
"GO:0044877","protein-containing complex binding",0.05,0.00608149984505733,0.114892705644837,0.141926283443622,0.0853691930487953,"evm.utg11814.7",1,"CHG","Molecular Functions","gene","Acute Experiment"
"GO:0004386","helicase activity",0.05,0.0152618531143477,0.264867409009065,0.305421335368431,0.18371208142462,"evm.utg1571.14",1,"CpG","Molecular Functions","gene","Acute Experiment"
"GO:0004842","ubiquitin-protein transferase activity",0.05,0.0165788658196467,0.284290415759784,0.305421335368431,0.18371208142462,"evm.utg11814.6",1,"CHG","Molecular Functions","gene","Acute Experiment"
"GO:0005044","scavenger receptor activity",0.05,0.0179346141927487,0.303774894842349,0.305421335368431,0.18371208142462,"evm.utg9625.2",1,"CHH","Molecular Functions","gene","Acute Experiment"
"GO:0016301","kinase activity",0.05,0.0180508211961574,0.305421335368431,0.305421335368431,0.18371208142462,"evm.utg162.19",1,"CpG","Molecular Functions","gene","Acute Experiment"
