"region","context","group","bin_mid","mean_count","min_count","max_count"
"dispersed_repeat","CpG","Control",2.5,3980.5,0,12772
"dispersed_repeat","CpG","Control",7.5,171.5,0,496
"dispersed_repeat","CpG","Control",12.5,49.125,0,141
"dispersed_repeat","CpG","Control",17.5,64.5,0,202
"dispersed_repeat","CpG","Control",22.5,30.375,0,92
"dispersed_repeat","CpG","Control",27.5,44.125,0,121
"dispersed_repeat","CpG","Control",32.5,20.625,0,57
"dispersed_repeat","CpG","Control",37.5,36.5,0,115
"dispersed_repeat","CpG","Control",42.5,16.375,0,46
"dispersed_repeat","CpG","Control",47.5,28.375,0,96
"dispersed_repeat","CpG","Control",52.5,12.875,0,32
"dispersed_repeat","CpG","Control",57.5,22,0,70
"dispersed_repeat","CpG","Control",62.5,13.25,0,38
"dispersed_repeat","CpG","Control",67.5,22,0,71
"dispersed_repeat","CpG","Control",72.5,14,0,47
"dispersed_repeat","CpG","Control",77.5,20.625,0,79
"dispersed_repeat","CpG","Control",82.5,16.25,0,57
"dispersed_repeat","CpG","Control",87.5,26,0,105
"dispersed_repeat","CpG","Control",92.5,20.375,0,82
"dispersed_repeat","CpG","Control",97.5,76.5,0,318
"dispersed_repeat","CpG","Treatment",2.5,2811,0,9362
"dispersed_repeat","CpG","Treatment",7.5,136.5,0,467
"dispersed_repeat","CpG","Treatment",12.5,37,0,122
"dispersed_repeat","CpG","Treatment",17.5,43.75,0,122
"dispersed_repeat","CpG","Treatment",22.5,26.5,0,80
"dispersed_repeat","CpG","Treatment",27.5,34,0,111
"dispersed_repeat","CpG","Treatment",32.5,18.375,0,62
"dispersed_repeat","CpG","Treatment",37.5,30,0,80
"dispersed_repeat","CpG","Treatment",42.5,12.875,0,37
"dispersed_repeat","CpG","Treatment",47.5,26.875,0,73
"dispersed_repeat","CpG","Treatment",52.5,10.75,0,31
"dispersed_repeat","CpG","Treatment",57.5,21.375,0,61
"dispersed_repeat","CpG","Treatment",62.5,13.375,0,39
"dispersed_repeat","CpG","Treatment",67.5,13.625,0,59
"dispersed_repeat","CpG","Treatment",72.5,12.25,0,29
"dispersed_repeat","CpG","Treatment",77.5,17,0,66
"dispersed_repeat","CpG","Treatment",82.5,11.125,0,36
"dispersed_repeat","CpG","Treatment",87.5,19,0,72
"dispersed_repeat","CpG","Treatment",92.5,12.25,0,41
"dispersed_repeat","CpG","Treatment",97.5,50.375,0,220
"dispersed_repeat","CHG","Control",2.5,4812.625,0,15520
"dispersed_repeat","CHG","Control",7.5,90.875,0,250
"dispersed_repeat","CHG","Control",12.5,7,0,22
"dispersed_repeat","CHG","Control",17.5,6.625,0,28
"dispersed_repeat","CHG","Control",22.5,2,0,6
"dispersed_repeat","CHG","Control",27.5,0.75,0,4
"dispersed_repeat","CHG","Control",32.5,0.375,0,2
"dispersed_repeat","CHG","Control",37.5,0.75,0,2
"dispersed_repeat","CHG","Control",42.5,0.25,0,2
"dispersed_repeat","CHG","Control",47.5,0.625,0,3
"dispersed_repeat","CHG","Control",52.5,0,0,0
"dispersed_repeat","CHG","Control",57.5,0.125,0,1
"dispersed_repeat","CHG","Control",62.5,0,0,0
"dispersed_repeat","CHG","Control",67.5,0,0,0
"dispersed_repeat","CHG","Control",72.5,0,0,0
"dispersed_repeat","CHG","Control",77.5,0,0,0
"dispersed_repeat","CHG","Control",82.5,0,0,0
"dispersed_repeat","CHG","Control",87.5,0,0,0
"dispersed_repeat","CHG","Control",92.5,0,0,0
"dispersed_repeat","CHG","Control",97.5,0,0,0
"dispersed_repeat","CHG","Treatment",2.5,3417.375,0,11324
"dispersed_repeat","CHG","Treatment",7.5,77.375,0,311
"dispersed_repeat","CHG","Treatment",12.5,6.375,0,20
"dispersed_repeat","CHG","Treatment",17.5,5.25,0,21
"dispersed_repeat","CHG","Treatment",22.5,1,0,4
"dispersed_repeat","CHG","Treatment",27.5,1.625,0,8
"dispersed_repeat","CHG","Treatment",32.5,0.125,0,1
"dispersed_repeat","CHG","Treatment",37.5,0.625,0,3
"dispersed_repeat","CHG","Treatment",42.5,0.125,0,1
"dispersed_repeat","CHG","Treatment",47.5,0.625,0,3
"dispersed_repeat","CHG","Treatment",52.5,0.25,0,2
"dispersed_repeat","CHG","Treatment",57.5,0.375,0,2
"dispersed_repeat","CHG","Treatment",62.5,0,0,0
"dispersed_repeat","CHG","Treatment",67.5,0.375,0,2
"dispersed_repeat","CHG","Treatment",72.5,0,0,0
"dispersed_repeat","CHG","Treatment",77.5,0,0,0
"dispersed_repeat","CHG","Treatment",82.5,0,0,0
"dispersed_repeat","CHG","Treatment",87.5,0.25,0,2
"dispersed_repeat","CHG","Treatment",92.5,0,0,0
"dispersed_repeat","CHG","Treatment",97.5,0,0,0
"dispersed_repeat","CHH","Control",2.5,6455.875,0,21121
"dispersed_repeat","CHH","Control",7.5,129.375,0,379
"dispersed_repeat","CHH","Control",12.5,8.75,0,26
"dispersed_repeat","CHH","Control",17.5,7.5,0,29
"dispersed_repeat","CHH","Control",22.5,1.75,0,6
"dispersed_repeat","CHH","Control",27.5,0.875,0,5
"dispersed_repeat","CHH","Control",32.5,0.125,0,1
"dispersed_repeat","CHH","Control",37.5,0.625,0,4
"dispersed_repeat","CHH","Control",42.5,0,0,0
"dispersed_repeat","CHH","Control",47.5,0.375,0,1
"dispersed_repeat","CHH","Control",52.5,0.25,0,2
"dispersed_repeat","CHH","Control",57.5,0,0,0
"dispersed_repeat","CHH","Control",62.5,0.125,0,1
"dispersed_repeat","CHH","Control",67.5,0,0,0
"dispersed_repeat","CHH","Control",72.5,0,0,0
"dispersed_repeat","CHH","Control",77.5,0,0,0
"dispersed_repeat","CHH","Control",82.5,0,0,0
"dispersed_repeat","CHH","Control",87.5,0,0,0
"dispersed_repeat","CHH","Control",92.5,0,0,0
"dispersed_repeat","CHH","Control",97.5,0,0,0
"dispersed_repeat","CHH","Treatment",2.5,4653.5,0,15485
"dispersed_repeat","CHH","Treatment",7.5,113.375,0,407
"dispersed_repeat","CHH","Treatment",12.5,9.625,0,42
"dispersed_repeat","CHH","Treatment",17.5,7.625,0,26
"dispersed_repeat","CHH","Treatment",22.5,1.5,0,4
"dispersed_repeat","CHH","Treatment",27.5,1.875,0,10
"dispersed_repeat","CHH","Treatment",32.5,0.75,0,3
"dispersed_repeat","CHH","Treatment",37.5,1.875,0,11
"dispersed_repeat","CHH","Treatment",42.5,0,0,0
"dispersed_repeat","CHH","Treatment",47.5,0.75,0,3
"dispersed_repeat","CHH","Treatment",52.5,0.25,0,2
"dispersed_repeat","CHH","Treatment",57.5,0,0,0
"dispersed_repeat","CHH","Treatment",62.5,0,0,0
"dispersed_repeat","CHH","Treatment",67.5,0.25,0,1
"dispersed_repeat","CHH","Treatment",72.5,0,0,0
"dispersed_repeat","CHH","Treatment",77.5,0,0,0
"dispersed_repeat","CHH","Treatment",82.5,0,0,0
"dispersed_repeat","CHH","Treatment",87.5,0,0,0
"dispersed_repeat","CHH","Treatment",92.5,0,0,0
"dispersed_repeat","CHH","Treatment",97.5,0,0,0
"downstream_region","CpG","Control",2.5,670.375,0,2330
"downstream_region","CpG","Control",7.5,26.875,0,74
"downstream_region","CpG","Control",12.5,8,0,24
"downstream_region","CpG","Control",17.5,10.25,0,34
"downstream_region","CpG","Control",22.5,6.75,0,17
"downstream_region","CpG","Control",27.5,9.125,0,22
"downstream_region","CpG","Control",32.5,5.375,0,15
"downstream_region","CpG","Control",37.5,6.375,0,23
"downstream_region","CpG","Control",42.5,3.75,0,12
"downstream_region","CpG","Control",47.5,6.75,0,21
"downstream_region","CpG","Control",52.5,2.75,0,10
"downstream_region","CpG","Control",57.5,4.25,0,15
"downstream_region","CpG","Control",62.5,2,0,5
"downstream_region","CpG","Control",67.5,4.375,0,12
"downstream_region","CpG","Control",72.5,3.25,0,9
"downstream_region","CpG","Control",77.5,3.75,0,11
"downstream_region","CpG","Control",82.5,3.375,0,14
"downstream_region","CpG","Control",87.5,6.25,0,29
"downstream_region","CpG","Control",92.5,2.5,0,13
"downstream_region","CpG","Control",97.5,12.25,0,51
"downstream_region","CpG","Treatment",2.5,444.75,0,1577
"downstream_region","CpG","Treatment",7.5,24.125,0,84
"downstream_region","CpG","Treatment",12.5,6.5,0,16
"downstream_region","CpG","Treatment",17.5,10.5,0,33
"downstream_region","CpG","Treatment",22.5,5.375,0,17
"downstream_region","CpG","Treatment",27.5,5.5,0,15
"downstream_region","CpG","Treatment",32.5,3.375,0,9
"downstream_region","CpG","Treatment",37.5,4.875,0,14
"downstream_region","CpG","Treatment",42.5,2.75,0,11
"downstream_region","CpG","Treatment",47.5,4.375,0,14
"downstream_region","CpG","Treatment",52.5,2.875,0,7
"downstream_region","CpG","Treatment",57.5,2.125,0,7
"downstream_region","CpG","Treatment",62.5,2.25,0,10
"downstream_region","CpG","Treatment",67.5,2.625,0,6
"downstream_region","CpG","Treatment",72.5,2.75,0,8
"downstream_region","CpG","Treatment",77.5,4.25,0,16
"downstream_region","CpG","Treatment",82.5,3.25,0,9
"downstream_region","CpG","Treatment",87.5,4.875,0,19
"downstream_region","CpG","Treatment",92.5,2.75,0,8
"downstream_region","CpG","Treatment",97.5,7.875,0,30
"downstream_region","CHG","Control",2.5,854.75,0,2947
"downstream_region","CHG","Control",7.5,15.125,0,43
"downstream_region","CHG","Control",12.5,0.25,0,1
"downstream_region","CHG","Control",17.5,0.5,0,3
"downstream_region","CHG","Control",22.5,0.25,0,1
"downstream_region","CHG","Control",27.5,0,0,0
"downstream_region","CHG","Control",32.5,0.125,0,1
"downstream_region","CHG","Control",37.5,0.125,0,1
"downstream_region","CHG","Control",42.5,0,0,0
"downstream_region","CHG","Control",47.5,0,0,0
"downstream_region","CHG","Control",52.5,0,0,0
"downstream_region","CHG","Control",57.5,0,0,0
"downstream_region","CHG","Control",62.5,0,0,0
"downstream_region","CHG","Control",67.5,0,0,0
"downstream_region","CHG","Control",72.5,0,0,0
"downstream_region","CHG","Control",77.5,0,0,0
"downstream_region","CHG","Control",82.5,0,0,0
"downstream_region","CHG","Control",87.5,0,0,0
"downstream_region","CHG","Control",92.5,0,0,0
"downstream_region","CHG","Control",97.5,0,0,0
"downstream_region","CHG","Treatment",2.5,586.75,0,2043
"downstream_region","CHG","Treatment",7.5,12.125,0,53
"downstream_region","CHG","Treatment",12.5,0.375,0,2
"downstream_region","CHG","Treatment",17.5,0.5,0,2
"downstream_region","CHG","Treatment",22.5,0,0,0
"downstream_region","CHG","Treatment",27.5,0.25,0,2
"downstream_region","CHG","Treatment",32.5,0,0,0
"downstream_region","CHG","Treatment",37.5,0,0,0
"downstream_region","CHG","Treatment",42.5,0,0,0
"downstream_region","CHG","Treatment",47.5,0,0,0
"downstream_region","CHG","Treatment",52.5,0,0,0
"downstream_region","CHG","Treatment",57.5,0,0,0
"downstream_region","CHG","Treatment",62.5,0,0,0
"downstream_region","CHG","Treatment",67.5,0,0,0
"downstream_region","CHG","Treatment",72.5,0,0,0
"downstream_region","CHG","Treatment",77.5,0,0,0
"downstream_region","CHG","Treatment",82.5,0,0,0
"downstream_region","CHG","Treatment",87.5,0,0,0
"downstream_region","CHG","Treatment",92.5,0,0,0
"downstream_region","CHG","Treatment",97.5,0,0,0
"downstream_region","CHH","Control",2.5,1123,0,3895
"downstream_region","CHH","Control",7.5,18.625,0,60
"downstream_region","CHH","Control",12.5,0.5,0,2
"downstream_region","CHH","Control",17.5,0.125,0,1
"downstream_region","CHH","Control",22.5,0,0,0
"downstream_region","CHH","Control",27.5,0.25,0,1
"downstream_region","CHH","Control",32.5,0,0,0
"downstream_region","CHH","Control",37.5,0,0,0
"downstream_region","CHH","Control",42.5,0,0,0
"downstream_region","CHH","Control",47.5,0,0,0
"downstream_region","CHH","Control",52.5,0,0,0
"downstream_region","CHH","Control",57.5,0,0,0
"downstream_region","CHH","Control",62.5,0,0,0
"downstream_region","CHH","Control",67.5,0,0,0
"downstream_region","CHH","Control",72.5,0,0,0
"downstream_region","CHH","Control",77.5,0,0,0
"downstream_region","CHH","Control",82.5,0,0,0
"downstream_region","CHH","Control",87.5,0,0,0
"downstream_region","CHH","Control",92.5,0,0,0
"downstream_region","CHH","Control",97.5,0,0,0
"downstream_region","CHH","Treatment",2.5,779.375,0,2759
"downstream_region","CHH","Treatment",7.5,16.75,0,63
"downstream_region","CHH","Treatment",12.5,0.875,0,4
"downstream_region","CHH","Treatment",17.5,0.5,0,2
"downstream_region","CHH","Treatment",22.5,0.25,0,1
"downstream_region","CHH","Treatment",27.5,0,0,0
"downstream_region","CHH","Treatment",32.5,0,0,0
"downstream_region","CHH","Treatment",37.5,0.125,0,1
"downstream_region","CHH","Treatment",42.5,0,0,0
"downstream_region","CHH","Treatment",47.5,0,0,0
"downstream_region","CHH","Treatment",52.5,0,0,0
"downstream_region","CHH","Treatment",57.5,0,0,0
"downstream_region","CHH","Treatment",62.5,0,0,0
"downstream_region","CHH","Treatment",67.5,0,0,0
"downstream_region","CHH","Treatment",72.5,0,0,0
"downstream_region","CHH","Treatment",77.5,0,0,0
"downstream_region","CHH","Treatment",82.5,0,0,0
"downstream_region","CHH","Treatment",87.5,0,0,0
"downstream_region","CHH","Treatment",92.5,0,0,0
"downstream_region","CHH","Treatment",97.5,0,0,0
"exon","CpG","Control",2.5,1875.625,0,6698
"exon","CpG","Control",7.5,68,0,229
"exon","CpG","Control",12.5,11.875,0,31
"exon","CpG","Control",17.5,24,0,66
"exon","CpG","Control",22.5,11.625,0,45
"exon","CpG","Control",27.5,14.25,0,42
"exon","CpG","Control",32.5,9.25,0,29
"exon","CpG","Control",37.5,14.25,0,38
"exon","CpG","Control",42.5,6.125,0,22
"exon","CpG","Control",47.5,16.375,0,49
"exon","CpG","Control",52.5,8.25,0,23
"exon","CpG","Control",57.5,11.25,0,46
"exon","CpG","Control",62.5,7.75,0,23
"exon","CpG","Control",67.5,13.5,0,45
"exon","CpG","Control",72.5,8.5,0,31
"exon","CpG","Control",77.5,17.5,0,72
"exon","CpG","Control",82.5,12.625,0,52
"exon","CpG","Control",87.5,25.875,0,108
"exon","CpG","Control",92.5,19.375,0,75
"exon","CpG","Control",97.5,83,0,369
"exon","CpG","Treatment",2.5,1202.75,0,4836
"exon","CpG","Treatment",7.5,45.375,0,172
"exon","CpG","Treatment",12.5,10.25,0,28
"exon","CpG","Treatment",17.5,14.125,0,48
"exon","CpG","Treatment",22.5,7.625,0,25
"exon","CpG","Treatment",27.5,12.25,0,36
"exon","CpG","Treatment",32.5,7,0,28
"exon","CpG","Treatment",37.5,10.625,0,36
"exon","CpG","Treatment",42.5,5.375,0,21
"exon","CpG","Treatment",47.5,12,0,52
"exon","CpG","Treatment",52.5,3.5,0,8
"exon","CpG","Treatment",57.5,6.25,0,18
"exon","CpG","Treatment",62.5,4.625,0,16
"exon","CpG","Treatment",67.5,10,0,37
"exon","CpG","Treatment",72.5,5.625,0,20
"exon","CpG","Treatment",77.5,9.375,0,35
"exon","CpG","Treatment",82.5,5.125,0,19
"exon","CpG","Treatment",87.5,16.875,0,70
"exon","CpG","Treatment",92.5,13,0,40
"exon","CpG","Treatment",97.5,55,0,238
"exon","CHG","Control",2.5,2599.75,0,9440
"exon","CHG","Control",7.5,45.375,0,161
"exon","CHG","Control",12.5,1.375,0,4
"exon","CHG","Control",17.5,1.375,0,6
"exon","CHG","Control",22.5,0.25,0,2
"exon","CHG","Control",27.5,0.375,0,3
"exon","CHG","Control",32.5,0,0,0
"exon","CHG","Control",37.5,0,0,0
"exon","CHG","Control",42.5,0,0,0
"exon","CHG","Control",47.5,0,0,0
"exon","CHG","Control",52.5,0,0,0
"exon","CHG","Control",57.5,0,0,0
"exon","CHG","Control",62.5,0,0,0
"exon","CHG","Control",67.5,0,0,0
"exon","CHG","Control",72.5,0,0,0
"exon","CHG","Control",77.5,0,0,0
"exon","CHG","Control",82.5,0,0,0
"exon","CHG","Control",87.5,0,0,0
"exon","CHG","Control",92.5,0,0,0
"exon","CHG","Control",97.5,0,0,0
"exon","CHG","Treatment",2.5,1670.25,0,6545
"exon","CHG","Treatment",7.5,35.25,0,150
"exon","CHG","Treatment",12.5,1.625,0,4
"exon","CHG","Treatment",17.5,1.125,0,6
"exon","CHG","Treatment",22.5,0,0,0
"exon","CHG","Treatment",27.5,0.125,0,1
"exon","CHG","Treatment",32.5,0.125,0,1
"exon","CHG","Treatment",37.5,0.25,0,1
"exon","CHG","Treatment",42.5,0,0,0
"exon","CHG","Treatment",47.5,0,0,0
"exon","CHG","Treatment",52.5,0,0,0
"exon","CHG","Treatment",57.5,0,0,0
"exon","CHG","Treatment",62.5,0,0,0
"exon","CHG","Treatment",67.5,0,0,0
"exon","CHG","Treatment",72.5,0,0,0
"exon","CHG","Treatment",77.5,0,0,0
"exon","CHG","Treatment",82.5,0,0,0
"exon","CHG","Treatment",87.5,0,0,0
"exon","CHG","Treatment",92.5,0,0,0
"exon","CHG","Treatment",97.5,0,0,0
"exon","CHH","Control",2.5,3281.375,0,11941
"exon","CHH","Control",7.5,55.125,0,190
"exon","CHH","Control",12.5,1.375,0,5
"exon","CHH","Control",17.5,2,0,6
"exon","CHH","Control",22.5,0.125,0,1
"exon","CHH","Control",27.5,0,0,0
"exon","CHH","Control",32.5,0,0,0
"exon","CHH","Control",37.5,0,0,0
"exon","CHH","Control",42.5,0,0,0
"exon","CHH","Control",47.5,0,0,0
"exon","CHH","Control",52.5,0,0,0
"exon","CHH","Control",57.5,0,0,0
"exon","CHH","Control",62.5,0,0,0
"exon","CHH","Control",67.5,0,0,0
"exon","CHH","Control",72.5,0,0,0
"exon","CHH","Control",77.5,0,0,0
"exon","CHH","Control",82.5,0,0,0
"exon","CHH","Control",87.5,0,0,0
"exon","CHH","Control",92.5,0,0,0
"exon","CHH","Control",97.5,0,0,0
"exon","CHH","Treatment",2.5,2100.25,0,8258
"exon","CHH","Treatment",7.5,46.625,0,203
"exon","CHH","Treatment",12.5,0.75,0,4
"exon","CHH","Treatment",17.5,1.625,0,5
"exon","CHH","Treatment",22.5,0.125,0,1
"exon","CHH","Treatment",27.5,0,0,0
"exon","CHH","Treatment",32.5,0,0,0
"exon","CHH","Treatment",37.5,0.25,0,1
"exon","CHH","Treatment",42.5,0,0,0
"exon","CHH","Treatment",47.5,0,0,0
"exon","CHH","Treatment",52.5,0,0,0
"exon","CHH","Treatment",57.5,0,0,0
"exon","CHH","Treatment",62.5,0,0,0
"exon","CHH","Treatment",67.5,0,0,0
"exon","CHH","Treatment",72.5,0,0,0
"exon","CHH","Treatment",77.5,0,0,0
"exon","CHH","Treatment",82.5,0,0,0
"exon","CHH","Treatment",87.5,0,0,0
"exon","CHH","Treatment",92.5,0,0,0
"exon","CHH","Treatment",97.5,0,0,0
"five_prime_UTR","CpG","Control",2.5,95.125,0,372
"five_prime_UTR","CpG","Control",7.5,2.25,0,7
"five_prime_UTR","CpG","Control",12.5,0.125,0,1
"five_prime_UTR","CpG","Control",17.5,0.75,0,2
"five_prime_UTR","CpG","Control",22.5,0.25,0,2
"five_prime_UTR","CpG","Control",27.5,0.125,0,1
"five_prime_UTR","CpG","Control",32.5,0.625,0,2
"five_prime_UTR","CpG","Control",37.5,0.25,0,2
"five_prime_UTR","CpG","Control",42.5,0.625,0,2
"five_prime_UTR","CpG","Control",47.5,0.375,0,1
"five_prime_UTR","CpG","Control",52.5,0.125,0,1
"five_prime_UTR","CpG","Control",57.5,0,0,0
"five_prime_UTR","CpG","Control",62.5,0.125,0,1
"five_prime_UTR","CpG","Control",67.5,0,0,0
"five_prime_UTR","CpG","Control",72.5,0,0,0
"five_prime_UTR","CpG","Control",77.5,0.375,0,2
"five_prime_UTR","CpG","Control",82.5,0.25,0,2
"five_prime_UTR","CpG","Control",87.5,0.25,0,1
"five_prime_UTR","CpG","Control",92.5,0,0,0
"five_prime_UTR","CpG","Control",97.5,1.25,0,5
"five_prime_UTR","CpG","Treatment",2.5,60.875,0,267
"five_prime_UTR","CpG","Treatment",7.5,1.5,0,9
"five_prime_UTR","CpG","Treatment",12.5,0,0,0
"five_prime_UTR","CpG","Treatment",17.5,0.25,0,1
"five_prime_UTR","CpG","Treatment",22.5,0.125,0,1
"five_prime_UTR","CpG","Treatment",27.5,0.125,0,1
"five_prime_UTR","CpG","Treatment",32.5,0,0,0
"five_prime_UTR","CpG","Treatment",37.5,0.125,0,1
"five_prime_UTR","CpG","Treatment",42.5,0,0,0
"five_prime_UTR","CpG","Treatment",47.5,0.25,0,1
"five_prime_UTR","CpG","Treatment",52.5,0.125,0,1
"five_prime_UTR","CpG","Treatment",57.5,0.125,0,1
"five_prime_UTR","CpG","Treatment",62.5,0.125,0,1
"five_prime_UTR","CpG","Treatment",67.5,0.5,0,2
"five_prime_UTR","CpG","Treatment",72.5,0.375,0,3
"five_prime_UTR","CpG","Treatment",77.5,0.25,0,1
"five_prime_UTR","CpG","Treatment",82.5,0,0,0
"five_prime_UTR","CpG","Treatment",87.5,0.5,0,4
"five_prime_UTR","CpG","Treatment",92.5,0,0,0
"five_prime_UTR","CpG","Treatment",97.5,1.25,0,4
"five_prime_UTR","CHG","Control",2.5,103.625,0,423
"five_prime_UTR","CHG","Control",7.5,2.25,0,10
"five_prime_UTR","CHG","Control",12.5,0,0,0
"five_prime_UTR","CHG","Control",17.5,0,0,0
"five_prime_UTR","CHG","Control",22.5,0,0,0
"five_prime_UTR","CHG","Control",27.5,0,0,0
"five_prime_UTR","CHG","Control",32.5,0,0,0
"five_prime_UTR","CHG","Control",37.5,0,0,0
"five_prime_UTR","CHG","Control",42.5,0,0,0
"five_prime_UTR","CHG","Control",47.5,0,0,0
"five_prime_UTR","CHG","Control",52.5,0,0,0
"five_prime_UTR","CHG","Control",57.5,0,0,0
"five_prime_UTR","CHG","Control",62.5,0,0,0
"five_prime_UTR","CHG","Control",67.5,0,0,0
"five_prime_UTR","CHG","Control",72.5,0,0,0
"five_prime_UTR","CHG","Control",77.5,0,0,0
"five_prime_UTR","CHG","Control",82.5,0,0,0
"five_prime_UTR","CHG","Control",87.5,0,0,0
"five_prime_UTR","CHG","Control",92.5,0,0,0
"five_prime_UTR","CHG","Control",97.5,0,0,0
"five_prime_UTR","CHG","Treatment",2.5,66.625,0,288
"five_prime_UTR","CHG","Treatment",7.5,1.5,0,8
"five_prime_UTR","CHG","Treatment",12.5,0.125,0,1
"five_prime_UTR","CHG","Treatment",17.5,0,0,0
"five_prime_UTR","CHG","Treatment",22.5,0,0,0
"five_prime_UTR","CHG","Treatment",27.5,0,0,0
"five_prime_UTR","CHG","Treatment",32.5,0,0,0
"five_prime_UTR","CHG","Treatment",37.5,0,0,0
"five_prime_UTR","CHG","Treatment",42.5,0,0,0
"five_prime_UTR","CHG","Treatment",47.5,0,0,0
"five_prime_UTR","CHG","Treatment",52.5,0,0,0
"five_prime_UTR","CHG","Treatment",57.5,0,0,0
"five_prime_UTR","CHG","Treatment",62.5,0,0,0
"five_prime_UTR","CHG","Treatment",67.5,0,0,0
"five_prime_UTR","CHG","Treatment",72.5,0,0,0
"five_prime_UTR","CHG","Treatment",77.5,0,0,0
"five_prime_UTR","CHG","Treatment",82.5,0,0,0
"five_prime_UTR","CHG","Treatment",87.5,0,0,0
"five_prime_UTR","CHG","Treatment",92.5,0,0,0
"five_prime_UTR","CHG","Treatment",97.5,0,0,0
"five_prime_UTR","CHH","Control",2.5,147.875,0,567
"five_prime_UTR","CHH","Control",7.5,4.625,0,18
"five_prime_UTR","CHH","Control",12.5,0,0,0
"five_prime_UTR","CHH","Control",17.5,0,0,0
"five_prime_UTR","CHH","Control",22.5,0,0,0
"five_prime_UTR","CHH","Control",27.5,0,0,0
"five_prime_UTR","CHH","Control",32.5,0,0,0
"five_prime_UTR","CHH","Control",37.5,0,0,0
"five_prime_UTR","CHH","Control",42.5,0,0,0
"five_prime_UTR","CHH","Control",47.5,0,0,0
"five_prime_UTR","CHH","Control",52.5,0,0,0
"five_prime_UTR","CHH","Control",57.5,0,0,0
"five_prime_UTR","CHH","Control",62.5,0,0,0
"five_prime_UTR","CHH","Control",67.5,0,0,0
"five_prime_UTR","CHH","Control",72.5,0,0,0
"five_prime_UTR","CHH","Control",77.5,0,0,0
"five_prime_UTR","CHH","Control",82.5,0,0,0
"five_prime_UTR","CHH","Control",87.5,0,0,0
"five_prime_UTR","CHH","Control",92.5,0,0,0
"five_prime_UTR","CHH","Control",97.5,0,0,0
"five_prime_UTR","CHH","Treatment",2.5,91.875,0,412
"five_prime_UTR","CHH","Treatment",7.5,1.625,0,8
"five_prime_UTR","CHH","Treatment",12.5,0.125,0,1
"five_prime_UTR","CHH","Treatment",17.5,0,0,0
"five_prime_UTR","CHH","Treatment",22.5,0,0,0
"five_prime_UTR","CHH","Treatment",27.5,0,0,0
"five_prime_UTR","CHH","Treatment",32.5,0,0,0
"five_prime_UTR","CHH","Treatment",37.5,0,0,0
"five_prime_UTR","CHH","Treatment",42.5,0,0,0
"five_prime_UTR","CHH","Treatment",47.5,0,0,0
"five_prime_UTR","CHH","Treatment",52.5,0,0,0
"five_prime_UTR","CHH","Treatment",57.5,0,0,0
"five_prime_UTR","CHH","Treatment",62.5,0,0,0
"five_prime_UTR","CHH","Treatment",67.5,0,0,0
"five_prime_UTR","CHH","Treatment",72.5,0,0,0
"five_prime_UTR","CHH","Treatment",77.5,0,0,0
"five_prime_UTR","CHH","Treatment",82.5,0,0,0
"five_prime_UTR","CHH","Treatment",87.5,0,0,0
"five_prime_UTR","CHH","Treatment",92.5,0,0,0
"five_prime_UTR","CHH","Treatment",97.5,0,0,0
"gene","CpG","Control",2.5,1945.625,0,6656
"gene","CpG","Control",7.5,81.125,0,254
"gene","CpG","Control",12.5,31.125,0,115
"gene","CpG","Control",17.5,35.5,0,103
"gene","CpG","Control",22.5,22.875,0,66
"gene","CpG","Control",27.5,21.875,0,64
"gene","CpG","Control",32.5,16.625,0,53
"gene","CpG","Control",37.5,25,0,80
"gene","CpG","Control",42.5,11,0,37
"gene","CpG","Control",47.5,22.875,0,75
"gene","CpG","Control",52.5,9.875,0,32
"gene","CpG","Control",57.5,14.25,0,48
"gene","CpG","Control",62.5,8.75,0,31
"gene","CpG","Control",67.5,16.5,0,66
"gene","CpG","Control",72.5,9.625,0,38
"gene","CpG","Control",77.5,17.25,0,70
"gene","CpG","Control",82.5,10.75,0,43
"gene","CpG","Control",87.5,27.875,0,107
"gene","CpG","Control",92.5,18.875,0,84
"gene","CpG","Control",97.5,84.375,0,358
"gene","CpG","Treatment",2.5,1298.5,0,4893
"gene","CpG","Treatment",7.5,61.625,0,211
"gene","CpG","Treatment",12.5,19.75,0,64
"gene","CpG","Treatment",17.5,22.75,0,78
"gene","CpG","Treatment",22.5,17.5,0,56
"gene","CpG","Treatment",27.5,18.5,0,53
"gene","CpG","Treatment",32.5,12.375,0,51
"gene","CpG","Treatment",37.5,17.875,0,61
"gene","CpG","Treatment",42.5,8.625,0,32
"gene","CpG","Treatment",47.5,17.75,0,60
"gene","CpG","Treatment",52.5,7.5,0,24
"gene","CpG","Treatment",57.5,10.125,0,27
"gene","CpG","Treatment",62.5,5.625,0,22
"gene","CpG","Treatment",67.5,9,0,42
"gene","CpG","Treatment",72.5,7.75,0,24
"gene","CpG","Treatment",77.5,12.5,0,55
"gene","CpG","Treatment",82.5,7,0,31
"gene","CpG","Treatment",87.5,16.125,0,63
"gene","CpG","Treatment",92.5,11.125,0,39
"gene","CpG","Treatment",97.5,54,0,235
"gene","CHG","Control",2.5,2676.5,0,9225
"gene","CHG","Control",7.5,41.75,0,118
"gene","CHG","Control",12.5,1.625,0,9
"gene","CHG","Control",17.5,2,0,7
"gene","CHG","Control",22.5,0.125,0,1
"gene","CHG","Control",27.5,0.5,0,2
"gene","CHG","Control",32.5,0,0,0
"gene","CHG","Control",37.5,0.125,0,1
"gene","CHG","Control",42.5,0,0,0
"gene","CHG","Control",47.5,0.25,0,2
"gene","CHG","Control",52.5,0,0,0
"gene","CHG","Control",57.5,0,0,0
"gene","CHG","Control",62.5,0,0,0
"gene","CHG","Control",67.5,0,0,0
"gene","CHG","Control",72.5,0,0,0
"gene","CHG","Control",77.5,0,0,0
"gene","CHG","Control",82.5,0,0,0
"gene","CHG","Control",87.5,0,0,0
"gene","CHG","Control",92.5,0,0,0
"gene","CHG","Control",97.5,0,0,0
"gene","CHG","Treatment",2.5,1796.875,0,6745
"gene","CHG","Treatment",7.5,38,0,153
"gene","CHG","Treatment",12.5,1.125,0,3
"gene","CHG","Treatment",17.5,1.25,0,6
"gene","CHG","Treatment",22.5,0.125,0,1
"gene","CHG","Treatment",27.5,0.375,0,2
"gene","CHG","Treatment",32.5,0.25,0,2
"gene","CHG","Treatment",37.5,0.5,0,2
"gene","CHG","Treatment",42.5,0,0,0
"gene","CHG","Treatment",47.5,0.25,0,1
"gene","CHG","Treatment",52.5,0.125,0,1
"gene","CHG","Treatment",57.5,0,0,0
"gene","CHG","Treatment",62.5,0,0,0
"gene","CHG","Treatment",67.5,0,0,0
"gene","CHG","Treatment",72.5,0,0,0
"gene","CHG","Treatment",77.5,0,0,0
"gene","CHG","Treatment",82.5,0,0,0
"gene","CHG","Treatment",87.5,0,0,0
"gene","CHG","Treatment",92.5,0,0,0
"gene","CHG","Treatment",97.5,0.125,0,1
"gene","CHH","Control",2.5,3374.125,0,11496
"gene","CHH","Control",7.5,56,0,188
"gene","CHH","Control",12.5,2.375,0,10
"gene","CHH","Control",17.5,2.375,0,8
"gene","CHH","Control",22.5,0.625,0,2
"gene","CHH","Control",27.5,0.125,0,1
"gene","CHH","Control",32.5,0.25,0,2
"gene","CHH","Control",37.5,0,0,0
"gene","CHH","Control",42.5,0,0,0
"gene","CHH","Control",47.5,0.125,0,1
"gene","CHH","Control",52.5,0,0,0
"gene","CHH","Control",57.5,0,0,0
"gene","CHH","Control",62.5,0,0,0
"gene","CHH","Control",67.5,0,0,0
"gene","CHH","Control",72.5,0,0,0
"gene","CHH","Control",77.5,0,0,0
"gene","CHH","Control",82.5,0,0,0
"gene","CHH","Control",87.5,0,0,0
"gene","CHH","Control",92.5,0,0,0
"gene","CHH","Control",97.5,0,0,0
"gene","CHH","Treatment",2.5,2308.375,0,8584
"gene","CHH","Treatment",7.5,48.25,0,190
"gene","CHH","Treatment",12.5,2.125,0,7
"gene","CHH","Treatment",17.5,1.25,0,4
"gene","CHH","Treatment",22.5,0.375,0,3
"gene","CHH","Treatment",27.5,0.375,0,2
"gene","CHH","Treatment",32.5,0,0,0
"gene","CHH","Treatment",37.5,0.25,0,2
"gene","CHH","Treatment",42.5,0,0,0
"gene","CHH","Treatment",47.5,0.125,0,1
"gene","CHH","Treatment",52.5,0,0,0
"gene","CHH","Treatment",57.5,0,0,0
"gene","CHH","Treatment",62.5,0,0,0
"gene","CHH","Treatment",67.5,0,0,0
"gene","CHH","Treatment",72.5,0,0,0
"gene","CHH","Treatment",77.5,0,0,0
"gene","CHH","Treatment",82.5,0,0,0
"gene","CHH","Treatment",87.5,0,0,0
"gene","CHH","Treatment",92.5,0,0,0
"gene","CHH","Treatment",97.5,0,0,0
"ncRNA_gene","CpG","Control",2.5,43.875,0,128
"ncRNA_gene","CpG","Control",7.5,0.875,0,3
"ncRNA_gene","CpG","Control",12.5,0,0,0
"ncRNA_gene","CpG","Control",17.5,0.25,0,1
"ncRNA_gene","CpG","Control",22.5,0.125,0,1
"ncRNA_gene","CpG","Control",27.5,0,0,0
"ncRNA_gene","CpG","Control",32.5,0,0,0
"ncRNA_gene","CpG","Control",37.5,0.125,0,1
"ncRNA_gene","CpG","Control",42.5,0.125,0,1
"ncRNA_gene","CpG","Control",47.5,0.25,0,1
"ncRNA_gene","CpG","Control",52.5,0,0,0
"ncRNA_gene","CpG","Control",57.5,0,0,0
"ncRNA_gene","CpG","Control",62.5,0,0,0
"ncRNA_gene","CpG","Control",67.5,0,0,0
"ncRNA_gene","CpG","Control",72.5,0,0,0
"ncRNA_gene","CpG","Control",77.5,0.125,0,1
"ncRNA_gene","CpG","Control",82.5,0.125,0,1
"ncRNA_gene","CpG","Control",87.5,0.75,0,3
"ncRNA_gene","CpG","Control",92.5,0.25,0,1
"ncRNA_gene","CpG","Control",97.5,0,0,0
"ncRNA_gene","CpG","Treatment",2.5,32.125,0,88
"ncRNA_gene","CpG","Treatment",7.5,0.5,0,2
"ncRNA_gene","CpG","Treatment",12.5,0,0,0
"ncRNA_gene","CpG","Treatment",17.5,0,0,0
"ncRNA_gene","CpG","Treatment",22.5,0,0,0
"ncRNA_gene","CpG","Treatment",27.5,0.125,0,1
"ncRNA_gene","CpG","Treatment",32.5,0,0,0
"ncRNA_gene","CpG","Treatment",37.5,0.125,0,1
"ncRNA_gene","CpG","Treatment",42.5,0,0,0
"ncRNA_gene","CpG","Treatment",47.5,0.25,0,1
"ncRNA_gene","CpG","Treatment",52.5,0.125,0,1
"ncRNA_gene","CpG","Treatment",57.5,0,0,0
"ncRNA_gene","CpG","Treatment",62.5,0,0,0
"ncRNA_gene","CpG","Treatment",67.5,0,0,0
"ncRNA_gene","CpG","Treatment",72.5,0,0,0
"ncRNA_gene","CpG","Treatment",77.5,0,0,0
"ncRNA_gene","CpG","Treatment",82.5,0.125,0,1
"ncRNA_gene","CpG","Treatment",87.5,0.375,0,1
"ncRNA_gene","CpG","Treatment",92.5,0.125,0,1
"ncRNA_gene","CpG","Treatment",97.5,0.125,0,1
"ncRNA_gene","CHG","Control",2.5,49,0,145
"ncRNA_gene","CHG","Control",7.5,0.875,0,3
"ncRNA_gene","CHG","Control",12.5,0,0,0
"ncRNA_gene","CHG","Control",17.5,0,0,0
"ncRNA_gene","CHG","Control",22.5,0.125,0,1
"ncRNA_gene","CHG","Control",27.5,0,0,0
"ncRNA_gene","CHG","Control",32.5,0,0,0
"ncRNA_gene","CHG","Control",37.5,0,0,0
"ncRNA_gene","CHG","Control",42.5,0,0,0
"ncRNA_gene","CHG","Control",47.5,0,0,0
"ncRNA_gene","CHG","Control",52.5,0,0,0
"ncRNA_gene","CHG","Control",57.5,0,0,0
"ncRNA_gene","CHG","Control",62.5,0,0,0
"ncRNA_gene","CHG","Control",67.5,0,0,0
"ncRNA_gene","CHG","Control",72.5,0,0,0
"ncRNA_gene","CHG","Control",77.5,0,0,0
"ncRNA_gene","CHG","Control",82.5,0,0,0
"ncRNA_gene","CHG","Control",87.5,0,0,0
"ncRNA_gene","CHG","Control",92.5,0,0,0
"ncRNA_gene","CHG","Control",97.5,0,0,0
"ncRNA_gene","CHG","Treatment",2.5,35.625,0,101
"ncRNA_gene","CHG","Treatment",7.5,0.75,0,3
"ncRNA_gene","CHG","Treatment",12.5,0,0,0
"ncRNA_gene","CHG","Treatment",17.5,0,0,0
"ncRNA_gene","CHG","Treatment",22.5,0,0,0
"ncRNA_gene","CHG","Treatment",27.5,0,0,0
"ncRNA_gene","CHG","Treatment",32.5,0,0,0
"ncRNA_gene","CHG","Treatment",37.5,0,0,0
"ncRNA_gene","CHG","Treatment",42.5,0,0,0
"ncRNA_gene","CHG","Treatment",47.5,0,0,0
"ncRNA_gene","CHG","Treatment",52.5,0,0,0
"ncRNA_gene","CHG","Treatment",57.5,0,0,0
"ncRNA_gene","CHG","Treatment",62.5,0,0,0
"ncRNA_gene","CHG","Treatment",67.5,0,0,0
"ncRNA_gene","CHG","Treatment",72.5,0,0,0
"ncRNA_gene","CHG","Treatment",77.5,0,0,0
"ncRNA_gene","CHG","Treatment",82.5,0,0,0
"ncRNA_gene","CHG","Treatment",87.5,0,0,0
"ncRNA_gene","CHG","Treatment",92.5,0,0,0
"ncRNA_gene","CHG","Treatment",97.5,0,0,0
"ncRNA_gene","CHH","Control",2.5,51.625,0,154
"ncRNA_gene","CHH","Control",7.5,1,0,3
"ncRNA_gene","CHH","Control",12.5,0,0,0
"ncRNA_gene","CHH","Control",17.5,0,0,0
"ncRNA_gene","CHH","Control",22.5,0,0,0
"ncRNA_gene","CHH","Control",27.5,0,0,0
"ncRNA_gene","CHH","Control",32.5,0,0,0
"ncRNA_gene","CHH","Control",37.5,0,0,0
"ncRNA_gene","CHH","Control",42.5,0,0,0
"ncRNA_gene","CHH","Control",47.5,0,0,0
"ncRNA_gene","CHH","Control",52.5,0,0,0
"ncRNA_gene","CHH","Control",57.5,0,0,0
"ncRNA_gene","CHH","Control",62.5,0,0,0
"ncRNA_gene","CHH","Control",67.5,0,0,0
"ncRNA_gene","CHH","Control",72.5,0,0,0
"ncRNA_gene","CHH","Control",77.5,0,0,0
"ncRNA_gene","CHH","Control",82.5,0,0,0
"ncRNA_gene","CHH","Control",87.5,0,0,0
"ncRNA_gene","CHH","Control",92.5,0,0,0
"ncRNA_gene","CHH","Control",97.5,0,0,0
"ncRNA_gene","CHH","Treatment",2.5,36.625,0,106
"ncRNA_gene","CHH","Treatment",7.5,0.75,0,4
"ncRNA_gene","CHH","Treatment",12.5,0.125,0,1
"ncRNA_gene","CHH","Treatment",17.5,0,0,0
"ncRNA_gene","CHH","Treatment",22.5,0,0,0
"ncRNA_gene","CHH","Treatment",27.5,0,0,0
"ncRNA_gene","CHH","Treatment",32.5,0,0,0
"ncRNA_gene","CHH","Treatment",37.5,0,0,0
"ncRNA_gene","CHH","Treatment",42.5,0,0,0
"ncRNA_gene","CHH","Treatment",47.5,0,0,0
"ncRNA_gene","CHH","Treatment",52.5,0,0,0
"ncRNA_gene","CHH","Treatment",57.5,0,0,0
"ncRNA_gene","CHH","Treatment",62.5,0,0,0
"ncRNA_gene","CHH","Treatment",67.5,0,0,0
"ncRNA_gene","CHH","Treatment",72.5,0,0,0
"ncRNA_gene","CHH","Treatment",77.5,0,0,0
"ncRNA_gene","CHH","Treatment",82.5,0,0,0
"ncRNA_gene","CHH","Treatment",87.5,0,0,0
"ncRNA_gene","CHH","Treatment",92.5,0,0,0
"ncRNA_gene","CHH","Treatment",97.5,0,0,0
"promoter","CpG","Control",2.5,753.5,0,2641
"promoter","CpG","Control",7.5,23.875,0,70
"promoter","CpG","Control",12.5,7.125,0,26
"promoter","CpG","Control",17.5,9.125,0,24
"promoter","CpG","Control",22.5,4.625,0,14
"promoter","CpG","Control",27.5,4.875,0,17
"promoter","CpG","Control",32.5,2.75,0,10
"promoter","CpG","Control",37.5,4.125,0,16
"promoter","CpG","Control",42.5,1.125,0,5
"promoter","CpG","Control",47.5,3.25,0,9
"promoter","CpG","Control",52.5,1.625,0,6
"promoter","CpG","Control",57.5,2.375,0,8
"promoter","CpG","Control",62.5,1.625,0,6
"promoter","CpG","Control",67.5,2.75,0,8
"promoter","CpG","Control",72.5,1.25,0,4
"promoter","CpG","Control",77.5,2.125,0,7
"promoter","CpG","Control",82.5,2.375,0,7
"promoter","CpG","Control",87.5,2,0,9
"promoter","CpG","Control",92.5,1.75,0,8
"promoter","CpG","Control",97.5,4.25,0,15
"promoter","CpG","Treatment",2.5,503.625,0,1847
"promoter","CpG","Treatment",7.5,19.625,0,76
"promoter","CpG","Treatment",12.5,4.125,0,12
"promoter","CpG","Treatment",17.5,7.625,0,26
"promoter","CpG","Treatment",22.5,3.125,0,8
"promoter","CpG","Treatment",27.5,3.25,0,9
"promoter","CpG","Treatment",32.5,2.625,0,8
"promoter","CpG","Treatment",37.5,3.875,0,10
"promoter","CpG","Treatment",42.5,2.5,0,11
"promoter","CpG","Treatment",47.5,3.625,0,14
"promoter","CpG","Treatment",52.5,2,0,5
"promoter","CpG","Treatment",57.5,1.25,0,4
"promoter","CpG","Treatment",62.5,0.75,0,3
"promoter","CpG","Treatment",67.5,0.75,0,3
"promoter","CpG","Treatment",72.5,0.625,0,3
"promoter","CpG","Treatment",77.5,2.375,0,8
"promoter","CpG","Treatment",82.5,1,0,4
"promoter","CpG","Treatment",87.5,1.625,0,4
"promoter","CpG","Treatment",92.5,1,0,3
"promoter","CpG","Treatment",97.5,3,0,12
"promoter","CHG","Control",2.5,845.25,0,2930
"promoter","CHG","Control",7.5,13.125,0,39
"promoter","CHG","Control",12.5,0.375,0,2
"promoter","CHG","Control",17.5,0.875,0,2
"promoter","CHG","Control",22.5,0,0,0
"promoter","CHG","Control",27.5,0.125,0,1
"promoter","CHG","Control",32.5,0.125,0,1
"promoter","CHG","Control",37.5,0,0,0
"promoter","CHG","Control",42.5,0,0,0
"promoter","CHG","Control",47.5,0,0,0
"promoter","CHG","Control",52.5,0,0,0
"promoter","CHG","Control",57.5,0,0,0
"promoter","CHG","Control",62.5,0,0,0
"promoter","CHG","Control",67.5,0,0,0
"promoter","CHG","Control",72.5,0,0,0
"promoter","CHG","Control",77.5,0,0,0
"promoter","CHG","Control",82.5,0,0,0
"promoter","CHG","Control",87.5,0,0,0
"promoter","CHG","Control",92.5,0,0,0
"promoter","CHG","Control",97.5,0,0,0
"promoter","CHG","Treatment",2.5,579.75,0,2070
"promoter","CHG","Treatment",7.5,13.125,0,58
"promoter","CHG","Treatment",12.5,0.625,0,2
"promoter","CHG","Treatment",17.5,0.25,0,1
"promoter","CHG","Treatment",22.5,0.375,0,3
"promoter","CHG","Treatment",27.5,0.125,0,1
"promoter","CHG","Treatment",32.5,0,0,0
"promoter","CHG","Treatment",37.5,0,0,0
"promoter","CHG","Treatment",42.5,0,0,0
"promoter","CHG","Treatment",47.5,0,0,0
"promoter","CHG","Treatment",52.5,0,0,0
"promoter","CHG","Treatment",57.5,0,0,0
"promoter","CHG","Treatment",62.5,0,0,0
"promoter","CHG","Treatment",67.5,0,0,0
"promoter","CHG","Treatment",72.5,0,0,0
"promoter","CHG","Treatment",77.5,0,0,0
"promoter","CHG","Treatment",82.5,0,0,0
"promoter","CHG","Treatment",87.5,0,0,0
"promoter","CHG","Treatment",92.5,0,0,0
"promoter","CHG","Treatment",97.5,0,0,0
"promoter","CHH","Control",2.5,1115.875,0,3929
"promoter","CHH","Control",7.5,18.125,0,52
"promoter","CHH","Control",12.5,0.75,0,2
"promoter","CHH","Control",17.5,0.875,0,3
"promoter","CHH","Control",22.5,0,0,0
"promoter","CHH","Control",27.5,0.125,0,1
"promoter","CHH","Control",32.5,0,0,0
"promoter","CHH","Control",37.5,0,0,0
"promoter","CHH","Control",42.5,0,0,0
"promoter","CHH","Control",47.5,0,0,0
"promoter","CHH","Control",52.5,0,0,0
"promoter","CHH","Control",57.5,0,0,0
"promoter","CHH","Control",62.5,0,0,0
"promoter","CHH","Control",67.5,0,0,0
"promoter","CHH","Control",72.5,0,0,0
"promoter","CHH","Control",77.5,0,0,0
"promoter","CHH","Control",82.5,0,0,0
"promoter","CHH","Control",87.5,0,0,0
"promoter","CHH","Control",92.5,0,0,0
"promoter","CHH","Control",97.5,0,0,0
"promoter","CHH","Treatment",2.5,758.125,0,2782
"promoter","CHH","Treatment",7.5,18.125,0,75
"promoter","CHH","Treatment",12.5,0.75,0,4
"promoter","CHH","Treatment",17.5,0.625,0,3
"promoter","CHH","Treatment",22.5,0,0,0
"promoter","CHH","Treatment",27.5,0.125,0,1
"promoter","CHH","Treatment",32.5,0,0,0
"promoter","CHH","Treatment",37.5,0.25,0,2
"promoter","CHH","Treatment",42.5,0,0,0
"promoter","CHH","Treatment",47.5,0,0,0
"promoter","CHH","Treatment",52.5,0,0,0
"promoter","CHH","Treatment",57.5,0,0,0
"promoter","CHH","Treatment",62.5,0,0,0
"promoter","CHH","Treatment",67.5,0,0,0
"promoter","CHH","Treatment",72.5,0,0,0
"promoter","CHH","Treatment",77.5,0,0,0
"promoter","CHH","Treatment",82.5,0,0,0
"promoter","CHH","Treatment",87.5,0,0,0
"promoter","CHH","Treatment",92.5,0,0,0
"promoter","CHH","Treatment",97.5,0,0,0
"three_prime_UTR","CpG","Control",2.5,94.5,0,379
"three_prime_UTR","CpG","Control",7.5,3.75,0,19
"three_prime_UTR","CpG","Control",12.5,0.5,0,2
"three_prime_UTR","CpG","Control",17.5,1.125,0,4
"three_prime_UTR","CpG","Control",22.5,0.875,0,3
"three_prime_UTR","CpG","Control",27.5,1.125,0,5
"three_prime_UTR","CpG","Control",32.5,0.5,0,2
"three_prime_UTR","CpG","Control",37.5,1,0,4
"three_prime_UTR","CpG","Control",42.5,0,0,0
"three_prime_UTR","CpG","Control",47.5,1,0,4
"three_prime_UTR","CpG","Control",52.5,0.25,0,1
"three_prime_UTR","CpG","Control",57.5,0.75,0,4
"three_prime_UTR","CpG","Control",62.5,0.375,0,2
"three_prime_UTR","CpG","Control",67.5,1.75,0,5
"three_prime_UTR","CpG","Control",72.5,0.875,0,3
"three_prime_UTR","CpG","Control",77.5,1.375,0,6
"three_prime_UTR","CpG","Control",82.5,0.625,0,2
"three_prime_UTR","CpG","Control",87.5,2.375,0,8
"three_prime_UTR","CpG","Control",92.5,1,0,5
"three_prime_UTR","CpG","Control",97.5,5.25,0,23
"three_prime_UTR","CpG","Treatment",2.5,57.25,0,237
"three_prime_UTR","CpG","Treatment",7.5,2.25,0,5
"three_prime_UTR","CpG","Treatment",12.5,0.75,0,3
"three_prime_UTR","CpG","Treatment",17.5,2.125,0,9
"three_prime_UTR","CpG","Treatment",22.5,0.375,0,1
"three_prime_UTR","CpG","Treatment",27.5,1.625,0,5
"three_prime_UTR","CpG","Treatment",32.5,0.375,0,2
"three_prime_UTR","CpG","Treatment",37.5,0.5,0,4
"three_prime_UTR","CpG","Treatment",42.5,0.125,0,1
"three_prime_UTR","CpG","Treatment",47.5,1.25,0,6
"three_prime_UTR","CpG","Treatment",52.5,0.125,0,1
"three_prime_UTR","CpG","Treatment",57.5,0.5,0,2
"three_prime_UTR","CpG","Treatment",62.5,0.5,0,2
"three_prime_UTR","CpG","Treatment",67.5,0.625,0,2
"three_prime_UTR","CpG","Treatment",72.5,0.125,0,1
"three_prime_UTR","CpG","Treatment",77.5,0,0,0
"three_prime_UTR","CpG","Treatment",82.5,0.625,0,4
"three_prime_UTR","CpG","Treatment",87.5,0.625,0,5
"three_prime_UTR","CpG","Treatment",92.5,0.375,0,2
"three_prime_UTR","CpG","Treatment",97.5,3,0,14
"three_prime_UTR","CHG","Control",2.5,140.375,0,584
"three_prime_UTR","CHG","Control",7.5,2.5,0,8
"three_prime_UTR","CHG","Control",12.5,0,0,0
"three_prime_UTR","CHG","Control",17.5,0,0,0
"three_prime_UTR","CHG","Control",22.5,0,0,0
"three_prime_UTR","CHG","Control",27.5,0.125,0,1
"three_prime_UTR","CHG","Control",32.5,0,0,0
"three_prime_UTR","CHG","Control",37.5,0,0,0
"three_prime_UTR","CHG","Control",42.5,0,0,0
"three_prime_UTR","CHG","Control",47.5,0,0,0
"three_prime_UTR","CHG","Control",52.5,0,0,0
"three_prime_UTR","CHG","Control",57.5,0,0,0
"three_prime_UTR","CHG","Control",62.5,0,0,0
"three_prime_UTR","CHG","Control",67.5,0,0,0
"three_prime_UTR","CHG","Control",72.5,0,0,0
"three_prime_UTR","CHG","Control",77.5,0,0,0
"three_prime_UTR","CHG","Control",82.5,0,0,0
"three_prime_UTR","CHG","Control",87.5,0,0,0
"three_prime_UTR","CHG","Control",92.5,0,0,0
"three_prime_UTR","CHG","Control",97.5,0,0,0
"three_prime_UTR","CHG","Treatment",2.5,85.875,0,365
"three_prime_UTR","CHG","Treatment",7.5,1.25,0,4
"three_prime_UTR","CHG","Treatment",12.5,0.125,0,1
"three_prime_UTR","CHG","Treatment",17.5,0.125,0,1
"three_prime_UTR","CHG","Treatment",22.5,0,0,0
"three_prime_UTR","CHG","Treatment",27.5,0,0,0
"three_prime_UTR","CHG","Treatment",32.5,0,0,0
"three_prime_UTR","CHG","Treatment",37.5,0,0,0
"three_prime_UTR","CHG","Treatment",42.5,0,0,0
"three_prime_UTR","CHG","Treatment",47.5,0,0,0
"three_prime_UTR","CHG","Treatment",52.5,0,0,0
"three_prime_UTR","CHG","Treatment",57.5,0,0,0
"three_prime_UTR","CHG","Treatment",62.5,0,0,0
"three_prime_UTR","CHG","Treatment",67.5,0,0,0
"three_prime_UTR","CHG","Treatment",72.5,0,0,0
"three_prime_UTR","CHG","Treatment",77.5,0,0,0
"three_prime_UTR","CHG","Treatment",82.5,0,0,0
"three_prime_UTR","CHG","Treatment",87.5,0,0,0
"three_prime_UTR","CHG","Treatment",92.5,0,0,0
"three_prime_UTR","CHG","Treatment",97.5,0,0,0
"three_prime_UTR","CHH","Control",2.5,218.5,0,891
"three_prime_UTR","CHH","Control",7.5,3.625,0,17
"three_prime_UTR","CHH","Control",12.5,0,0,0
"three_prime_UTR","CHH","Control",17.5,0.25,0,1
"three_prime_UTR","CHH","Control",22.5,0.125,0,1
"three_prime_UTR","CHH","Control",27.5,0.125,0,1
"three_prime_UTR","CHH","Control",32.5,0,0,0
"three_prime_UTR","CHH","Control",37.5,0,0,0
"three_prime_UTR","CHH","Control",42.5,0,0,0
"three_prime_UTR","CHH","Control",47.5,0,0,0
"three_prime_UTR","CHH","Control",52.5,0,0,0
"three_prime_UTR","CHH","Control",57.5,0,0,0
"three_prime_UTR","CHH","Control",62.5,0,0,0
"three_prime_UTR","CHH","Control",67.5,0,0,0
"three_prime_UTR","CHH","Control",72.5,0,0,0
"three_prime_UTR","CHH","Control",77.5,0,0,0
"three_prime_UTR","CHH","Control",82.5,0,0,0
"three_prime_UTR","CHH","Control",87.5,0,0,0
"three_prime_UTR","CHH","Control",92.5,0,0,0
"three_prime_UTR","CHH","Control",97.5,0,0,0
"three_prime_UTR","CHH","Treatment",2.5,131.375,0,554
"three_prime_UTR","CHH","Treatment",7.5,3.375,0,14
"three_prime_UTR","CHH","Treatment",12.5,0,0,0
"three_prime_UTR","CHH","Treatment",17.5,0.125,0,1
"three_prime_UTR","CHH","Treatment",22.5,0,0,0
"three_prime_UTR","CHH","Treatment",27.5,0,0,0
"three_prime_UTR","CHH","Treatment",32.5,0,0,0
"three_prime_UTR","CHH","Treatment",37.5,0.125,0,1
"three_prime_UTR","CHH","Treatment",42.5,0,0,0
"three_prime_UTR","CHH","Treatment",47.5,0,0,0
"three_prime_UTR","CHH","Treatment",52.5,0,0,0
"three_prime_UTR","CHH","Treatment",57.5,0,0,0
"three_prime_UTR","CHH","Treatment",62.5,0,0,0
"three_prime_UTR","CHH","Treatment",67.5,0,0,0
"three_prime_UTR","CHH","Treatment",72.5,0,0,0
"three_prime_UTR","CHH","Treatment",77.5,0,0,0
"three_prime_UTR","CHH","Treatment",82.5,0,0,0
"three_prime_UTR","CHH","Treatment",87.5,0,0,0
"three_prime_UTR","CHH","Treatment",92.5,0,0,0
"three_prime_UTR","CHH","Treatment",97.5,0,0,0
