"geneID","proteinID","baseMean","log2FoldChange","lfcSE","pvalue","padj"
"utg2338.equina_smart_890756.mrna2","A0A6P8H0Z5",57.8927159724981,5.71481583926879,0.696606871415606,4.10082412231913e-17,1.12046817494126e-12
"evm.utg5414.35","A0A6P8H0Z5",41.3839454565177,4.69670844683935,0.784642218816718,3.43863858168814e-11,4.3680646093534e-07
"evm.utg1140.9","A0A6P8H0R6",19120.0956142168,-1.27929818721184,0.207213231765162,4.79603038760758e-11,4.3680646093534e-07
"evm.utg1925.59","A0A6P8IVD5",636.649713247138,-1.49751345483186,0.28349467725642,3.01232594378764e-09,2.05764454405274e-05
"evm.utg7149.21","A0A6P8IUL1",60.2120156627339,-3.02777122188166,0.956599349351002,2.43200024615512e-08,0.00011074923787616
"evm.utg3790.21","A0A6P8I5H0",17546.7162566776,-1.43741446179411,0.290091943187362,2.11904161114127e-08,0.00011074923787616
"evm.utg16690.14","A0A913WYE0",46.977564827132,1.83850843430279,0.481569627053891,1.34636601242527e-07,0.000459834481968694
"evm.utg203.148","A0A1D7XF02",286.04975407414,1.50731109806142,0.338655201533536,1.29121318130069e-07,0.000459834481968694
"evm.utg868.112","A0A6P8I4D9",38.2666274513602,-1.84895183106884,0.516339161412643,2.24733940368092e-07,0.000619363548892801
"evm.utg27.73","A0A6P8I334",1406.36035182457,1.59629571188328,0.385157120305194,2.2668211722461e-07,0.000619363548892801
"evm.utg4082.39","A0A6P8HD73",17.9276895467163,2.72154973595002,1.20665941472972,3.51177513322018e-07,0.000860070121589841
"evm.utg55.33","A0A6P8HC30",876.042144463156,1.3680059564283,0.315879125748861,3.77734562788789e-07,0.000860070121589841
"evm.utg788.56","A0A6P8IWV2",909.305144644274,-1.37232283598456,0.322152345373201,4.65432800739169e-07,0.000978232339584332
"evm.utg888.2","A0A6P8I8R1",526.746392789697,-1.02808759783981,0.229803247538601,8.40144322617863e-07,0.00163966166620628
"evm.utg26219.16","A0A6P8I117",829.478344513914,1.52064753346253,0.418358593482223,1.13489383996057e-06,0.00200406153548946
"evm.utg5074.9","A0A913YAD9",504.369061808218,1.01203329454143,0.230714244001853,1.17355285173046e-06,0.00200406153548946
"evm.utg1345.50","A0A6P8HC40",739.789757151566,-1.39352042555331,0.380300423541754,1.86590673199982e-06,0.00299895115520183
"evm.utg26517.1","A0A6P8J7F4",301.727982069017,1.52996557772784,0.486433274576607,2.41206127078205e-06,0.00366137500564322
"evm.utg5996.10","A0A6P8J7F4",327.431114201467,1.48274236669732,0.494979623315538,3.61104536256206e-06,0.00506799842941299
"evm.utg479.104","A0A6P8HDS0",156.126989042207,0.972587236516274,0.243171184566109,3.70969397900157e-06,0.00506799842941299
"evm.utg150.65","A0A6P8IQ84",25.1896083982872,1.57928515695734,0.7357853596839,4.89371164725881e-06,0.00636718492085964
"evm.utg5074.11","A0A6P8I0R9",488.709641697239,-1.0221267739072,0.27274921380816,5.58731177939932e-06,0.00693918726129672
"evm.utg736.13","A0A6P8H9S7",54.1121495520046,-1.52153603306789,0.722489239232938,6.35825749053974e-06,0.00723861122558406
"evm.utg788.54","A0A6P8H2V8",395.04422213376,-1.30839489623544,0.417474413277117,6.20185792246341e-06,0.00723861122558406
"utg4155.evm.utg4695.64.mrna2","A0A6P8IQX8",308.543554547769,-1.43884524540782,0.567380488210678,7.0138554922338e-06,0.00750209839205173
"evm.utg3790.36","A0A6P8IL23",61.5101170559983,-1.31236553826817,0.446097513440101,7.8444797349147e-06,0.00750209839205173
"evm.utg788.55","A0A6P8IUB5",254.517774541534,-1.28354187249826,0.424421159180019,7.89102542399565e-06,0.00750209839205173
"evm.utg5074.12","A0A6P8HCY0",595.664966275392,-0.966658349851079,0.267370471814511,8.2199628028806e-06,0.00750209839205173
"evm.utg1919.69","A0A6P8I6K0",152.369664898072,0.889202976237466,0.240020719625514,8.23712446515946e-06,0.00750209839205173
"evm.utg686.60","A0A6P8IL53",356.656254145337,-0.77982878376181,0.201331684373681,7.13992453687819e-06,0.00750209839205173
"evm.utg8792.40","A0A6P8HJ94",5354.77166668274,1.24050611499618,0.408799326177708,9.1125711341802e-06,0.0080317026161034
"evm.utg344.68","A0A6P8I4J0",37.9172018258915,1.2442929320763,0.426764261289859,1.0468599782474e-05,0.00893854849551679
"evm.utg3174.51","A0A6P8HNZ8",142.254266906914,1.17624392944542,0.393838333744969,1.21157010588854e-05,0.0100314333343008
"evm.utg418.5","A0A6P8I4E6",208.852282431268,-0.739692496427072,0.211579376531936,1.50198351280176e-05,0.012070204564789
"evm.utg3470.19","A0A6P8I8T2",533.991721232703,0.847050006842116,0.250518896554136,1.55788036995067e-05,0.0121617043851892
"evm.utg194.25","A0A6P8IEI8",445.985028429212,0.895551282472858,0.27086672385553,1.60534903795427e-05,0.0121841532677846
"evm.utg3522.54","A0A6P8J3G8",1044.46226936683,-1.1404074055985,0.403755474992905,1.67553191695781e-05,0.0123731239370373
"evm.utg3019.11","A0A6P8IHN5",5671.45617331842,-1.12178473362395,0.40959864846799,1.9748996209736e-05,0.0136780053176331
"utg1272.equina_smart_16100.mrna1","NA",58.6515429152472,1.07197614643995,0.376072349932042,2.00241632582558e-05,0.0136780053176331
"evm.utg777.43","A0A6P8H4Z0",2246.40328840047,-0.90962649904899,0.288326789749351,1.96412677889533e-05,0.0136780053176331
"evm.utg203.119","A0A7M5XBH0",46.2344665078354,-1.07888737299716,0.40745962158032,2.51708315566274e-05,0.016774210502969
"evm.utg788.53","A0A6P8HBR5",906.191536675159,-0.912412330993284,0.308847989240865,2.60180354430799e-05,0.0169259710097922
"evm.utg5885.87","A0A6P8H1M9",52.8050469845381,-1.09996075507753,0.452486536198201,2.99530400081224e-05,0.0190327188870216
"evm.utg4155.2","A0A6P8H1X3",128.990034311382,-1.14241076640783,0.638435535902932,3.96984383548233e-05,0.0212682437484086
"evm.utg1420.4","A0A6S7IFQ3",21.303881925706,1.13161067159281,0.581283825393683,3.95011766311538e-05,0.0212682437484086
"evm.utg2487.55","A7SCB3",45.1594181290616,1.12888239185703,0.768345935910275,3.83706837371757e-05,0.0212682437484086
"evm.utg540.62","A0A6P8H6B2",73.6964451265363,1.11574072387357,0.808421953910774,3.75481294101407e-05,0.0212682437484086
"evm.utg27.125","A0A6P8J467",9526.69647768498,1.0930153193623,0.486462955658389,3.6774849060891e-05,0.0212682437484086
"evm.utg1525.20","A0A6P8IVP7",184.539157267069,1.0181285550659,0.418905361540503,3.87728988744588e-05,0.0212682437484086
"evm.utg389.107","A0A6P8IAM4",562.240190994635,0.779993741883474,0.274210958521116,3.81887839075866e-05,0.0212682437484086
"evm.utg7.74","A0A6P8I873",409.57980930835,-0.690020875147808,1.43612412296071,3.52633475169665e-05,0.0212682437484086
"evm.utg3470.16","A0A6P8I8T2",1533.66968601253,0.807923483734721,0.292072281152216,4.08021569563202e-05,0.0214391795099526
"evm.utg1005.68","A0A6P8I1K4",1957.80962350612,0.974821861102972,0.401374132335075,4.39048708617018e-05,0.0224839001625747
"evm.utg1049.13","A0A6P8IMV9",2212.93599031272,-0.888028974833069,0.342896255662293,4.44362115719004e-05,0.0224839001625747
"evm.utg788.82","A0A6P8IU16",57.8904758317618,-1.10341137430643,0.620109632014844,4.76620848619445e-05,0.0228468621874195
"evm.utg1575.18","A0A6P8I5Y6",1390.26243458672,1.02689877309646,0.462884978382002,4.72630798972191e-05,0.0228468621874195
"evm.utg370.56","A0A6P8I1X6",195.044405125881,-1.01307880867736,0.44784118229703,4.72296210628535e-05,0.0228468621874195
"evm.utg324.183","A0A6P8IUU4",278.851867982453,0.951390776981883,0.402436445859116,5.03792687288431e-05,0.0237329786116927
"evm.utg1683.40","A0A6P8GX01",22856.6849392625,0.97122191038083,0.424960256763947,5.21510282085303e-05,0.0241512295549436
"evm.utg992.42","A0A6P8I334",676.518623861263,0.979978648170109,0.443088086493378,5.50443454052828e-05,0.025066277491809
"evm.utg5074.13","A0A6P8I0R9",1626.91867617505,-0.803635525863613,0.322654593711621,5.92961280436937e-05,0.026131421073191
"evm.utg5074.17","A0A6P8HDW7",1118.2008033288,-0.710422285731808,1.03058680482818,5.90737765735763e-05,0.026131421073191
"evm.utg3019.49","A0A6P8H1X3",638.31194920982,-0.806930687206381,0.326322030198182,6.0356908290971e-05,0.0261766953211778
"evm.utg7066.24","NA",2416.81179544818,-1.00193185689783,0.497007111966241,6.20444002655069e-05,0.0264881116946007
"evm.utg181.10","NA",6879.5737943621,1.00186191672135,0.502256886668803,6.32010377569358e-05,0.0265667993020424
"evm.utg280.44","A0A6P8IIM2",1503.38176559372,0.659520993469974,0.259950702956236,6.63862027414622e-05,0.0274828820834087
"evm.utg203.93","A0A6P8IDG2",923.108424241478,0.904047507175878,0.408171012333778,6.75978739581553e-05,0.0275668165695325
"evm.utg23901.3","A0A7M5X6D2",66.84646752982,1.01675393183643,0.636692246540107,7.28879179973443e-05,0.0285904074573656
"utg77.equina_smart_1078796.mrna1","NA",124.450022918024,0.905058678501837,0.42159136954161,7.28285145963192e-05,0.0285904074573656
"evm.utg170.24","A0A6P8I3D5",567.168406241171,0.890387620131287,0.409412447107283,7.32470271205794e-05,0.0285904074573656
"evm.utg4922.1","A0A6P8HZF8",50.0968598669011,1.00338845875012,0.620131675219277,7.74575497866496e-05,0.0293940643447309
"evm.utg3409.15","A0A6P8IK88",283.724727097726,-0.991373524313561,0.559298035975012,7.70776070369472e-05,0.0293940643447309
"evm.utg3722.21","A0A6P8H9W0",253.974413164182,-0.871481359684006,0.405650771256782,7.90967823602289e-05,0.0296049504716237
"evm.utg1239.25","A0A6P8I9L1",113.983560090894,0.989822904696453,0.630466425175618,8.27500258525581e-05,0.0301463860849259
"evm.utg293.6","A0A6P8I6R9",47.4735461095766,0.943900117340597,0.493216319971,8.23623513389704e-05,0.0301463860849259
"evm.utg6432.13.14","A0A6P8I4Q3",20366.6158353116,0.877305800655201,0.423169168719767,8.49519606156015e-05,0.0305413476302642
"evm.utg6459.35","A0A6P8H7G6",151.839961450559,0.976218534187644,0.622101880912009,8.81393693881699e-05,0.0312757401271814
"evm.utg6875.9","A0A6P8ISZ2",39.4768576663027,0.950706762550181,0.673441412742057,9.67247995274509e-05,0.0318411047890185
"evm.utg78.74","A0A6P8J4C4",410.329554721771,0.948713998339874,0.569549400311217,9.64858121754187e-05,0.0318411047890185
"evm.utg1648.11.10","A0A6P8J5J4",352.499191873836,0.854787543452769,0.422042575748699,9.48677172114235e-05,0.0318411047890185
"evm.utg420.20","A0A6P8I2U1",2869.59186231609,0.852634950917346,0.415360341278274,9.24343503888641e-05,0.0318411047890185
"evm.utg170.23","A0A6P8I3D5",440.506258012019,0.851036980510889,0.418718725761691,9.49733191223e-05,0.0318411047890185
"evm.utg15586.1","A0A6P8HDS9",27.5288943016823,-0.740609682820186,0.878035138900491,9.35278807290495e-05,0.0318411047890185
"evm.utg4607.34","A0A6P8HFP2",509.582224789457,0.646793748739233,0.287082431430002,9.93715002813537e-05,0.0319426764963227
"evm.utg8792.67","A0A6P8I750",430.804688305412,0.463538378769214,0.971292404026149,9.88713497396432e-05,0.0319426764963227
"evm.utg234.38","A0A6P8HVN2",846.115320983109,0.830443282258973,0.42817151255745,0.000110997925905998,0.0352650735991812
"evm.utg1127.40","A0A6P8HJU3",1594.86937759523,-0.805595435707748,0.409356587957096,0.000113832885008816,0.0357500680125964
"evm.utg567.16","A0A6P8H1G5",208.681263681797,0.905611745890221,0.592276356846732,0.000121283272335114,0.0365514691771274
"evm.utg26697.9","A0A6P8H657",124.62062473327,0.878409487233776,0.514578355936152,0.000121660007781063,0.0365514691771274
"evm.utg12476.1","A0A6P8HPX7",1344.79232918721,-0.666546084331189,0.31764498482537,0.000120908391707139,0.0365514691771274
"evm.utg3499.5","A0A6P8I911",43.0838436070992,-0.55061713068573,0.877253039573473,0.000121735669403748,0.0365514691771274
"evm.utg78.54","A0A6P8HTM5",3388.07278422174,0.834422051487675,0.454885535255805,0.000123271008630166,0.0366101496608916
"evm.utg104.63","A0A6P8IVL1",186.618096832672,-0.836558722562086,0.461817977553598,0.000125518226841637,0.0368767151827318
"evm.utg245.77","NA",1068.34708128367,0.506158157155927,0.869152102061644,0.000130960676259964,0.0380663676324574
"evm.utg15164.14","A0A6P8HEZ5",69.949183281049,0.880583626305018,0.58103543779147,0.00013521396010072,0.0385282959077092
"evm.utg1112.2","A0A6P8ITH1",121.710313900544,-0.703685587242334,0.35679613759194,0.000136919638449552,0.0385282959077092
"evm.utg3753.61","A0A6P8JCH0",3155.64524172306,0.678083869810475,0.340479699783908,0.000138190279213685,0.0385282959077092
"evm.utg1663.34","A0A6P8IJZ6",454.922397084526,-0.471991725645056,0.229378740887687,0.000136165138808655,0.0385282959077092
"evm.utg801.104","A0A6P8IVM9",17.0907675946877,0.521233645662609,0.838848805856166,0.000149189460075687,0.0411747840166465
"evm.utg97204.12","A0A6P8J8B0",224.862881051844,0.593573059436416,0.30237319387294,0.000156064250372914,0.0426414351293912
"evm.utg411.84","A0A6P8HAX4",702.752252808146,-0.735320367952738,0.404928437715013,0.000158797009798122,0.0429585217694464
"evm.utg1575.19","A0A6P8I5X6",1376.21945857413,0.837852935260046,0.560286734238513,0.000161611028128585,0.0432911580544837
"evm.utg1684.11","A0A6P8IZC3",291.167229230228,-0.489067828167719,0.251341296364374,0.000163357095488766,0.0433340380586365
"evm.utg3365.7","A0A6P8J7N7",76.0495496454731,-0.822211413453432,0.670255010831884,0.000169094516957021,0.0444247066040067
"evm.utg25862.7","A0A6P8J1M8",252.713218618157,-0.818005468909829,0.662857191914288,0.000174238260937965,0.0453401143200763
"utg13368.evm.utg6875.9.mrna5","A0A6P8ISZ2",72.9983917513113,0.814840723797986,0.637140573566244,0.000182325134215805,0.0468888880901994
"evm.utg1278.7","A0A6P8H957",328.054645094338,0.645035737205811,0.354995699439896,0.000183622260573558,0.0468888880901994
"utg10114.evm.utg6875.9.mrna2","A0A6P8ISZ2",68.3771504853599,0.804344413802858,0.640103655420378,0.000190260618716278,0.0476925769283015
"evm.utg13.51","A0A6P8HSE0",399.180490122968,-0.283203137789641,0.817304248042139,0.0001887904764844,0.0476925769283015
"evm.utg2801.36","A0A6P8HT45",62.6524658552764,-0.751550541966359,0.721296039459208,0.000192670179770319,0.0478575211078584
"evm.utg4455.19","A0A6P8HWQ3",39.3504903755923,0.796934142310124,0.574053268430522,0.000198341353039154,0.0482887141288
"evm.utg505.78","NA",26593.3657358455,0.58959626951856,0.328163016392986,0.000200362613803475,0.0482887141288
"evm.utg6117.8","A0A6P8HBJ4",30.97467723839,-0.536994613045851,0.785513716797668,0.000203431452102071,0.0482887141288
"utg55.equina_smart_376502.mrna1","A0A6P8HBX8",467.16150196841,-0.526247663707411,0.788105816022741,0.000200647932013928,0.0482887141288
"utg1345.equina_smart_814569.mrna1","A0A6P8J6W2",978.630776542309,0.447114580583582,0.78683607834842,0.000202765933259418,0.0482887141288
"evm.utg567.14","A0A6P8HBS0",102.91145071618,-0.209572756709609,0.810669391085942,0.000205010095485152,0.0482887141288
"evm.utg116.310","A0A6P8I4R9",52.4959802281681,-0.568425420456434,0.77871181460649,0.000209357563062394,0.048891253808152
"evm.utg1345.2","A0A6S7IFQ3",94.8776954344582,0.783216745403287,0.599058228363121,0.000213225908370869,0.0493716681288235
"evm.utg338.79","A0A6P8J2H6",302.961612733539,0.747244277551095,0.490529991914594,0.000215028675743146,0.0493716681288235
"evm.utg441.10","A0A6P8HLZ0",136.163877367749,0.715841484124176,0.718770052646463,0.000219248663497862,0.0499210936062673
"evm.utg1234.23","A0A6P8IWD7",203.531262087963,0.703507967560594,0.439821751005268,0.000221533778737923,0.0500245242682337
"evm.utg1140.8","A7SLA3",2097.52646516653,-0.723539943277697,0.468888533744349,0.000225019171352684,0.0503950722858146
"evm.utg1575.17","A0A6P8I5Y1",1122.54568755033,0.765648707228602,0.563604817473025,0.000227107449270917,0.0504492425725957
"evm.utg55.197","A0A6P8HNN6",250.60305922168,-0.638118642497244,0.383886210621643,0.00023058155543338,0.0508079019282761
"evm.utg417.48","A0A6P8HTJ6",11885.7709273135,0.723218614404074,0.481878338854525,0.000235336939213627,0.0510326284931265
"evm.utg6078.62","A0A6P8IKA8",790.449911685161,-0.55396068935877,0.323467477114228,0.000233858689883984,0.0510326284931265
"evm.utg34.9","A0A6P8ITT3",71.1685288231496,0.581288189852024,0.756827860433128,0.000240893436225926,0.051826231165362
"evm.utg540.63","A0A6P8H6B2",285.225540882374,0.74828331032626,0.592210474296527,0.000249310235443917,0.0532179965862043
"evm.utg415.3","A0A6P8I5W5",145.625832675594,0.730721120250094,0.644345547531076,0.000257962185322557,0.0538038228211315
"evm.utg1897.43","A0A6P8J3Z7",2360.28355771558,0.487979021188644,0.292325561461832,0.00025649525552313,0.0538038228211315
"evm.utg1931.94","A0A6P8H8R1",1604.64826652281,-0.46755692509787,0.280690835687604,0.000257634119180818,0.0538038228211315
"evm.utg1463.13","A0A6P8INV5",3753.79087181254,0.506701647219889,0.306599924377334,0.000263080321568918,0.0543166198192249
"evm.utg597.162","A0A6P8HSZ4",569.429073551212,0.441567860412369,0.268248343033945,0.00026439667810844,0.0543166198192249
"evm.utg7289.25","A0A6P8INV5",3989.8825951555,0.497792339966594,0.302854547065454,0.000267578518186843,0.0545600586001427
"evm.utg684.2","A0A6P8IDG1",315.951588623051,0.719868793146788,0.544701864643112,0.000274966604120596,0.054621886384513
"evm.utg116.21","A0A6P8HPQ7",177.188733809432,0.708643401153906,0.505988853124069,0.000269929606089144,0.054621886384513
"evm.utg77.92","A0A6P8HMF2",5509.49965469267,-0.614085938888614,0.393280530154611,0.000275878209605929,0.054621886384513
"utg7977.equina_smart_1669401.mrna1","NA",845.804065959192,0.601280404922944,0.380706783581877,0.000273773629467112,0.054621886384513
"evm.utg750.15","A0A913YAB4",17534.3798059933,-0.714880111571304,0.590203032825574,0.000289365083258121,0.0556783251398707
"evm.utg1575.16","A0A6P8I6N5",140.549136290459,0.712602886311751,0.558552335464502,0.000288704640149801,0.0556783251398707
"evm.utg14287.30","NA",1742.30869884512,0.623242893813569,0.409152797025201,0.000286870104249712,0.0556783251398707
"evm.utg1302.6","A0A6P8HNF5",136.203034417042,0.598767658309303,0.385520089666591,0.000285551332324821,0.0556783251398707
"evm.utg858.27","A0A6P8I8F8",45.1270348453012,-0.558096188242662,0.733363539717946,0.000292007798791681,0.0557939096950008
"evm.utg73.35","A0A6P8ITZ2",1030.02188325783,-0.674879411543696,0.481195298185134,0.000297197754882214,0.0562182810194759
"evm.utg162.13","A0A6P8HPE0",81.0957622194288,-0.613574360152975,0.715065891673579,0.000298343913473045,0.0562182810194759
"utg234.equina_smart_1444942.mrna4","A0A0S1M168",16025.16656023,0.492006549116668,0.312795208333267,0.000302227576227658,0.0565600278443033
"evm.utg78.53","A0A6P8I1K4",1591.13709008307,0.691119706976986,0.524572431806394,0.000305104439826784,0.056709990540049
"evm.utg5885.45","A0A6P8HSX7",2082.09601302544,0.658238978222186,0.473600442845459,0.000314903842815826,0.0577457563574284
"evm.utg1581.4","Q9GPI6",208.187582643144,-0.656307927578067,0.678443400660672,0.000312822948536776,0.0577457563574284
"evm.utg2674.34","A0A6P8JFJ6",139.885985726816,-0.210208335424314,0.689055633252608,0.000317954995255147,0.0579165622357092
"evm.utg293.50","A0A6P8I943",18781.5853248239,0.547933656434478,0.363053390370733,0.000324719384822566,0.0587570049768673
"evm.utg47.21","A0A6P8HIA3",118.110628609749,0.667448902576347,0.648163799517959,0.000329296966774907,0.0591932962052025
"evm.utg27.127","A0A6P8JAN4",510.610865302082,0.61686543896872,0.43331359033677,0.000332530753949217,0.0593839071251926
"evm.utg234.132","A7RTS7",33.9832421803918,0.662092865349155,0.649377530470312,0.000335105980168222,0.0594551993255605
"evm.utg1555.33","A0A6P8IKG2",804.601261764142,0.495912198520849,0.330142511636491,0.000341203049096731,0.0601463929707741
"evm.utg1721.53","A0A6P8HDK5",451.383128556127,-0.496978364159274,0.332026817714678,0.000344200502998164,0.0602858355347362
"evm.utg3878.26","A0A6P8IB65",1022.62564098761,-0.522555661557134,0.353686643475323,0.000349996806679514,0.0609105907573526
"evm.utg1925.10","A0A7D9JL00",46.7925335978143,-0.669947615340795,0.576695644042615,0.00035353031993305,0.0610783779221185
"evm.utg54.45","A0A6P8HUM7",23.5542540981569,-0.64409421371507,0.652513384086739,0.00035543176406752,0.0610783779221185
"evm.utg4709.1","A0A6P8IVM9",51.8089889282247,0.64789256233713,0.641055515671245,0.00036104833634904,0.0616557730879052
"utg418.evm.utg6875.9.mrna3","A0A6P8ISZ2",40.2485815138913,0.61612754046499,0.662081982228545,0.000380164107373008,0.0638787779473993
"evm.utg348.3","A0A6P8IZV8",122.130549708578,0.606730143262602,0.454448708132546,0.000381079705941005,0.0638787779473993
"evm.utg262.38","A0A6P8HGR9",491.407764199262,0.490180948644897,0.33938377641107,0.000378615544157529,0.0638787779473993
"evm.utg44408.3","A0A6P8ISG8",3341.40937890847,0.647841058579408,0.586634266165096,0.00038924805614611,0.0643338579146706
"evm.utg8851.71","A0A913X302",150.805796347233,-0.525882418588562,0.37222819440225,0.000388628647003004,0.0643338579146706
"evm.utg512.20","A0A6P8H3W9",2777.68879069342,0.237299341319166,0.650806750649505,0.000390858266436165,0.0643338579146706
"evm.utg203.94","A0A6P8IAL6",161.044251946995,0.635469230546091,0.536630440829279,0.00040390901247816,0.0659690812750106
"evm.utg56.43","A0A6P8HBM0",1146.72285530082,0.618465950463695,0.493934455980327,0.000405621844387578,0.0659690812750106
"evm.utg7127.23","NA",238.330513447698,0.599436035104994,0.470709806012019,0.000417804766833938,0.0674949110817691
"evm.utg5815.2","A0A6P8I1H4",545.054491795373,-0.471718036233325,0.338937386898555,0.000419944181967601,0.0674949110817691
"evm.utg2108.27","A0A6P8HKR7",807.900286379605,0.625584649059661,0.553561134118386,0.000429135604971845,0.0685688428926651
"evm.utg4695.64","A0A6P8IQX8",307.476638397532,-0.320002078837406,0.658107954805138,0.000450244632737067,0.0715234540713656
"evm.utg1972.20","A0A6P8J0A5",398.259333392622,0.494132835596553,0.368927598906626,0.000454370032412464,0.0717615745410737
"evm.utg729.116","A0A6P8HN50",473.34533183292,0.601356274568047,0.550608836761756,0.000479007590639855,0.0752179563163951
"evm.utg262.58","A0A6P8HCT9",94.1630492052737,-0.591310422088876,0.59533869354374,0.000492284020213518,0.0768610073388226
"evm.utg470.31","A0A6P8IUY0",92.4499971093157,0.584404640784799,0.603048810031598,0.00050069284540937,0.0777297194040922
"evm.utg47.12","A0A6P8HB42",567.447481240788,-0.414142313030044,0.667046756792787,0.000517065403581388,0.0798179549268603
"evm.utg1138.19","A0A6P8I010",687.85943760549,0.580224450326235,0.564245609521177,0.000528407807166301,0.0811105984000272
"evm.utg512.60","A0A6P8H9W4",156.609611699875,0.572453596793155,0.53329755012313,0.000541798913662781,0.0821838215032374
"evm.utg2108.34","A0A6P8HDV3",772.936199099465,0.564672366623484,0.505047131077621,0.000541355871443388,0.0821838215032374
"evm.utg3799.20","NA",16789.5587090351,-0.467995140505094,0.373762208289814,0.0005444230755073,0.0821838215032374
"evm.utg73.95","A0A6P8HZ05",371.392198226949,-0.545700608884195,0.620245676052598,0.000557244210979784,0.0828605812698456
"evm.utg2216.44","A0A913XEX9",162.368777456295,0.540951384136225,0.623286659237707,0.000561036765176643,0.0828605812698456
"evm.utg112.47","A0A3M6UYN4",698.125618053887,0.475267902820426,0.385597828094746,0.000559875448522975,0.0828605812698456
"evm.utg890.35","A0A6P8I5K6",262.921261302552,-0.409320000048774,0.326132024425068,0.000557497211236734,0.0828605812698456
"evm.utg514.1","A0A6P8I8T2",526.111311021562,0.519957813593506,0.446575388736446,0.000580550526714872,0.0844559795616901
"evm.utg418.25","A0A6P8J9H6",26.3414202511863,0.480730077943394,0.649652135685559,0.000581112035925694,0.0844559795616901
"evm.utg30988.9","A0A6P8H108",42.0805085157707,-0.166827920142356,0.569501190398635,0.000580569610962125,0.0844559795616901
"evm.utg92.78","A0A6P8HWY9",103.030163901876,-0.554140723716146,0.54964726757572,0.000595087806714143,0.085381034291737
"utg777.equina_smart_1473457.mrna2","A0A0S1M1A7",1024.0107218154,0.554022058498923,0.539882832143592,0.00059367241095072,0.085381034291737
"evm.utg498.104","A0A6P8HXU0",370.754884653669,-0.543687957801417,0.50145977213639,0.000596851646953913,0.085381034291737
"evm.utg715.28","A7RXV4",112.129003325598,-0.546831199975804,0.552354182736853,0.000615359508068885,0.0862229119946982
"evm.utg2757.68","A0A6P8IPW8",82.4601034324994,0.544481112377652,0.578761216177851,0.000611492010458345,0.0862229119946982
"evm.utg16223.13","A0A6P8IE25",37.2940852596662,-0.516852423429366,0.621514890993106,0.000611574460208039,0.0862229119946982
"evm.utg710.35","A0A6P8IS03",567.816756088101,0.501206889073584,0.434874921638139,0.000614443435733971,0.0862229119946982
"evm.utg379.32","A0A6P8IIS0",1659.49705957725,-0.376155880062369,0.31575683615392,0.000638582879707349,0.0890204082767545
"evm.utg2932.11","A0A6P8HYV2",310.201201972218,-0.0976631369301678,0.517631083994995,0.000704852824147645,0.0977598665694726
"utg1002.equina_smart_263049.mrna1","A0A6P8I381",1420.31677707538,-0.477578313168891,0.43971223152157,0.000713527077360551,0.0984631330036482
"evm.utg4455.12","A0A6P8HYV8",49.9681186139367,-0.506484593689187,0.509584720761243,0.000727904247770522,0.0993293126629099
"evm.utg479.142","A0A6P8IYA5",24.678216341996,0.481158052032495,0.604924316351079,0.000729838826434717,0.0993293126629099
"evm.utg5390.2","A0A6P8I048",57.5340202077769,0.480955684945388,0.600768939978581,0.000741616212832911,0.0993293126629099
"evm.utg112.49","A0A3M6UYN4",64.1372114196074,0.479221300968477,0.450978304848548,0.000735615234762684,0.0993293126629099
"evm.utg162.16","A0A6P8HFF2",327.580490272369,-0.368678717277005,0.327260111616771,0.000739689632283618,0.0993293126629099
"evm.utg729.58","A0A6P8I8H1",26.5365318307808,0.247612307712542,0.581368868092317,0.000732362297994522,0.0993293126629099
"evm.utg4157.34","A0A6P8HEU1",54.5009439278946,0.500665061992315,0.529257610412318,0.000760801041240219,0.0995293048307874
"evm.utg1278.28","A0A6P8HDH3",30.2987618518846,0.497994106647854,0.568007848722014,0.000754298170387944,0.0995293048307874
"evm.utg92.24","A0A6P8H2I8",78.7198089466225,0.490549609879569,0.491928594553533,0.000768608253826306,0.0995293048307874
"evm.utg12889.15","A0A6P8J2T0",55.9992740581737,0.423700433203231,0.623161099085687,0.000753673715371665,0.0995293048307874
"evm.utg379.20","A0A7D9EF48",451.038846923989,0.411969648234784,0.373778531501811,0.00076618838882864,0.0995293048307874
"evm.utg1663.12","A0A6P8HQX7",4066.35187872564,-0.393016998709385,0.354298872428469,0.00076475825064427,0.0995293048307874
"evm.utg1972.86","A0A6P8HXD4",298.046037138449,-0.325761208325359,0.292208166795605,0.000747320172356563,0.0995293048307874
"evm.utg2099.78","A0A6P8H9N4",116.702846059359,19.2189772970699,3.06071073829654,1.37110402394494e-10,4.01239881567249e-06
"evm.utg178.50","A0A6P8HG67",79.5104976852577,1.9434775744597,0.520584444223154,2.40556413266331e-07,0.00351982143891295
"evm.utg3013.18","A7RGG2",24.5348746768615,2.7039871227682,0.990894085988597,4.12419216821208e-07,0.00402301198701861
"evm.utg715.41","A0A6P8I8G8",122.420021998123,1.33753924348925,0.822278688276623,3.10350681213818e-06,0.0227052558376029
"evm.utg3872.21","A0A6P8JA94",81.7131062488143,1.45167689520581,1.24725237867243,5.55907880351793e-06,0.0271134803510248
"evm.utg107.37","A0A6P8HA37",173.16033082398,0.872838625431901,0.673433982716694,5.12051434117743e-06,0.0271134803510248
"evm.utg1205.143.145","A0A6P8HHT4",390.301021520381,0.830171541309914,0.854497907569396,1.05502275190046e-05,0.0396395449581
"evm.utg82.23","A0A6P8JEN2",547.971290180672,0.813540636550204,0.84733954473186,1.08363982936304e-05,0.0396395449581
"evm.utg1432.30","A0A6P8HZZ6",27.9129211849943,0.723697548171792,0.913553998850875,1.67443437533385e-05,0.0544451639552997
"evm.utg1051.74","A0A6S7I928",163.239354301034,0.748758779142224,1.02339228634962,1.90137904123212e-05,0.0556419562626168
"evm.utg4567.7","A0A913YE80",42.1564850718026,0.483774052933483,1.0247968664574,3.99452967392176e-05,0.0974132636480385
"evm.utg92.58","A0A6P8I9T6",35.5564495715471,0.463210903146694,0.858013824660446,3.88661830059108e-05,0.0974132636480385
