"Experiment","ID","Description_QuickGO","GeneRatio","BgRatio","p.adjust","qvalue","geneID","log2FoldChange"
"Acute","GO:2000781","positive regulation of double-strand break repair",0.022,1e-04,0.001,6e-04,"evm.utg1463.13/evm.utg7289.25","0.5067/0.4978"
"Acute","GO:0043490","malate-aspartate shuttle",0.022,3e-04,0.0093,0.0052,"evm.utg27.73/evm.utg992.42","1.5963/0.98"
"Acute","GO:0048538","thymus development",0.022,3e-04,0.0093,0.0052,"evm.utg78.53/evm.utg1005.68","0.6911/0.9748"
"Acute","GO:0032956","regulation of actin cytoskeleton organization",0.022,4e-04,0.0164,0.009,"evm.utg801.104/evm.utg4709.1","0.5212/0.6479"
"Acute","GO:0006596","polyamine biosynthetic process",0.022,5e-04,0.018,0.0099,"evm.utg78.54/evm.utg3753.61","0.8344/0.6781"
"Acute","GO:0005313","L-glutamate transmembrane transporter activity",0.0163,2e-04,0.0306,0.0194,"evm.utg27.73/evm.utg992.42","1.5963/0.98"
"Acute","GO:1990837","sequence-specific double-stranded DNA binding",0.0325,0.0032,0.0312,0.0198,"evm.utg78.53/evm.utg1005.68/evm.utg5885.87/evm.utg97204.12","0.6911/0.9748/-1.1/0.5936"
"Acute","GO:0010114","response to red light",0.011,0,0.0325,0.0179,"evm.utg788.82","-1.1034"
"Acute","GO:0021978","telencephalon regionalization",0.011,0,0.0325,0.0179,"evm.utg777.43","-0.9096"
"Acute","GO:0035567","non-canonical Wnt signaling pathway",0.022,8e-04,0.0325,0.0179,"evm.utg801.104/evm.utg4709.1","0.5212/0.6479"
"Acute","GO:0048869","cellular developmental process",0.011,0,0.0325,0.0179,"evm.utg150.65","1.5793"
"Acute","GO:1903302","regulation of pyruvate kinase activity",0.011,0,0.0325,0.0179,"evm.utg788.82","-1.1034"
"Acute","GO:0015229","L-ascorbic acid transmembrane transporter activity",0.0163,4e-04,0.0376,0.0239,"evm.utg170.23/evm.utg170.24","0.851/0.8904"
"Acute","GO:0050982","detection of mechanical stimulus",0.022,0.0011,0.0403,0.0223,"evm.utg55.197/evm.utg498.104","-0.6381/-0.5437"
"Acute","GO:0006091","generation of precursor metabolites and energy",0.011,1e-04,0.0432,0.0239,"evm.utg1581.4","-0.6563"
"Acute","GO:0006941","striated muscle contraction",0.011,1e-04,0.0432,0.0239,"evm.utg729.116","0.6014"
"Acute","GO:0007476","imaginal disc-derived wing morphogenesis",0.011,1e-04,0.0432,0.0239,"evm.utg3409.15","-0.9914"
"Acute","GO:0010759","positive regulation of macrophage chemotaxis",0.011,1e-04,0.0432,0.0239,"evm.utg1663.12","-0.393"
"Acute","GO:0008083","growth factor activity",0.0244,0.0021,0.0484,0.0307,"evm.utg55.33/evm.utg1663.12/evm.utg3722.21","1.368/-0.393/-0.8715"
"Acute","GO:0060395","SMAD protein signal transduction",0.022,0.0015,0.0502,0.0277,"evm.utg1663.12/evm.utg3722.21","-0.393/-0.8715"
"Acute","GO:0009432","SOS response",0.011,1e-04,0.0571,0.0315,"evm.utg112.49","0.4792"
"Acute","GO:0010940","obsolete positive regulation of necrotic cell death",0.011,1e-04,0.0616,0.034,"evm.utg47.12","-0.4141"
"Acute","GO:0030878","thyroid gland development",0.011,1e-04,0.0616,0.034,"evm.utg777.43","-0.9096"
"Acute","GO:0046548","retinal rod cell development",0.011,1e-04,0.0616,0.034,"evm.utg78.53","0.6911"
"Acute","GO:0097352","autophagosome maturation",0.011,1e-04,0.0616,0.034,"evm.utg3409.15","-0.9914"
"Acute","GO:0006559","L-phenylalanine catabolic process",0.011,2e-04,0.0621,0.0343,"evm.utg26697.9","0.8784"
"Acute","GO:0008218","bioluminescence",0.033,0.0054,0.0621,0.0343,"evm.utg203.148/evm.utg512.20/evm.utg1581.4","1.5073/0.2373/-0.6563"
"Acute","GO:0010033","obsolete response to organic substance",0.011,2e-04,0.0621,0.0343,"evm.utg12476.1","-0.6665"
"Acute","GO:0018126","protein hydroxylation",0.011,2e-04,0.0621,0.0343,"evm.utg788.82","-1.1034"
"Acute","GO:0033387","putrescine biosynthetic process from arginine, via ornithine",0.011,2e-04,0.0621,0.0343,"evm.utg3753.61","0.6781"
"Acute","GO:0005992","trehalose biosynthetic process",0.011,2e-04,0.0751,0.0414,"evm.utg280.44","0.6595"
"Acute","GO:0032474","otolith morphogenesis",0.011,2e-04,0.0751,0.0414,"evm.utg1931.94","-0.4676"
"Acute","GO:0048536","spleen development",0.011,2e-04,0.0751,0.0414,"evm.utg5885.87","-1.1"
"Acute","GO:0070413","obsolete trehalose metabolism in response to stress",0.011,2e-04,0.0751,0.0414,"evm.utg280.44","0.6595"
"Acute","GO:0000978","RNA polymerase II cis-regulatory region sequence-specific DNA binding",0.0488,0.0133,0.0777,0.0493,"evm.utg78.53/evm.utg777.43/evm.utg1005.68/evm.utg2108.34/evm.utg5885.87/evm.utg25862.7","0.6911/-0.9096/0.9748/0.5647/-1.1/-0.818"
"Acute","GO:0001227","DNA-binding transcription repressor activity, RNA polymerase II-specific",0.0081,2e-04,0.0777,0.0493,"evm.utg150.65","1.5793"
"Acute","GO:0004104","cholinesterase activity",0.0163,0.0014,0.0777,0.0493,"evm.utg4455.12/evm.utg4455.19","-0.5065/0.7969"
"Acute","GO:0004586","ornithine decarboxylase activity",0.0081,1e-04,0.0777,0.0493,"evm.utg3753.61","0.6781"
"Acute","GO:0004715","non-membrane spanning protein tyrosine kinase activity",0.0163,0.0016,0.0777,0.0493,"evm.utg73.95/evm.utg1239.25","-0.5457/0.9898"
"Acute","GO:0004805","trehalose-phosphatase activity",0.0081,1e-04,0.0777,0.0493,"evm.utg280.44","0.6595"
"Acute","GO:0004838","L-tyrosine:2-oxoglutarate transaminase activity",0.0081,1e-04,0.0777,0.0493,"evm.utg26697.9","0.8784"
"Acute","GO:0005160","transforming growth factor beta receptor binding",0.0081,1e-04,0.0777,0.0493,"evm.utg3722.21","-0.8715"
"Acute","GO:0008836","diaminopimelate decarboxylase activity",0.0081,1e-04,0.0777,0.0493,"evm.utg78.54","0.8344"
"Acute","GO:0009381","excinuclease ABC activity",0.0081,1e-04,0.0777,0.0493,"evm.utg112.49","0.4792"
"Acute","GO:0015293","symporter activity",0.0244,0.0046,0.0777,0.0493,"evm.utg27.125/evm.utg27.127/evm.utg1925.10","1.093/0.6169/-0.6699"
"Acute","GO:0017147","Wnt-protein binding",0.0163,0.0018,0.0777,0.0493,"evm.utg801.104/evm.utg4709.1","0.5212/0.6479"
"Acute","GO:0019148","D-cysteine desulfhydrase activity",0.0081,2e-04,0.0777,0.0493,"evm.utg1683.40","0.9712"
"Acute","GO:0030246","carbohydrate binding",0.0325,0.0063,0.0777,0.0493,"evm.utg203.93/evm.utg203.94/evm.utg684.2/evm.utg1575.19","0.904/0.6355/0.7199/0.8379"
"Acute","GO:0031433","telethonin binding",0.0081,1e-04,0.0777,0.0493,"evm.utg729.116","0.6014"
"Acute","GO:0032093","SAM domain binding",0.0081,1e-04,0.0777,0.0493,"evm.utg12476.1","-0.6665"
"Acute","GO:0042277","peptide binding",0.0244,0.004,0.0777,0.0493,"evm.utg234.132/evm.utg324.183/evm.utg4607.34","0.6621/0.9514/0.6468"
"Acute","GO:0042803","protein homodimerization activity",0.0325,0.0081,0.0777,0.0493,"evm.utg1663.12/evm.utg3722.21/evm.utg3753.61/evm.utg12476.1","-0.393/-0.8715/0.6781/-0.6665"
"Acute","GO:0046983","protein dimerization activity",0.0407,0.01,0.0777,0.0493,"evm.utg27.73/utg418.evm.utg6875.9.mrna3/evm.utg992.42/utg10114.evm.utg6875.9.mrna2/utg13368.evm.utg6875.9.mrna5","1.5963/0.6161/0.98/0.8043/0.8148"
"Acute","GO:0072572","poly-ADP-D-ribose binding",0.0081,1e-04,0.0777,0.0493,"evm.utg2108.27","0.6256"
"Acute","GO:0009089","obsolete L-lysine biosynthetic process via diaminopimelate",0.011,3e-04,0.0779,0.043,"evm.utg78.54","0.8344"
"Acute","GO:0021517","ventral spinal cord development",0.011,3e-04,0.0779,0.043,"evm.utg97204.12","0.5936"
"Acute","GO:0042908","xenobiotic transport",0.011,3e-04,0.0779,0.043,"evm.utg4157.34","0.5007"
"Acute","GO:1901031","regulation of response to reactive oxygen species",0.011,3e-04,0.0849,0.0469,"evm.utg1555.33","0.4959"
"Acute","GO:0000012","single strand break repair",0.011,3e-04,0.0865,0.0478,"evm.utg2108.27","0.6256"
"Acute","GO:0001655","urogenital system development",0.011,3e-04,0.0865,0.0478,"evm.utg97204.12","0.5936"
"Acute","GO:0005991","trehalose metabolic process",0.011,3e-04,0.0865,0.0478,"evm.utg280.44","0.6595"
"Acute","GO:0003825","alpha,alpha-trehalose-phosphate synthase (UDP-forming) activity",0.0081,2e-04,0.0869,0.0551,"evm.utg280.44","0.6595"
"Acute","GO:0004573","Glc3Man9GlcNAc2 oligosaccharide glucosidase activity",0.0081,2e-04,0.0885,0.0561,"evm.utg1972.86","-0.3258"
"Acute","GO:0008597","calcium-dependent protein serine/threonine phosphatase regulator activity",0.0081,2e-04,0.0885,0.0561,"evm.utg3790.36","-1.3124"
"Acute","GO:0016830","carbon-carbon lyase activity",0.0081,2e-04,0.0885,0.0561,"evm.utg3753.61","0.6781"
"Acute","GO:0032526","response to retinoic acid",0.011,4e-04,0.0926,0.0511,"evm.utg97204.12","0.5936"
"Acute","GO:0001786","phosphatidylserine binding",0.0081,3e-04,0.0927,0.0588,"evm.utg788.82","-1.1034"
"Acute","GO:0004869","cysteine-type endopeptidase inhibitor activity",0.0081,3e-04,0.0927,0.0588,"evm.utg868.112","-1.849"
"Acute","GO:0006396","RNA processing",0.022,0.0033,0.0958,0.0529,"evm.utg1463.13/evm.utg7289.25","0.5067/0.4978"
"Acute","GO:0009134","nucleoside diphosphate catabolic process",0.011,4e-04,0.0958,0.0529,"evm.utg348.3","0.6067"
"Acute","GO:0006572","L-tyrosine catabolic process",0.011,5e-04,0.0964,0.0532,"evm.utg26697.9","0.8784"
"Acute","GO:0006855","xenobiotic transmembrane transport",0.011,5e-04,0.0964,0.0532,"evm.utg4157.34","0.5007"
"Acute","GO:1990961","xenobiotic detoxification by transmembrane export across the plasma membrane",0.011,5e-04,0.0964,0.0532,"evm.utg4157.34","0.5007"
"Acute","GO:0009311","oligosaccharide metabolic process",0.011,5e-04,0.099,0.0546,"evm.utg1972.86","-0.3258"
"Acute","GO:0046416","D-amino acid metabolic process",0.011,5e-04,0.099,0.0546,"evm.utg1972.20","0.4941"
"Acute","GO:0007205","obsolete protein kinase C-activating G protein-coupled receptor signaling pathway",0.011,5e-04,0.0993,0.0548,"evm.utg12476.1","-0.6665"
"Acute","GO:0042147","retrograde transport, endosome to Golgi",0.022,0.0037,0.0993,0.0548,"evm.utg1345.2/evm.utg1420.4","0.7832/1.1316"
"Acute","GO:0050882","voluntary musculoskeletal movement",0.011,5e-04,0.0993,0.0548,"evm.utg2108.27","0.6256"
"Acute","GO:0004143","ATP-dependent diacylglycerol kinase activity",0.0081,3e-04,0.0996,0.0631,"evm.utg12476.1","-0.6665"
"Acute","GO:0003884","D-amino-acid oxidase activity",0.0081,3e-04,0.0997,0.0632,"evm.utg1972.20","0.4941"
"Acute","GO:0008061","chitin binding",0.0163,0.0025,0.0997,0.0632,"evm.utg888.2/evm.utg3522.54","-1.0281/-1.1404"
"Acute","GO:0016684","oxidoreductase activity, acting on peroxide as acceptor",0.0081,3e-04,0.0997,0.0632,"evm.utg1555.33","0.4959"
"Primed","GO:0009755","hormone-mediated signaling pathway",0.5,0.0015,0.0058,NA,"evm.utg3013.18","2.704"
"Primed","GO:0016500","protein-hormone receptor activity",0.2,8e-04,0.0078,NA,"evm.utg3013.18","2.704"
"Primed","GO:0000209","protein polyubiquitination",0.5,0.0053,0.0106,NA,"evm.utg92.58","0.4632"
"Primed","GO:0030414","peptidase inhibitor activity",0.2,0.0031,0.0153,NA,"evm.utg3872.21","1.4517"
