"ID","Description","GeneRatio","BgRatio","RichFactor","FoldEnrichment","zScore","pvalue","p.adjust","qvalue","geneID","Count","GO","contrast"
"GO:0007156","homophilic cell adhesion via plasma membrane adhesion molecules",0.5,0.00828651685393259,0.00564971751412429,60.3389830508475,7.67110917774825,0.0165047520951357,0.0330095041902714,NA,"evm.utg376.57",1,"biological_processes","diesel_only"
"GO:0016567","protein ubiquitination",0.5,0.0184925093632959,0.00253164556962025,27.0379746835443,5.05456143471597,0.0366438956080405,0.0366438956080405,NA,"evm.utg5059.68",1,"biological_processes","diesel_only"
"GO:0006631","fatty acid metabolic process",0.0105740181268882,0.000842696629213483,0.388888888888889,12.5478348439074,8.76545612128795,6.28704657206722e-07,0.000325669012433082,0.000292513114195127,"evm.utg52.56/evm.utg109.63/evm.utg924.60/evm.utg2929.12/evm.utg4856.10/evm.utg6477.1/evm.utg7289.49",7,"biological_processes","diesel_added"
"GO:0071539","protein localization to centrosome",0.00755287009063444,0.000702247191011236,0.333333333333333,10.7552870090634,6.75916210859632,6.53193839185954e-05,0.0169177204349162,0.0151953514168522,"evm.utg172.38/evm.utg338.46/evm.utg338.47/evm.utg4172.3/evm.utg9769.13",5,"biological_processes","diesel_added"
"GO:0007015","actin filament organization",0.0105740181268882,0.00173220973782772,0.189189189189189,6.1043520862252,5.55741198368421,0.000121826763603131,0.0210354211821406,0.018893834916696,"evm.utg622.89/evm.utg801.66/evm.utg1972.74/evm.utg2757.30/evm.utg12382.26/evm.utg13994.14/evm.utg21228.2",7,"biological_processes","diesel_added"
"GO:0034755","iron ion transmembrane transport",0.00392772977219167,0.000795880149812734,0.588235294117647,4.93507693729495,5.97075215613662,4.99325130137039e-06,0.00653616595349384,0.00613381501968341,"evm.utg126.34/evm.utg203.11/evm.utg221.1/evm.utg1109.13/evm.utg1109.14/evm.utg2969.37/utg3013.equina_smart_858792.mrna1/evm.utg4898.16/evm.utg7938.1/evm.utg36717.8",10,"biological_processes","salinity_only"
"GO:0030178","negative regulation of Wnt signaling pathway",0.00392772977219167,0.000936329588014981,0.5,4.19481539670071,5.25826714701306,3.37693447279614e-05,0.0221020361244507,0.0207414869987005,"evm.utg145.77/evm.utg207.14/evm.utg324.18/evm.utg324.199/evm.utg2200.45/evm.utg2814.19/evm.utg3470.1/evm.utg3872.40/utg3872.equina_smart_1074056.mrna2/evm.utg4177.54",10,"biological_processes","salinity_only"
"GO:0030414","peptidase inhibitor activity",0.00823257010547981,0.00319378776967154,0.313725490196078,2.57768226920303,5.94084608484892,2.47488106835369e-07,0.000111603208016661,0.000103726905058547,"evm.utg8.10/evm.utg52.99/evm.utg104.63/evm.utg334.78/utg334.equina_smart_1340223.mrna2/evm.utg379.46/evm.utg413.23/evm.utg413.26/evm.utg544.11/evm.utg544.14/evm.utg580.6/evm.utg580.26/evm.utg616.126/evm.utg616.127/evm.utg738.8/evm.utg912.49/evm.utg1609.5/evm.utg1800.5/evm.utg1819.3/evm.utg2858.29/evm.utg5073.2/evm.utg5689.7/evm.utg5689.8/evm.utg8615.4/evm.utg9740.7/evm.utg14703.2/evm.utg15552.12/evm.utg19074.8/utg19074.equina_smart_1694011.mrna2/evm.utg20736.15/evm.utg32458.10/evm.utg37512.1",32,"molecular_functions","salinity_only"
"GO:0015252","proton channel activity",0.0023154103421662,0.000344428092807715,0.818181818181818,6.72247819070562,7.06625541752089,2.5364365458332e-07,0.000111603208016661,0.000103726905058547,"evm.utg432.26/evm.utg432.27/evm.utg432.28/evm.utg432.29/evm.utg4082.49/evm.utg4290.26/evm.utg4290.29/evm.utg9401.4/evm.utg20090.4",9,"molecular_functions","salinity_only"
"GO:0016491","oxidoreductase activity",0.0228968356058657,0.0139336819363121,0.2,1.64327244661693,5.08693198625762,1.47728977391594e-06,0.00043333833368201,0.000402755843625505,"evm.utg4.53/evm.utg78.33/evm.utg101.99/evm.utg116.1/evm.utg116.119/evm.utg116.121/evm.utg160.25/evm.utg172.138/evm.utg194.22/evm.utg239.19/evm.utg243.6/evm.utg301.18/evm.utg307.15/evm.utg324.97/evm.utg348.6/evm.utg356.157/evm.utg411.144/evm.utg413.52/evm.utg415.26/evm.utg438.23/evm.utg467.6/evm.utg470.94/evm.utg479.117/evm.utg498.7/evm.utg526.25/evm.utg532.16/evm.utg597.25/utg700.equina_smart_1421472.mrna1/utg700.equina_smart_1421475.mrna1/evm.utg729.130/evm.utg788.37/evm.utg790.58/evm.utg801.94/evm.utg844.8/evm.utg868.107/evm.utg868.108/evm.utg989.21/evm.utg992.14/evm.utg1005.73/evm.utg1221.19/evm.utg1243.2/evm.utg1355.25/evm.utg1396.13/evm.utg1455.33/evm.utg1455.34/evm.utg1708.37/evm.utg1910.39/evm.utg1910.64/evm.utg1972.1/evm.utg2007.16/evm.utg2417.41/evm.utg2674.7/evm.utg3019.11/evm.utg3019.12/evm.utg3158.43/evm.utg3201.13/evm.utg3380.9/evm.utg3499.4/evm.utg3499.7/evm.utg3499.9/evm.utg3499.10/evm.utg3550.12/evm.utg3753.16/evm.utg3839.96/evm.utg4155.26/evm.utg4155.27/evm.utg4326.30/evm.utg4709.19/evm.utg4709.26/evm.utg4907.69/evm.utg5578.4/evm.utg6806.23/evm.utg6958.34/evm.utg7680.15/evm.utg7931.6/evm.utg7931.7/evm.utg7931.8/utg7950.equina_smart_1791395.mrna2/evm.utg9668.1/evm.utg9668.2/evm.utg14876.8/evm.utg20618.1/evm.utg21766.5/evm.utg27651.3/evm.utg32107.9/evm.utg53426.4/evm.utg97204.6/evm.utg139908.2/evm.utg139908.3",89,"molecular_functions","salinity_only"
"GO:0000981","DNA-binding transcription factor activity, RNA polymerase II-specific",0.0141497298687934,0.00845414409618937,0.203703703703704,1.67370341785057,4.13836001263617,8.23623977166367e-05,0.0181197274976601,0.0168409429015333,"evm.utg86.58/evm.utg92.89/evm.utg109.23/evm.utg109.26/evm.utg109.42/evm.utg116.210/evm.utg194.35/evm.utg207.64/evm.utg207.76/evm.utg207.80/evm.utg209.38/evm.utg219.26/evm.utg256.12/evm.utg356.130/evm.utg356.131/evm.utg377.30/evm.utg431.3/evm.utg470.38/evm.utg470.49/evm.utg505.42/evm.utg526.19/evm.utg564.44/evm.utg564.47/evm.utg736.39/evm.utg857.16/evm.utg857.24/evm.utg1056.142/evm.utg1204.32/evm.utg1683.61/evm.utg2129.25/evm.utg2129.44/evm.utg2216.22/evm.utg2216.24/evm.utg2298.24/evm.utg2585.8/evm.utg2757.11/evm.utg2757.33/evm.utg2801.42/evm.utg3260.1/evm.utg3283.23/evm.utg3283.25/evm.utg3839.101/evm.utg3839.103/evm.utg4082.36/evm.utg4082.39/evm.utg5513.3/evm.utg5885.86/evm.utg7066.7/evm.utg7289.31/evm.utg7595.8/evm.utg8494.50/evm.utg10541.30/evm.utg15506.3/evm.utg25862.7/evm.utg44416.1",55,"molecular_functions","salinity_only"
"GO:0016836","hydro-lyase activity",0.00102907126318498,0.000125246579202806,1,8.21636223308464,5.37290989558134,0.000219125389927305,0.0385660686272056,0.0358443006260033,"evm.utg48.6/evm.utg48.7/evm.utg4468.34/evm.utg4468.36",4,"molecular_functions","salinity_only"
"GO:0030414","peptidase inhibitor activity",0.00710441334768568,0.00319378776967154,0.323529411764706,2.22444754004939,5.10979267601866,4.280286216564e-06,0.00402346904357016,0.0038522575949076,"evm.utg8.10/evm.utg52.99/evm.utg104.63/evm.utg104.64/evm.utg334.78/utg334.equina_smart_1340223.mrna2/evm.utg413.23/evm.utg413.26/evm.utg470.31/evm.utg532.10/evm.utg544.11/utg544.equina_smart_1559235utrorf.mrna1/evm.utg544.14/evm.utg580.6/evm.utg580.26/evm.utg616.126/evm.utg912.49/evm.utg1290.2/evm.utg1290.3/evm.utg1609.5/evm.utg2100.31/evm.utg2417.38/evm.utg4207.23/evm.utg5073.2/evm.utg5689.7/evm.utg5689.8/evm.utg14703.2/evm.utg15552.12/evm.utg19074.8/utg19074.equina_smart_1694011.mrna2/evm.utg20618.10/evm.utg20736.15/evm.utg37512.1",33,"molecular_functions","salinity_added"
"GO:0000981","DNA-binding transcription factor activity, RNA polymerase II-specific",0.0139935414424112,0.00845414409618937,0.240740740740741,1.65522864091217,4.46053274058785,2.16357494911904e-05,0.0101688022608595,0.0097360872710357,"evm.utg86.58/evm.utg92.89/evm.utg92.154.157/evm.utg109.23/evm.utg109.42/evm.utg116.210/evm.utg194.31/evm.utg194.35/evm.utg207.61/evm.utg207.64/evm.utg207.80/evm.utg214.63/evm.utg219.28/evm.utg256.12/evm.utg377.28/evm.utg377.30/evm.utg401.67/evm.utg411.41/evm.utg464.224/evm.utg470.38/evm.utg470.49/evm.utg479.64/evm.utg505.42/evm.utg526.16/evm.utg526.19/evm.utg564.25/evm.utg564.44/evm.utg564.47/evm.utg798.18/evm.utg801.23/evm.utg857.16/evm.utg857.24/evm.utg989.15/evm.utg1051.49/evm.utg1056.123/evm.utg1396.19/evm.utg1565.65/evm.utg1623.8/evm.utg1721.60/utg1910.equina_smart_534762.mrna1/evm.utg1962.1/evm.utg2129.44/evm.utg2216.22/evm.utg2216.29/evm.utg2801.42/evm.utg2929.4/evm.utg3092.47/evm.utg3260.1/evm.utg3283.23/evm.utg3834.24/evm.utg3839.101/evm.utg3839.103/evm.utg4082.36/evm.utg4082.37/evm.utg7066.7/evm.utg7289.31/evm.utg7595.8/evm.utg8494.50/evm.utg10628.11/evm.utg11096.5/evm.utg14703.12/evm.utg15210.4/evm.utg15506.3/evm.utg25862.7/evm.utg44416.1",65,"molecular_functions","salinity_added"
"GO:0030414","peptidase inhibitor activity",0.00798446266724212,0.00319378776967154,0.362745098039216,2.49999788435011,6.25102729548762,4.01350068897208e-08,3.82486615659039e-05,3.66284747088294e-05,"evm.utg8.10/evm.utg52.99/evm.utg104.63/evm.utg104.64/evm.utg334.78/utg334.equina_smart_1340223.mrna2/evm.utg379.46/evm.utg413.23/evm.utg413.26/evm.utg544.11/utg544.equina_smart_1559235utrorf.mrna1/evm.utg544.14/evm.utg580.6/evm.utg580.26/evm.utg616.126/evm.utg616.127/evm.utg912.49/evm.utg1290.2/evm.utg1609.5/evm.utg2100.31/evm.utg2417.38/evm.utg2858.29/evm.utg4049.2/evm.utg4207.23/evm.utg5073.2/evm.utg5689.7/evm.utg5689.8/evm.utg8615.4/evm.utg9740.7/evm.utg14703.2/evm.utg15552.12/evm.utg19074.8/utg19074.equina_smart_1694011.mrna2/evm.utg20736.15/evm.utg24357.20/evm.utg32458.10/evm.utg37512.1",37,"molecular_functions","combined"
"GO:0000981","DNA-binding transcription factor activity, RNA polymerase II-specific",0.0142425550280535,0.00845414409618937,0.244444444444444,1.6846832590035,4.65458772881141,1.03028478880892e-05,0.0049093070186745,0.0047013521678807,"evm.utg86.58/evm.utg92.154.157/evm.utg109.23/evm.utg109.42/evm.utg116.210/evm.utg194.31/evm.utg194.35/evm.utg207.9/evm.utg207.61/evm.utg207.64/evm.utg207.80/evm.utg209.58/evm.utg214.63/evm.utg219.26/evm.utg219.28/evm.utg356.131/evm.utg377.28/evm.utg377.30/evm.utg401.67/evm.utg411.41/evm.utg464.224/evm.utg470.38/evm.utg470.49/evm.utg479.64/evm.utg505.42/evm.utg522.9/evm.utg526.19/evm.utg564.44/evm.utg564.47/evm.utg798.18/evm.utg801.23/evm.utg857.16/evm.utg857.24/evm.utg989.15/evm.utg1051.49/evm.utg1056.123/evm.utg1056.142/evm.utg1396.19/evm.utg1565.65/evm.utg1571.10/evm.utg1623.8/evm.utg2129.25/evm.utg2129.44/evm.utg2216.22/evm.utg2216.29/evm.utg2801.42/evm.utg2929.4/evm.utg3092.47/evm.utg3260.1/evm.utg3283.23/evm.utg3283.25/evm.utg3839.101/evm.utg3839.103/evm.utg4082.36/evm.utg4082.37/evm.utg5059.29/evm.utg7066.7/evm.utg7289.31/evm.utg7595.8/evm.utg8494.50/evm.utg11096.5/evm.utg15210.4/evm.utg15506.3/evm.utg25862.7/evm.utg26037.2/evm.utg44416.1",66,"molecular_functions","combined"
"GO:0034755","iron ion transmembrane transport",0.0425531914893617,0.000795880149812734,0.117647058823529,53.4668335419274,10.1624559818583,0.000631051394009974,0.0280547752808987,0.011001872659176,"evm.utg203.11/evm.utg4898.16",2,"biological_processes","interactive"
"GO:0050775","positive regulation of dendrite morphogenesis",0.0212765957446809,4.68164794007491e-05,1,454.468085106383,21.2947900930341,0.00220037453183519,0.0280547752808987,0.011001872659176,"evm.utg194.33",1,"biological_processes","interactive"
"GO:0060712","spongiotrophoblast layer development",0.0212765957446809,4.68164794007491e-05,1,454.468085106383,21.2947900930341,0.00220037453183519,0.0280547752808987,0.011001872659176,"evm.utg194.33",1,"biological_processes","interactive"
"GO:1901485","positive regulation of transcription factor catabolic process",0.0212765957446809,4.68164794007491e-05,1,454.468085106383,21.2947900930341,0.00220037453183519,0.0280547752808987,0.011001872659176,"evm.utg194.33",1,"biological_processes","interactive"
"GO:0000915","actomyosin contractile ring assembly",0.0212765957446809,9.36329588014981e-05,0.5,227.234042553192,15.0248365808421,0.00439601020752212,0.0320280743690897,0.0125600291643489,"evm.utg4172.37",1,"biological_processes","interactive"
"GO:0031106","septin ring organization",0.0212765957446809,9.36329588014981e-05,0.5,227.234042553192,15.0248365808421,0.00439601020752212,0.0320280743690897,0.0125600291643489,"evm.utg4172.37",1,"biological_processes","interactive"
"GO:0060716","labyrinthine layer blood vessel development",0.0212765957446809,9.36329588014981e-05,0.5,227.234042553192,15.0248365808421,0.00439601020752212,0.0320280743690897,0.0125600291643489,"evm.utg194.33",1,"biological_processes","interactive"
"GO:0006425","glutaminyl-tRNA aminoacylation",0.0212765957446809,0.000140449438202247,0.333333333333333,151.489361702128,12.2409013526809,0.00658691701154157,0.0372055305685901,0.0145904041445451,"evm.utg6851.26",1,"biological_processes","interactive"
"GO:0010950","positive regulation of endopeptidase activity",0.0212765957446809,0.000140449438202247,0.333333333333333,151.489361702128,12.2409013526809,0.00658691701154157,0.0372055305685901,0.0145904041445451,"evm.utg1663.42",1,"biological_processes","interactive"
"GO:0000070","mitotic sister chromatid segregation",0.0212765957446809,0.000187265917602996,0.25,113.617021276596,10.5776981587268,0.00877310490780336,0.0372055305685901,0.0145904041445451,"evm.utg729.78",1,"biological_processes","interactive"
"GO:0008298","intracellular mRNA localization",0.0212765957446809,0.000187265917602996,0.25,113.617021276596,10.5776981587268,0.00877310490780336,0.0372055305685901,0.0145904041445451,"evm.utg12655.32",1,"biological_processes","interactive"
"GO:1904108","protein localization to ciliary inversin compartment",0.0212765957446809,0.000187265917602996,0.25,113.617021276596,10.5776981587268,0.00877310490780336,0.0372055305685901,0.0145904041445451,"evm.utg2216.46",1,"biological_processes","interactive"
"GO:0002244","hematopoietic progenitor cell differentiation",0.0212765957446809,0.000234082397003745,0.2,90.8936170212766,9.440199318518,0.0109545838396885,0.0372055305685901,0.0145904041445451,"evm.utg2129.169",1,"biological_processes","interactive"
"GO:0061136","regulation of proteasomal protein catabolic process",0.0212765957446809,0.000234082397003745,0.2,90.8936170212766,9.440199318518,0.0109545838396885,0.0372055305685901,0.0145904041445451,"evm.utg1663.42",1,"biological_processes","interactive"
"GO:0006597","spermine biosynthetic process",0.0212765957446809,0.000280898876404494,0.166666666666667,75.7446808510638,8.59871178265162,0.0131313637300906,0.0372055305685901,0.0145904041445451,"evm.utg126.133",1,"biological_processes","interactive"
"GO:0007023","post-chaperonin tubulin folding pathway",0.0212765957446809,0.000280898876404494,0.166666666666667,75.7446808510638,8.59871178265162,0.0131313637300906,0.0372055305685901,0.0145904041445451,"evm.utg10321.15",1,"biological_processes","interactive"
"GO:0051298","centrosome duplication",0.0212765957446809,0.000280898876404494,0.166666666666667,75.7446808510638,8.59871178265162,0.0131313637300906,0.0372055305685901,0.0145904041445451,"evm.utg172.38",1,"biological_processes","interactive"
"GO:2000045","regulation of G1/S transition of mitotic cell cycle",0.0212765957446809,0.000280898876404494,0.166666666666667,75.7446808510638,8.59871178265162,0.0131313637300906,0.0372055305685901,0.0145904041445451,"evm.utg1663.42",1,"biological_processes","interactive"
