"region_from_list","ID","Description","GeneRatio","BgRatio","RichFactor","FoldEnrichment","zScore","pvalue","p.adjust","qvalue","gene_id_labelling","Count","geneID_gene_level","dmr_feature_id","region_feature","context","methDiff","p_fdr","n_unique_genes_for_term","n_dmr_features_for_term","GO","region","experiment","GeneRatio_raw","BgRatio_raw","ontology","semantic_cluster_id","semantic_cluster_GO","semantic_cluster_Description","cluster_size","mean_similarity_to_cluster"
"promoter","GO:0006468","protein phosphorylation",1,0.075,0.111111111111111,13.3333333333333,3.51188458428425,0.0750000000000001,0.0750000000000001,NA,"evm.utg4613.33",1,"evm.utg4613.33","exp1__promoter__evm.utg4613.33__16432","promoter","CHH",2.919708029,0.004596402,1,1,"Biological Processes","promoter","Acute Experiment","1/1","9/120","BP","BP_8","GO:0006468","protein phosphorylation",4,0.703374850063978
"promoter","GO:0035368","selenocysteine insertion sequence binding",0.25,0.00568181818181818,1,44,6.557438524302,0.0227272727272727,0.135194805194805,0.0948735475051261,"evm.utg2661.20",1,"evm.utg2661.20","exp1__promoter__evm.utg2661.20__16322","promoter","CHH",-1.865136298,0.000710982,1,1,"Molecular Functions","promoter","Acute Experiment","1/4","1/176","MF","MF_4","GO:0003676","nucleic acid binding",7,0.601111659998764
"promoter","GO:0003723","RNA binding",0.25,0.0113636363636364,0.5,22,4.54197212959111,0.0450649350649349,0.135194805194805,0.0948735475051261,"evm.utg816.8",1,"evm.utg816.8","exp1__promoter__evm.utg816.8__5099","promoter","CpG",15.06849315,0.010919259,1,1,"Molecular Functions","promoter","Acute Experiment","1/4","2/176","MF","MF_4","GO:0003676","nucleic acid binding",7,0.742036467038077
"promoter","GO:0004674","protein serine/threonine kinase activity",0.25,0.0284090909090909,0.2,8.8,2.69070661365808,0.109784913113596,0.219569826227191,0.154084088580485,"evm.utg4613.33",1,"evm.utg4613.33","exp1__promoter__evm.utg4613.33__16432","promoter","CHH",2.919708029,0.004596402,1,1,"Molecular Functions","promoter","Acute Experiment","1/4","5/176","MF","MF_18","GO:0004674","protein serine/threonine kinase activity",3,0.872260091420654
"promoter","GO:0016787","hydrolase activity",0.25,0.0625,0.0909090909090909,4,1.56264534207743,0.229301802443122,0.343952703664683,0.241370318361181,"evm.utg59087.4",1,"evm.utg59087.4","exp1__promoter__evm.utg59087.4__16494","promoter","CHH",-2.547770701,0.00303771,1,1,"Molecular Functions","promoter","Acute Experiment","1/4","11/176","MF","MF_17","GO:0102148","N-acetyl-beta-D-galactosaminidase activity",3,0.696870669076948
"promoter","GO:0005524","ATP binding",0.25,0.0852272727272727,0.0666666666666667,2.93333333333333,1.19048582017387,0.302002283146393,0.362402739775672,0.254317712123278,"evm.utg4613.33",1,"evm.utg4613.33","exp1__promoter__evm.utg4613.33__16432","promoter","CHH",2.919708029,0.004596402,1,1,"Molecular Functions","promoter","Acute Experiment","1/4","15/176","MF","MF_1","GO:0000166","nucleotide binding",5,0.668475810051244
"promoter","GO:0046872","metal ion binding",0.25,0.130681818181818,0.0434782608695652,1.91304347826087,0.714158250516276,0.431857657988812,0.431857657988812,0.303058005606184,"evm.utg59087.4",1,"evm.utg59087.4","exp1__promoter__evm.utg59087.4__16494","promoter","CHH",-2.547770701,0.00303771,1,1,"Molecular Functions","promoter","Acute Experiment","1/4","23/176","MF","MF_25","GO:0046872","metal ion binding",3,0.844500090415137
"three_prime_UTR","GO:0035368","selenocysteine insertion sequence binding",1,0.0625,1,16,3.87298334620742,0.0625,0.0625,NA,"evm.utg7127.52.1.5c22f377.1.5c279739",1,"evm.utg7127.52.1.5c22f377.1.5c279739","exp1__three_prime_UTR__evm.utg7127.52.1.5c22f377.1.5c279739__16588","three_prime_UTR","CHH",-0.851598764,0.007506058,1,1,"Molecular Functions","three_prime_UTR","Acute Experiment","1/1","1/16","MF","MF_4","GO:0003676","nucleic acid binding",7,0.601111659998764
"exon","GO:0006397","mRNA processing",0.5,0.0245398773006135,0.25,20.375,4.3594601465375,0.0486253124289934,0.0908884344467162,0.0637813575064675,"evm.utg2661.21",1,"evm.utg2661.21","exp1__exon__evm.utg2661.21__7936","exon","CHG",-0.856327307,0.055779643,1,1,"Biological Processes","exon","Acute Experiment","1/2","4/163","BP","BP_1","GO:0016070","RNA metabolic process",9,0.611456692555683
"exon","GO:0007156","homophilic cell adhesion via plasma membrane adhesion molecules",0.5,0.0306748466257669,0.2,16.3,3.86106805544983,0.0605922896311442,0.0908884344467162,0.0637813575064675,"evm.utg363.1",1,"evm.utg363.1","exp1__exon__evm.utg363.1__8018","exon","CHG",-1.141552511,0.055779643,1,1,"Biological Processes","exon","Acute Experiment","1/2","5/163","BP","BP_12","GO:0007155","cell adhesion",3,0.673855502106646
"exon","GO:0006468","protein phosphorylation",0.5,0.0797546012269939,0.0769230769230769,6.26923076923077,2.20055806673319,0.153601454214951,0.153601454214951,0.107790494185931,"evm.utg2661.21",1,"evm.utg2661.21","exp1__exon__evm.utg2661.21__7936","exon","CHG",-0.856327307,0.055779643,1,1,"Biological Processes","exon","Acute Experiment","1/2","13/163","BP","BP_8","GO:0006468","protein phosphorylation",4,0.703374850063978
"exon","GO:0005044","scavenger receptor activity",0.5,0.0177777777777778,0.5,28.125,7.34787016226195,0.00141151721869211,0.00846910331215265,0.00742903799311636,"evm.utg9625.2",2,"evm.utg9625.2/evm.utg363.1","exp1__exon__evm.utg9625.2__3503","exon","CpG",-2.108963093,0.084442031,2,3,"Molecular Functions","exon","Acute Experiment","2/4","4/225","MF","MF_22","GO:0005044","scavenger receptor activity",1,1
"exon","GO:0005044","scavenger receptor activity",0.5,0.0177777777777778,0.5,28.125,7.34787016226195,0.00141151721869211,0.00846910331215265,0.00742903799311636,"evm.utg9625.2",2,"evm.utg9625.2/evm.utg363.1","exp1__exon__evm.utg9625.2__8203","exon","CHG",-1.901140684,0.055779643,2,3,"Molecular Functions","exon","Acute Experiment","2/4","4/225","MF","MF_22","GO:0005044","scavenger receptor activity",1,1
"exon","GO:0005044","scavenger receptor activity",0.5,0.0177777777777778,0.5,28.125,7.34787016226195,0.00141151721869211,0.00846910331215265,0.00742903799311636,"evm.utg363.1",2,"evm.utg9625.2/evm.utg363.1","exp1__exon__evm.utg363.1__8018","exon","CHG",-1.141552511,0.055779643,2,3,"Molecular Functions","exon","Acute Experiment","2/4","4/225","MF","MF_22","GO:0005044","scavenger receptor activity",1,1
"exon","GO:0004540","RNA nuclease activity",0.25,0.0177777777777778,0.25,14.0625,3.53849046984504,0.0696910715969011,0.209073214790703,0.18339755683395,"evm.utg2661.21",1,"evm.utg2661.21","exp1__exon__evm.utg2661.21__7936","exon","CHG",-0.856327307,0.055779643,1,1,"Molecular Functions","exon","Acute Experiment","1/4","4/225","MF","MF_16","GO:0004540","RNA nuclease activity",1,1
"exon","GO:0004672","protein kinase activity",0.25,0.0311111111111111,0.142857142857143,8.03571428571428,2.53855651276471,0.11951884620046,0.239037692400921,0.209682186316597,"evm.utg2661.21",1,"evm.utg2661.21","exp1__exon__evm.utg2661.21__7936","exon","CHG",-0.856327307,0.055779643,1,1,"Molecular Functions","exon","Acute Experiment","1/4","7/225","MF","MF_18","GO:0004674","protein serine/threonine kinase activity",3,0.853897841963767
"exon","GO:0005509","calcium ion binding",0.25,0.0488888888888889,0.0909090909090909,5.11363636363636,1.87790328770323,0.182809481486612,0.274214222229917,0.240538791429752,"evm.utg363.1",1,"evm.utg363.1","exp1__exon__evm.utg363.1__8018","exon","CHG",-1.141552511,0.055779643,1,1,"Molecular Functions","exon","Acute Experiment","1/4","11/225","MF","MF_25","GO:0046872","metal ion binding",3,0.791666231249055
"exon","GO:0008270","zinc ion binding",0.25,0.0755555555555556,0.0588235294117647,3.30882352941176,1.32905024824323,0.271270437638151,0.325524525165781,0.28554782909279,"evm.utg3906.20",1,"evm.utg3906.20","exp1__exon__evm.utg3906.20__3322","exon","CpG",-2.631578947,0.001579901,1,2,"Molecular Functions","exon","Acute Experiment","1/4","17/225","MF","MF_25","GO:0046872","metal ion binding",3,0.752833309165074
"exon","GO:0008270","zinc ion binding",0.25,0.0755555555555556,0.0588235294117647,3.30882352941176,1.32905024824323,0.271270437638151,0.325524525165781,0.28554782909279,"evm.utg3906.20",1,"evm.utg3906.20","exp1__exon__evm.utg3906.20__8028","exon","CHG",-2.355072464,0.055779643,1,2,"Molecular Functions","exon","Acute Experiment","1/4","17/225","MF","MF_25","GO:0046872","metal ion binding",3,0.752833309165074
"exon","GO:0005524","ATP binding",0.25,0.115555555555556,0.0384615384615385,2.16346153846154,0.846778913717965,0.390249464711348,0.390249464711348,0.34232409185206,"evm.utg2661.21",1,"evm.utg2661.21","exp1__exon__evm.utg2661.21__7936","exon","CHG",-0.856327307,0.055779643,1,1,"Molecular Functions","exon","Acute Experiment","1/4","26/225","MF","MF_1","GO:0000166","nucleotide binding",5,0.668475810051244
"gene","GO:0006281","DNA repair",0.222222222222222,0.064638783269962,0.117647058823529,3.43790849673203,2.76412931085679,0.0233422457915191,0.0760456273764255,0.0440264158495095,"evm.utg29536.5",4,"evm.utg29536.5/evm.utg4428.2/utg101.equina_smart_1609707.mrna1/evm.utg28737.6","exp1__gene__evm.utg29536.5__4072","gene","CpG",-3.658536585,0.030262681,4,4,"Biological Processes","gene","Acute Experiment","4/18","34/526","BP","BP_1","GO:0016070","RNA metabolic process",9,0.631366091364411
"gene","GO:0006281","DNA repair",0.222222222222222,0.064638783269962,0.117647058823529,3.43790849673203,2.76412931085679,0.0233422457915191,0.0760456273764255,0.0440264158495095,"evm.utg4428.2",4,"evm.utg29536.5/evm.utg4428.2/utg101.equina_smart_1609707.mrna1/evm.utg28737.6","exp1__gene__evm.utg4428.2__4327","gene","CpG",4.08340657,0.093112178,4,4,"Biological Processes","gene","Acute Experiment","4/18","34/526","BP","BP_1","GO:0016070","RNA metabolic process",9,0.631366091364411
"gene","GO:0006281","DNA repair",0.222222222222222,0.064638783269962,0.117647058823529,3.43790849673203,2.76412931085679,0.0233422457915191,0.0760456273764255,0.0440264158495095,"utg101.equina_smart_1609707.mrna1",4,"evm.utg29536.5/evm.utg4428.2/utg101.equina_smart_1609707.mrna1/evm.utg28737.6","exp1__gene__utg101.equina_smart_1609707.mrna1__8225","gene","CHG",0.355111086,0.094705362,4,4,"Biological Processes","gene","Acute Experiment","4/18","34/526","BP","BP_1","GO:0016070","RNA metabolic process",9,0.631366091364411
"gene","GO:0006281","DNA repair",0.222222222222222,0.064638783269962,0.117647058823529,3.43790849673203,2.76412931085679,0.0233422457915191,0.0760456273764255,0.0440264158495095,"evm.utg28737.6",4,"evm.utg29536.5/evm.utg4428.2/utg101.equina_smart_1609707.mrna1/evm.utg28737.6","exp1__gene__evm.utg28737.6__8770","gene","CHG",-1.290322581,0.020971094,4,4,"Biological Processes","gene","Acute Experiment","4/18","34/526","BP","BP_1","GO:0016070","RNA metabolic process",9,0.631366091364411
"gene","GO:0000184","nuclear-transcribed mRNA catabolic process, nonsense-mediated decay",0.0555555555555556,0.00190114068441065,1,29.2222222222222,5.31245915016974,0.0342205323193915,0.0760456273764255,0.0440264158495095,"evm.utg162.19",1,"evm.utg162.19","exp1__gene__evm.utg162.19__3759","gene","CpG",-0.840727496,0.022309193,1,1,"Biological Processes","gene","Acute Experiment","1/18","1/526","BP","BP_1","GO:0016070","RNA metabolic process",9,0.483274077491479
"gene","GO:0006635","fatty acid beta-oxidation",0.0555555555555556,0.00190114068441065,1,29.2222222222222,5.31245915016974,0.0342205323193915,0.0760456273764255,0.0440264158495095,"evm.utg11814.7",1,"evm.utg11814.7","exp1__gene__evm.utg11814.7__8293","gene","CHG",-2.763800327,0.078881824,1,1,"Biological Processes","gene","Acute Experiment","1/18","1/526","BP","BP_9","GO:0006635","fatty acid beta-oxidation",2,0.742963013239012
"gene","GO:0010571","positive regulation of nuclear cell cycle DNA replication",0.0555555555555556,0.00190114068441065,1,29.2222222222222,5.31245915016974,0.0342205323193915,0.0760456273764255,0.0440264158495095,"evm.utg40512.5",1,"evm.utg40512.5","exp1__gene__evm.utg40512.5__8931","gene","CHG",-0.444444444,0.053161946,1,1,"Biological Processes","gene","Acute Experiment","1/18","1/526","BP","BP_15","GO:0010571","positive regulation of nuclear cell cycle DNA replication",1,1
"gene","GO:0030705","cytoskeleton-dependent intracellular transport",0.0555555555555556,0.00190114068441065,1,29.2222222222222,5.31245915016974,0.0342205323193915,0.0760456273764255,0.0440264158495095,"evm.utg4428.8",1,"evm.utg4428.8","exp1__gene__evm.utg4428.8__9008","gene","CHG",2.283105023,0.078881824,1,2,"Biological Processes","gene","Acute Experiment","1/18","1/526","BP","BP_11","GO:0055085","transmembrane transport",5,0.569133148034833
"gene","GO:0030705","cytoskeleton-dependent intracellular transport",0.0555555555555556,0.00190114068441065,1,29.2222222222222,5.31245915016974,0.0342205323193915,0.0760456273764255,0.0440264158495095,"evm.utg4428.8",1,"evm.utg4428.8","exp1__gene__evm.utg4428.8__15555","gene","CHH",1.353345571,0.089022737,1,2,"Biological Processes","gene","Acute Experiment","1/18","1/526","BP","BP_11","GO:0055085","transmembrane transport",5,0.569133148034833
"gene","GO:0043631","RNA polyadenylation",0.0555555555555556,0.00190114068441065,1,29.2222222222222,5.31245915016974,0.0342205323193915,0.0760456273764255,0.0440264158495095,"evm.utg6459.27",1,"evm.utg6459.27","exp1__gene__evm.utg6459.27__15885","gene","CHH",-1.271571299,0.000841832,1,1,"Biological Processes","gene","Acute Experiment","1/18","1/526","BP","BP_1","GO:0016070","RNA metabolic process",9,0.662687501246019
"gene","GO:0045087","innate immune response",0.0555555555555556,0.00190114068441065,1,29.2222222222222,5.31245915016974,0.0342205323193915,0.0760456273764255,0.0440264158495095,"evm.utg1571.14",1,"evm.utg1571.14","exp1__gene__evm.utg1571.14__3751","gene","CpG",-0.954979536,0.049259963,1,1,"Biological Processes","gene","Acute Experiment","1/18","1/526","BP","BP_24","GO:0045087","innate immune response",2,0.815987186574425
"gene","GO:0070507","regulation of microtubule cytoskeleton organization",0.0555555555555556,0.00190114068441065,1,29.2222222222222,5.31245915016974,0.0342205323193915,0.0760456273764255,0.0440264158495095,"evm.utg4428.8",1,"evm.utg4428.8","exp1__gene__evm.utg4428.8__9008","gene","CHG",2.283105023,0.078881824,1,2,"Biological Processes","gene","Acute Experiment","1/18","1/526","BP","BP_30","GO:0070507","regulation of microtubule cytoskeleton organization",1,1
"gene","GO:0070507","regulation of microtubule cytoskeleton organization",0.0555555555555556,0.00190114068441065,1,29.2222222222222,5.31245915016974,0.0342205323193915,0.0760456273764255,0.0440264158495095,"evm.utg4428.8",1,"evm.utg4428.8","exp1__gene__evm.utg4428.8__15555","gene","CHH",1.353345571,0.089022737,1,2,"Biological Processes","gene","Acute Experiment","1/18","1/526","BP","BP_30","GO:0070507","regulation of microtubule cytoskeleton organization",1,1
"gene","GO:1901987","regulation of cell cycle phase transition",0.0555555555555556,0.00190114068441065,1,29.2222222222222,5.31245915016974,0.0342205323193915,0.0760456273764255,0.0440264158495095,"evm.utg40512.5",1,"evm.utg40512.5","exp1__gene__evm.utg40512.5__8931","gene","CHG",-0.444444444,0.053161946,1,1,"Biological Processes","gene","Acute Experiment","1/18","1/526","BP","BP_13","GO:1901987","regulation of cell cycle phase transition",2,0.678415728034602
"gene","GO:0006397","mRNA processing",0.111111111111111,0.0209125475285171,0.181818181818182,5.31313131313131,2.71875114122586,0.0506936957341879,0.101387391468376,0.0586979634816913,"evm.utg2661.21",2,"evm.utg2661.21/evm.utg1032.34","exp1__gene__evm.utg2661.21__8712","gene","CHG",-0.856327307,0.034308825,2,2,"Biological Processes","gene","Acute Experiment","2/18","11/526","BP","BP_1","GO:0016070","RNA metabolic process",9,0.611456692555683
"gene","GO:0006397","mRNA processing",0.111111111111111,0.0209125475285171,0.181818181818182,5.31313131313131,2.71875114122586,0.0506936957341879,0.101387391468376,0.0586979634816913,"evm.utg1032.34",2,"evm.utg2661.21/evm.utg1032.34","exp1__gene__evm.utg1032.34__14629","gene","CHH",0.759296997,0.025055526,2,2,"Biological Processes","gene","Acute Experiment","2/18","11/526","BP","BP_1","GO:0016070","RNA metabolic process",9,0.611456692555683
"gene","GO:0046416","D-amino acid metabolic process",0.0555555555555556,0.00380228136882129,0.5,14.6111111111111,3.62682818191555,0.0673329712112986,0.112221618685498,0.0649704108179197,"evm.utg35662.1",1,"evm.utg35662.1","exp1__gene__evm.utg35662.1__4150","gene","CpG",-1.724137931,0.030262681,1,1,"Biological Processes","gene","Acute Experiment","1/18","2/526","BP","BP_5","GO:0006508","proteolysis",3,0.604026913947936
"gene","GO:0051607","defense response to virus",0.0555555555555556,0.00380228136882129,0.5,14.6111111111111,3.62682818191555,0.0673329712112986,0.112221618685498,0.0649704108179197,"evm.utg1571.14",1,"evm.utg1571.14","exp1__gene__evm.utg1571.14__3751","gene","CpG",-0.954979536,0.049259963,1,1,"Biological Processes","gene","Acute Experiment","1/18","2/526","BP","BP_24","GO:0045087","innate immune response",2,0.815987186574425
"gene","GO:0001822","kidney development",0.0555555555555556,0.00570342205323194,0.333333333333333,9.74074074074074,2.8552363885673,0.0993711515895362,0.152878694753133,0.0885087180149716,"evm.utg512.80",1,"evm.utg512.80","exp1__gene__evm.utg512.80__15669","gene","CHH",-2.519379845,0.097939042,1,1,"Biological Processes","gene","Acute Experiment","1/18","3/526","BP","BP_4","GO:0001822","kidney development",2,0.774944169954757
"gene","GO:0008380","RNA splicing",0.0555555555555556,0.00760456273764259,0.25,7.30555555555556,2.38068616820233,0.130367937959304,0.186239911370434,0.107823106582883,"evm.utg1032.34",1,"evm.utg1032.34","exp1__gene__evm.utg1032.34__14629","gene","CHH",0.759296997,0.025055526,1,1,"Biological Processes","gene","Acute Experiment","1/18","4/526","BP","BP_1","GO:0016070","RNA metabolic process",9,0.628108811427088
"gene","GO:0006325","chromatin organization",0.0555555555555556,0.0133079847908745,0.142857142857143,4.17460317460317,1.5901527162183,0.217424563961604,0.289899418615472,0.167836505514221,"evm.utg4428.2",1,"evm.utg4428.2","exp1__gene__evm.utg4428.2__4327","gene","CpG",4.08340657,0.093112178,1,1,"Biological Processes","gene","Acute Experiment","1/18","7/526","BP","BP_6","GO:0030261","chromosome condensation",2,0.77729439755601
"gene","GO:0016310","phosphorylation",0.0555555555555556,0.0228136882129278,0.0833333333333333,2.43518518518519,0.945803799464477,0.344495574869953,0.430619468587441,0.249306008129571,"evm.utg162.19",1,"evm.utg162.19","exp1__gene__evm.utg162.19__3759","gene","CpG",-0.840727496,0.022309193,1,1,"Biological Processes","gene","Acute Experiment","1/18","12/526","BP","BP_16","GO:0016310","phosphorylation",1,1
"gene","GO:0006468","protein phosphorylation",0.111111111111111,0.0741444866920152,0.0512820512820513,1.4985754985755,0.608531134693146,0.391512478538895,0.460602915928112,0.266664846063644,"evm.utg116.142",2,"evm.utg116.142/evm.utg2661.21","exp1__gene__evm.utg116.142__8287","gene","CHG",-2.764976959,0.011207233,2,3,"Biological Processes","gene","Acute Experiment","2/18","39/526","BP","BP_8","GO:0006468","protein phosphorylation",4,0.703374850063978
"gene","GO:0006468","protein phosphorylation",0.111111111111111,0.0741444866920152,0.0512820512820513,1.4985754985755,0.608531134693146,0.391512478538895,0.460602915928112,0.266664846063644,"evm.utg116.142",2,"evm.utg116.142/evm.utg2661.21","exp1__gene__evm.utg116.142__14681","gene","CHH",-1.025641026,0.001101447,2,3,"Biological Processes","gene","Acute Experiment","2/18","39/526","BP","BP_8","GO:0006468","protein phosphorylation",4,0.703374850063978
"gene","GO:0006468","protein phosphorylation",0.111111111111111,0.0741444866920152,0.0512820512820513,1.4985754985755,0.608531134693146,0.391512478538895,0.460602915928112,0.266664846063644,"evm.utg2661.21",2,"evm.utg116.142/evm.utg2661.21","exp1__gene__evm.utg2661.21__8712","gene","CHG",-0.856327307,0.034308825,2,3,"Biological Processes","gene","Acute Experiment","2/18","39/526","BP","BP_8","GO:0006468","protein phosphorylation",4,0.703374850063978
"gene","GO:0016567","protein ubiquitination",0.0555555555555556,0.0342205323193916,0.0555555555555556,1.62345679012346,0.50616813778493,0.47128252755987,0.5236472528443,0.303164199015121,"evm.utg11814.6",1,"evm.utg11814.6","exp1__gene__evm.utg11814.6__8292","gene","CHG",-2.763800327,0.078881824,1,1,"Biological Processes","gene","Acute Experiment","1/18","18/526","BP","BP_8","GO:0006468","protein phosphorylation",4,0.64162730393185
"gene","GO:0006508","proteolysis",0.0555555555555556,0.0741444866920152,0.0256410256410256,0.749287749287749,-0.30600422773141,0.755981966649557,0.79577049121006,0.460709231753193,"evm.utg4856.49",1,"evm.utg4856.49","exp1__gene__evm.utg4856.49__4379","gene","CpG",-2.83286119,0.043912743,1,1,"Biological Processes","gene","Acute Experiment","1/18","39/526","BP","BP_5","GO:0006508","proteolysis",3,0.629328943199752
"gene","GO:0015074","DNA integration",0.0555555555555556,0.091254752851711,0.0208333333333333,0.608796296296296,-0.534679676102021,0.826631610753064,0.826631610753064,0.478576195699142,"evm.utg334.43",1,"evm.utg334.43","exp1__gene__evm.utg334.43__15342","gene","CHH",1.161751564,0.07081632,1,1,"Biological Processes","gene","Acute Experiment","1/18","48/526","BP","BP_1","GO:0016070","RNA metabolic process",9,0.668692195122565
"gene","GO:0035368","selenocysteine insertion sequence binding",0.0833333333333333,0.00492004920049201,0.5,16.9375,5.56956230343832,0.0048372987662867,0.120932469157167,0.096745975325734,"evm.utg7127.52",2,"evm.utg7127.52/utg7127.equina_smart_1282991.mrna2","exp1__gene__evm.utg7127.52__4622","gene","CpG",-3.080892396,0.070392316,2,2,"Molecular Functions","gene","Acute Experiment","2/24","4/813","MF","MF_4","GO:0003676","nucleic acid binding",7,0.601111659998764
"gene","GO:0035368","selenocysteine insertion sequence binding",0.0833333333333333,0.00492004920049201,0.5,16.9375,5.56956230343832,0.0048372987662867,0.120932469157167,0.096745975325734,"utg7127.equina_smart_1282991.mrna2",2,"evm.utg7127.52/utg7127.equina_smart_1282991.mrna2","exp1__gene__utg7127.equina_smart_1282991.mrna2__4623","gene","CpG",-3.080892396,0.070392316,2,2,"Molecular Functions","gene","Acute Experiment","2/24","4/813","MF","MF_4","GO:0003676","nucleic acid binding",7,0.601111659998764
"gene","GO:0003724","RNA helicase activity",0.0416666666666667,0.001230012300123,1,33.875,5.73367247058986,0.029520295202952,0.1230012300123,0.0984009840098399,"evm.utg1571.14",1,"evm.utg1571.14","exp1__gene__evm.utg1571.14__3751","gene","CpG",-0.954979536,0.049259963,1,1,"Molecular Functions","gene","Acute Experiment","1/24","1/813","MF","MF_6","GO:0003724","RNA helicase activity",2,0.89203599873924
"gene","GO:0003857","3-hydroxyacyl-CoA dehydrogenase activity",0.0416666666666667,0.001230012300123,1,33.875,5.73367247058986,0.029520295202952,0.1230012300123,0.0984009840098399,"evm.utg11814.7",1,"evm.utg11814.7","exp1__gene__evm.utg11814.7__8293","gene","CHG",-2.763800327,0.078881824,1,1,"Molecular Functions","gene","Acute Experiment","1/24","1/813","MF","MF_8","GO:0003857","3-hydroxyacyl-CoA dehydrogenase activity",1,1
"gene","GO:0004300","enoyl-CoA hydratase activity",0.0416666666666667,0.001230012300123,1,33.875,5.73367247058986,0.029520295202952,0.1230012300123,0.0984009840098399,"evm.utg11814.7",1,"evm.utg11814.7","exp1__gene__evm.utg11814.7__8293","gene","CHG",-2.763800327,0.078881824,1,1,"Molecular Functions","gene","Acute Experiment","1/24","1/813","MF","MF_14","GO:0004300","enoyl-CoA hydratase activity",1,1
"gene","GO:0004721","phosphoprotein phosphatase activity",0.0416666666666667,0.001230012300123,1,33.875,5.73367247058986,0.029520295202952,0.1230012300123,0.0984009840098399,"evm.utg6459.27",1,"evm.utg6459.27","exp1__gene__evm.utg6459.27__15885","gene","CHH",-1.271571299,0.000841832,1,1,"Molecular Functions","gene","Acute Experiment","1/24","1/813","MF","MF_11","GO:0004721","phosphoprotein phosphatase activity",3,0.83773674242409
"gene","GO:0043539","protein serine/threonine kinase activator activity",0.0416666666666667,0.001230012300123,1,33.875,5.73367247058986,0.029520295202952,0.1230012300123,0.0984009840098399,"evm.utg40512.5",1,"evm.utg40512.5","exp1__gene__evm.utg40512.5__8931","gene","CHG",-0.444444444,0.053161946,1,1,"Molecular Functions","gene","Acute Experiment","1/24","1/813","MF","MF_35","GO:0043539","protein serine/threonine kinase activator activity",1,1
"gene","GO:0003884","D-amino-acid oxidase activity",0.0416666666666667,0.002460024600246,0.5,16.9375,3.93341620233877,0.0582044244087758,0.195625159762658,0.156500127810127,"evm.utg35662.1",1,"evm.utg35662.1","exp1__gene__evm.utg35662.1__4150","gene","CpG",-1.724137931,0.030262681,1,1,"Molecular Functions","gene","Acute Experiment","1/24","2/813","MF","MF_9","GO:0003884","D-amino-acid oxidase activity",1,1
"gene","GO:0046872","metal ion binding",0.25,0.125461254612546,0.0588235294117647,1.99264705882353,1.86855239222517,0.0683640600112229,0.195625159762658,0.156500127810127,"evm.utg1571.14",6,"evm.utg1571.14/evm.utg29536.5/utg101.equina_smart_1619046.mrna5/evm.utg11814.6/evm.utg2327.13/evm.utg6459.27","exp1__gene__evm.utg1571.14__3751","gene","CpG",-0.954979536,0.049259963,6,6,"Molecular Functions","gene","Acute Experiment","6/24","102/813","MF","MF_25","GO:0046872","metal ion binding",3,0.844500090415137
"gene","GO:0046872","metal ion binding",0.25,0.125461254612546,0.0588235294117647,1.99264705882353,1.86855239222517,0.0683640600112229,0.195625159762658,0.156500127810127,"evm.utg29536.5",6,"evm.utg1571.14/evm.utg29536.5/utg101.equina_smart_1619046.mrna5/evm.utg11814.6/evm.utg2327.13/evm.utg6459.27","exp1__gene__evm.utg29536.5__4072","gene","CpG",-3.658536585,0.030262681,6,6,"Molecular Functions","gene","Acute Experiment","6/24","102/813","MF","MF_25","GO:0046872","metal ion binding",3,0.844500090415137
"gene","GO:0046872","metal ion binding",0.25,0.125461254612546,0.0588235294117647,1.99264705882353,1.86855239222517,0.0683640600112229,0.195625159762658,0.156500127810127,"utg101.equina_smart_1619046.mrna5",6,"evm.utg1571.14/evm.utg29536.5/utg101.equina_smart_1619046.mrna5/evm.utg11814.6/evm.utg2327.13/evm.utg6459.27","exp1__gene__utg101.equina_smart_1619046.mrna5__8226","gene","CHG",0.355111086,0.094705362,6,6,"Molecular Functions","gene","Acute Experiment","6/24","102/813","MF","MF_25","GO:0046872","metal ion binding",3,0.844500090415137
"gene","GO:0046872","metal ion binding",0.25,0.125461254612546,0.0588235294117647,1.99264705882353,1.86855239222517,0.0683640600112229,0.195625159762658,0.156500127810127,"evm.utg11814.6",6,"evm.utg1571.14/evm.utg29536.5/utg101.equina_smart_1619046.mrna5/evm.utg11814.6/evm.utg2327.13/evm.utg6459.27","exp1__gene__evm.utg11814.6__8292","gene","CHG",-2.763800327,0.078881824,6,6,"Molecular Functions","gene","Acute Experiment","6/24","102/813","MF","MF_25","GO:0046872","metal ion binding",3,0.844500090415137
"gene","GO:0046872","metal ion binding",0.25,0.125461254612546,0.0588235294117647,1.99264705882353,1.86855239222517,0.0683640600112229,0.195625159762658,0.156500127810127,"evm.utg2327.13",6,"evm.utg1571.14/evm.utg29536.5/utg101.equina_smart_1619046.mrna5/evm.utg11814.6/evm.utg2327.13/evm.utg6459.27","exp1__gene__evm.utg2327.13__15101","gene","CHH",-0.721500722,0.089022737,6,6,"Molecular Functions","gene","Acute Experiment","6/24","102/813","MF","MF_25","GO:0046872","metal ion binding",3,0.844500090415137
"gene","GO:0046872","metal ion binding",0.25,0.125461254612546,0.0588235294117647,1.99264705882353,1.86855239222517,0.0683640600112229,0.195625159762658,0.156500127810127,"evm.utg6459.27",6,"evm.utg1571.14/evm.utg29536.5/utg101.equina_smart_1619046.mrna5/evm.utg11814.6/evm.utg2327.13/evm.utg6459.27","exp1__gene__evm.utg6459.27__15885","gene","CHH",-1.271571299,0.000841832,6,6,"Molecular Functions","gene","Acute Experiment","6/24","102/813","MF","MF_25","GO:0046872","metal ion binding",3,0.844500090415137
"gene","GO:0004197","cysteine-type endopeptidase activity",0.0416666666666667,0.003690036900369,0.333333333333333,11.2916666666667,3.11278384126216,0.0860750702955696,0.195625159762658,0.156500127810127,"evm.utg4856.49",1,"evm.utg4856.49","exp1__gene__evm.utg4856.49__4379","gene","CpG",-2.83286119,0.043912743,1,1,"Molecular Functions","gene","Acute Experiment","1/24","3/813","MF","MF_13","GO:0004197","cysteine-type endopeptidase activity",4,0.719709794417195
"gene","GO:0070403","NAD+ binding",0.0416666666666667,0.003690036900369,0.333333333333333,11.2916666666667,3.11278384126216,0.0860750702955696,0.195625159762658,0.156500127810127,"evm.utg11814.7",1,"evm.utg11814.7","exp1__gene__evm.utg11814.7__8293","gene","CHG",-2.763800327,0.078881824,1,1,"Molecular Functions","gene","Acute Experiment","1/24","3/813","MF","MF_1","GO:0000166","nucleotide binding",5,0.676500078801786
"gene","GO:0071949","FAD binding",0.0416666666666667,0.003690036900369,0.333333333333333,11.2916666666667,3.11278384126216,0.0860750702955696,0.195625159762658,0.156500127810127,"evm.utg35662.1",1,"evm.utg35662.1","exp1__gene__evm.utg35662.1__4150","gene","CpG",-1.724137931,0.030262681,1,1,"Molecular Functions","gene","Acute Experiment","1/24","3/813","MF","MF_1","GO:0000166","nucleotide binding",5,0.671803089356653
"gene","GO:0003723","RNA binding",0.0833333333333333,0.027060270602706,0.0909090909090909,3.07954545454545,1.72360065364246,0.134785568833364,0.241725167756029,0.193380134204823,"evm.utg1571.14",2,"evm.utg1571.14/evm.utg17539.13","exp1__gene__evm.utg1571.14__3751","gene","CpG",-0.954979536,0.049259963,2,2,"Molecular Functions","gene","Acute Experiment","2/24","22/813","MF","MF_4","GO:0003676","nucleic acid binding",7,0.742036467038077
"gene","GO:0003723","RNA binding",0.0833333333333333,0.027060270602706,0.0909090909090909,3.07954545454545,1.72360065364246,0.134785568833364,0.241725167756029,0.193380134204823,"evm.utg17539.13",2,"evm.utg1571.14/evm.utg17539.13","exp1__gene__evm.utg17539.13__14965","gene","CHH",1.488095238,0.092747779,2,2,"Molecular Functions","gene","Acute Experiment","2/24","22/813","MF","MF_4","GO:0003676","nucleic acid binding",7,0.742036467038077
"gene","GO:0008017","microtubule binding",0.0416666666666667,0.00615006150061501,0.2,6.775,2.25775308419577,0.139463717015473,0.241725167756029,0.193380134204823,"evm.utg4428.8",1,"evm.utg4428.8","exp1__gene__evm.utg4428.8__9008","gene","CHG",2.283105023,0.078881824,1,2,"Molecular Functions","gene","Acute Experiment","1/24","5/813","MF","MF_26","GO:0008017","microtubule binding",1,1
"gene","GO:0008017","microtubule binding",0.0416666666666667,0.00615006150061501,0.2,6.775,2.25775308419577,0.139463717015473,0.241725167756029,0.193380134204823,"evm.utg4428.8",1,"evm.utg4428.8","exp1__gene__evm.utg4428.8__15555","gene","CHH",1.353345571,0.089022737,1,2,"Molecular Functions","gene","Acute Experiment","1/24","5/813","MF","MF_26","GO:0008017","microtubule binding",1,1
"gene","GO:0016779","nucleotidyltransferase activity",0.0416666666666667,0.00615006150061501,0.2,6.775,2.25775308419577,0.139463717015473,0.241725167756029,0.193380134204823,"evm.utg6459.27",1,"evm.utg6459.27","exp1__gene__evm.utg6459.27__15885","gene","CHH",-1.271571299,0.000841832,1,1,"Molecular Functions","gene","Acute Experiment","1/24","5/813","MF","MF_10","GO:0003964","RNA-directed DNA polymerase activity",2,0.834574652908918
"gene","GO:0004672","protein kinase activity",0.0833333333333333,0.028290282902829,0.0869565217391304,2.94565217391304,1.64991172892071,0.145035100653617,0.241725167756029,0.193380134204823,"evm.utg116.142",2,"evm.utg116.142/evm.utg2661.21","exp1__gene__evm.utg116.142__8287","gene","CHG",-2.764976959,0.011207233,2,3,"Molecular Functions","gene","Acute Experiment","2/24","23/813","MF","MF_18","GO:0004674","protein serine/threonine kinase activity",3,0.853897841963767
"gene","GO:0004672","protein kinase activity",0.0833333333333333,0.028290282902829,0.0869565217391304,2.94565217391304,1.64991172892071,0.145035100653617,0.241725167756029,0.193380134204823,"evm.utg116.142",2,"evm.utg116.142/evm.utg2661.21","exp1__gene__evm.utg116.142__14681","gene","CHH",-1.025641026,0.001101447,2,3,"Molecular Functions","gene","Acute Experiment","2/24","23/813","MF","MF_18","GO:0004674","protein serine/threonine kinase activity",3,0.853897841963767
"gene","GO:0004672","protein kinase activity",0.0833333333333333,0.028290282902829,0.0869565217391304,2.94565217391304,1.64991172892071,0.145035100653617,0.241725167756029,0.193380134204823,"evm.utg2661.21",2,"evm.utg116.142/evm.utg2661.21","exp1__gene__evm.utg2661.21__8712","gene","CHG",-0.856327307,0.034308825,2,3,"Molecular Functions","gene","Acute Experiment","2/24","23/813","MF","MF_18","GO:0004674","protein serine/threonine kinase activity",3,0.853897841963767
"gene","GO:0004540","RNA nuclease activity",0.0416666666666667,0.00738007380073801,0.166666666666667,5.64583333333333,1.9908916144654,0.165024200668479,0.257850313544498,0.206280250835599,"evm.utg2661.21",1,"evm.utg2661.21","exp1__gene__evm.utg2661.21__8712","gene","CHG",-0.856327307,0.034308825,1,1,"Molecular Functions","gene","Acute Experiment","1/24","6/813","MF","MF_16","GO:0004540","RNA nuclease activity",1,1
"gene","GO:0004867","serine-type endopeptidase inhibitor activity",0.0416666666666667,0.00861008610086101,0.142857142857143,4.83928571428571,1.77818550558426,0.189856194700643,0.279200286324474,0.22336022905958,"evm.utg4605.20",1,"evm.utg4605.20","exp1__gene__evm.utg4605.20__4341","gene","CpG",2.75,0.030262681,1,2,"Molecular Functions","gene","Acute Experiment","1/24","7/813","MF","MF_20","GO:0004867","serine-type endopeptidase inhibitor activity",1,1
"gene","GO:0004867","serine-type endopeptidase inhibitor activity",0.0416666666666667,0.00861008610086101,0.142857142857143,4.83928571428571,1.77818550558426,0.189856194700643,0.279200286324474,0.22336022905958,"evm.utg4605.20",1,"evm.utg4605.20","exp1__gene__evm.utg4605.20__9018","gene","CHG",2.857142857,0.01501397,1,2,"Molecular Functions","gene","Acute Experiment","1/24","7/813","MF","MF_20","GO:0004867","serine-type endopeptidase inhibitor activity",1,1
"gene","GO:0008270","zinc ion binding",0.125,0.0762607626076261,0.0483870967741935,1.63911290322581,0.912638101036354,0.274443081525479,0.381170946563165,0.304936757250532,"evm.utg3906.20",3,"evm.utg3906.20/evm.utg28737.6/evm.utg1032.34","exp1__gene__evm.utg3906.20__4225","gene","CpG",-2.631578947,1.76e-05,3,4,"Molecular Functions","gene","Acute Experiment","3/24","62/813","MF","MF_25","GO:0046872","metal ion binding",3,0.752833309165074
"gene","GO:0008270","zinc ion binding",0.125,0.0762607626076261,0.0483870967741935,1.63911290322581,0.912638101036354,0.274443081525479,0.381170946563165,0.304936757250532,"evm.utg3906.20",3,"evm.utg3906.20/evm.utg28737.6/evm.utg1032.34","exp1__gene__evm.utg3906.20__8909","gene","CHG",-2.355072464,0.000864222,3,4,"Molecular Functions","gene","Acute Experiment","3/24","62/813","MF","MF_25","GO:0046872","metal ion binding",3,0.752833309165074
"gene","GO:0008270","zinc ion binding",0.125,0.0762607626076261,0.0483870967741935,1.63911290322581,0.912638101036354,0.274443081525479,0.381170946563165,0.304936757250532,"evm.utg28737.6",3,"evm.utg3906.20/evm.utg28737.6/evm.utg1032.34","exp1__gene__evm.utg28737.6__8770","gene","CHG",-1.290322581,0.020971094,3,4,"Molecular Functions","gene","Acute Experiment","3/24","62/813","MF","MF_25","GO:0046872","metal ion binding",3,0.752833309165074
"gene","GO:0008270","zinc ion binding",0.125,0.0762607626076261,0.0483870967741935,1.63911290322581,0.912638101036354,0.274443081525479,0.381170946563165,0.304936757250532,"evm.utg1032.34",3,"evm.utg3906.20/evm.utg28737.6/evm.utg1032.34","exp1__gene__evm.utg1032.34__14629","gene","CHH",0.759296997,0.025055526,3,4,"Molecular Functions","gene","Acute Experiment","3/24","62/813","MF","MF_25","GO:0046872","metal ion binding",3,0.752833309165074
"gene","GO:0005524","ATP binding",0.166666666666667,0.115621156211562,0.0425531914893617,1.44148936170213,0.793350059402115,0.297793996751273,0.391834206251675,0.31346736500134,"evm.utg1571.14",4,"evm.utg1571.14/evm.utg162.19/evm.utg116.142/evm.utg2661.21","exp1__gene__evm.utg1571.14__3751","gene","CpG",-0.954979536,0.049259963,4,5,"Molecular Functions","gene","Acute Experiment","4/24","94/813","MF","MF_1","GO:0000166","nucleotide binding",5,0.668475810051244
"gene","GO:0005524","ATP binding",0.166666666666667,0.115621156211562,0.0425531914893617,1.44148936170213,0.793350059402115,0.297793996751273,0.391834206251675,0.31346736500134,"evm.utg162.19",4,"evm.utg1571.14/evm.utg162.19/evm.utg116.142/evm.utg2661.21","exp1__gene__evm.utg162.19__3759","gene","CpG",-0.840727496,0.022309193,4,5,"Molecular Functions","gene","Acute Experiment","4/24","94/813","MF","MF_1","GO:0000166","nucleotide binding",5,0.668475810051244
"gene","GO:0005524","ATP binding",0.166666666666667,0.115621156211562,0.0425531914893617,1.44148936170213,0.793350059402115,0.297793996751273,0.391834206251675,0.31346736500134,"evm.utg116.142",4,"evm.utg1571.14/evm.utg162.19/evm.utg116.142/evm.utg2661.21","exp1__gene__evm.utg116.142__8287","gene","CHG",-2.764976959,0.011207233,4,5,"Molecular Functions","gene","Acute Experiment","4/24","94/813","MF","MF_1","GO:0000166","nucleotide binding",5,0.668475810051244
"gene","GO:0005524","ATP binding",0.166666666666667,0.115621156211562,0.0425531914893617,1.44148936170213,0.793350059402115,0.297793996751273,0.391834206251675,0.31346736500134,"evm.utg116.142",4,"evm.utg1571.14/evm.utg162.19/evm.utg116.142/evm.utg2661.21","exp1__gene__evm.utg116.142__14681","gene","CHH",-1.025641026,0.001101447,4,5,"Molecular Functions","gene","Acute Experiment","4/24","94/813","MF","MF_1","GO:0000166","nucleotide binding",5,0.668475810051244
"gene","GO:0005524","ATP binding",0.166666666666667,0.115621156211562,0.0425531914893617,1.44148936170213,0.793350059402115,0.297793996751273,0.391834206251675,0.31346736500134,"evm.utg2661.21",4,"evm.utg1571.14/evm.utg162.19/evm.utg116.142/evm.utg2661.21","exp1__gene__evm.utg2661.21__8712","gene","CHG",-0.856327307,0.034308825,4,5,"Molecular Functions","gene","Acute Experiment","4/24","94/813","MF","MF_1","GO:0000166","nucleotide binding",5,0.668475810051244
"gene","GO:0003676","nucleic acid binding",0.0833333333333333,0.0516605166051661,0.0476190476190476,1.61309523809524,0.711165259298002,0.354998444446146,0.414280565099303,0.331424452079443,"evm.utg1032.34",2,"evm.utg1032.34/evm.utg334.43","exp1__gene__evm.utg1032.34__14629","gene","CHH",0.759296997,0.025055526,2,2,"Molecular Functions","gene","Acute Experiment","2/24","42/813","MF","MF_4","GO:0003676","nucleic acid binding",7,0.755500533475712
"gene","GO:0003676","nucleic acid binding",0.0833333333333333,0.0516605166051661,0.0476190476190476,1.61309523809524,0.711165259298002,0.354998444446146,0.414280565099303,0.331424452079443,"evm.utg334.43",2,"evm.utg1032.34/evm.utg334.43","exp1__gene__evm.utg334.43__15342","gene","CHH",1.161751564,0.07081632,2,2,"Molecular Functions","gene","Acute Experiment","2/24","42/813","MF","MF_4","GO:0003676","nucleic acid binding",7,0.755500533475712
"gene","GO:0004674","protein serine/threonine kinase activity",0.0416666666666667,0.018450184501845,0.0666666666666667,2.25833333333333,0.857403039924989,0.364566897287387,0.414280565099303,0.331424452079443,"evm.utg162.19",1,"evm.utg162.19","exp1__gene__evm.utg162.19__3759","gene","CpG",-0.840727496,0.022309193,1,1,"Molecular Functions","gene","Acute Experiment","1/24","15/813","MF","MF_18","GO:0004674","protein serine/threonine kinase activity",3,0.872260091420654
"gene","GO:0016787","hydrolase activity",0.0416666666666667,0.018450184501845,0.0666666666666667,2.25833333333333,0.857403039924989,0.364566897287387,0.414280565099303,0.331424452079443,"evm.utg1571.14",1,"evm.utg1571.14","exp1__gene__evm.utg1571.14__3751","gene","CpG",-0.954979536,0.049259963,1,1,"Molecular Functions","gene","Acute Experiment","1/24","15/813","MF","MF_17","GO:0102148","N-acetyl-beta-D-galactosaminidase activity",3,0.696870669076948
"gene","GO:0004842","ubiquitin-protein transferase activity",0.0416666666666667,0.023370233702337,0.0526315789473684,1.78289473684211,0.601887129400047,0.437761528197181,0.475827748040414,0.380662198432331,"evm.utg11814.6",1,"evm.utg11814.6","exp1__gene__evm.utg11814.6__8292","gene","CHG",-2.763800327,0.078881824,1,1,"Molecular Functions","gene","Acute Experiment","1/24","19/813","MF","MF_19","GO:0061630","ubiquitin protein ligase activity",2,0.882714456616078
"gene","GO:0003677","DNA binding",0.125,0.119311193111931,0.0309278350515464,1.04768041237113,0.087219680743267,0.561205938357933,0.584589519122847,0.467671615298277,"evm.utg1571.14",3,"evm.utg1571.14/utg101.equina_smart_1619046.mrna5/evm.utg542.38","exp1__gene__evm.utg1571.14__3751","gene","CpG",-0.954979536,0.049259963,3,3,"Molecular Functions","gene","Acute Experiment","3/24","97/813","MF","MF_4","GO:0003676","nucleic acid binding",7,0.690061607206899
"gene","GO:0003677","DNA binding",0.125,0.119311193111931,0.0309278350515464,1.04768041237113,0.087219680743267,0.561205938357933,0.584589519122847,0.467671615298277,"utg101.equina_smart_1619046.mrna5",3,"evm.utg1571.14/utg101.equina_smart_1619046.mrna5/evm.utg542.38","exp1__gene__utg101.equina_smart_1619046.mrna5__8226","gene","CHG",0.355111086,0.094705362,3,3,"Molecular Functions","gene","Acute Experiment","3/24","97/813","MF","MF_4","GO:0003676","nucleic acid binding",7,0.690061607206899
"gene","GO:0003677","DNA binding",0.125,0.119311193111931,0.0309278350515464,1.04768041237113,0.087219680743267,0.561205938357933,0.584589519122847,0.467671615298277,"evm.utg542.38",3,"evm.utg1571.14/utg101.equina_smart_1619046.mrna5/evm.utg542.38","exp1__gene__evm.utg542.38__15697","gene","CHH",-0.182964017,0.021274448,3,3,"Molecular Functions","gene","Acute Experiment","3/24","97/813","MF","MF_4","GO:0003676","nucleic acid binding",7,0.690061607206899
"gene","GO:0005044","scavenger receptor activity",0.0416666666666667,0.035670356703567,0.0344827586206897,1.16810344827586,0.160680333187084,0.587095766420249,0.587095766420249,0.4696766131362,"evm.utg9625.2",1,"evm.utg9625.2","exp1__gene__evm.utg9625.2__16076","gene","CHH",-0.908232114,0.097939042,1,1,"Molecular Functions","gene","Acute Experiment","1/24","29/813","MF","MF_22","GO:0005044","scavenger receptor activity",1,1
"dispersed_repeat","GO:0000278","mitotic cell cycle",0.0833333333333333,0.00335570469798658,1,24.8333333333333,4.88193950529227,0.0402684563758389,0.184439473030077,0.15254392506247,"evm.utg10470.24",1,"evm.utg10470.24","exp1__dispersed_repeat__evm.utg10470.24__54","dispersed_repeat","CpG",1.834862385,0.083596936,1,1,"Biological Processes","dispersed_repeat","Acute Experiment","1/12","1/298","BP","BP_2","GO:0007154","cell communication",3,0.618886301079822
"dispersed_repeat","GO:0030261","chromosome condensation",0.0833333333333333,0.00335570469798658,1,24.8333333333333,4.88193950529227,0.0402684563758389,0.184439473030077,0.15254392506247,"evm.utg5417.33",1,"evm.utg5417.33","exp1__dispersed_repeat__evm.utg5417.33__2254","dispersed_repeat","CpG",-1.92926045,0.063223962,1,2,"Biological Processes","dispersed_repeat","Acute Experiment","1/12","1/298","BP","BP_6","GO:0030261","chromosome condensation",2,0.77729439755601
"dispersed_repeat","GO:0030261","chromosome condensation",0.0833333333333333,0.00335570469798658,1,24.8333333333333,4.88193950529227,0.0402684563758389,0.184439473030077,0.15254392506247,"evm.utg5417.33",1,"evm.utg5417.33","exp1__dispersed_repeat__evm.utg5417.33__2255","dispersed_repeat","CpG",-1.92926045,0.063223962,1,2,"Biological Processes","dispersed_repeat","Acute Experiment","1/12","1/298","BP","BP_6","GO:0030261","chromosome condensation",2,0.77729439755601
"dispersed_repeat","GO:2000036","regulation of stem cell population maintenance",0.0833333333333333,0.00335570469798658,1,24.8333333333333,4.88193950529227,0.0402684563758389,0.184439473030077,0.15254392506247,"evm.utg2849.3",1,"evm.utg2849.3","exp1__dispersed_repeat__evm.utg2849.3__1302","dispersed_repeat","CpG",8.854166667,0.005905139,1,1,"Biological Processes","dispersed_repeat","Acute Experiment","1/12","1/298","BP","BP_31","GO:2000036","regulation of stem cell population maintenance",1,1
"dispersed_repeat","GO:0007160","cell-matrix adhesion",0.0833333333333333,0.00671140939597315,0.5,12.4166666666667,3.31279295962594,0.0790454884414615,0.184439473030077,0.15254392506247,"evm.utg2333.11",1,"evm.utg2333.11","exp1__dispersed_repeat__evm.utg2333.11__702","dispersed_repeat","CpG",-2.380952381,0.06875122,1,1,"Biological Processes","dispersed_repeat","Acute Experiment","1/12","2/298","BP","BP_12","GO:0007155","cell adhesion",3,0.699745413123679
"dispersed_repeat","GO:0034765","regulation of monoatomic ion transmembrane transport",0.0833333333333333,0.00671140939597315,0.5,12.4166666666667,3.31279295962594,0.0790454884414615,0.184439473030077,0.15254392506247,"evm.utg816.25",1,"evm.utg816.25","exp1__dispersed_repeat__evm.utg816.25__2527","dispersed_repeat","CpG",12.35521236,0.032229899,1,1,"Biological Processes","dispersed_repeat","Acute Experiment","1/12","2/298","BP","BP_21","GO:0034765","regulation of monoatomic ion transmembrane transport",1,1
"dispersed_repeat","GO:0051301","cell division",0.0833333333333333,0.00671140939597315,0.5,12.4166666666667,3.31279295962594,0.0790454884414615,0.184439473030077,0.15254392506247,"evm.utg10470.24",1,"evm.utg10470.24","exp1__dispersed_repeat__evm.utg10470.24__54","dispersed_repeat","CpG",1.834862385,0.083596936,1,1,"Biological Processes","dispersed_repeat","Acute Experiment","1/12","2/298","BP","BP_2","GO:0007154","cell communication",3,0.657236149017841
"dispersed_repeat","GO:0007156","homophilic cell adhesion via plasma membrane adhesion molecules",0.0833333333333333,0.0100671140939597,0.333333333333333,8.27777777777778,2.59080210380282,0.116381482153294,0.203667593768265,0.168446882063979,"evm.utg9625.4",1,"evm.utg9625.4","exp1__dispersed_repeat__evm.utg9625.4__2656","dispersed_repeat","CpG",1.086956522,0.095716628,1,1,"Biological Processes","dispersed_repeat","Acute Experiment","1/12","3/298","BP","BP_12","GO:0007155","cell adhesion",3,0.673855502106646
"dispersed_repeat","GO:0008380","RNA splicing",0.0833333333333333,0.0100671140939597,0.333333333333333,8.27777777777778,2.59080210380282,0.116381482153294,0.203667593768265,0.168446882063979,"evm.utg1032.34",1,"evm.utg1032.34","exp1__dispersed_repeat__evm.utg1032.34__9765","dispersed_repeat","CHH",1.066924846,0.052311214,1,2,"Biological Processes","dispersed_repeat","Acute Experiment","1/12","3/298","BP","BP_1","GO:0016070","RNA metabolic process",9,0.628108811427088
"dispersed_repeat","GO:0008380","RNA splicing",0.0833333333333333,0.0100671140939597,0.333333333333333,8.27777777777778,2.59080210380282,0.116381482153294,0.203667593768265,0.168446882063979,"evm.utg1032.34",1,"evm.utg1032.34","exp1__dispersed_repeat__evm.utg1032.34__9766","dispersed_repeat","CHH",1.066924846,0.052311214,1,2,"Biological Processes","dispersed_repeat","Acute Experiment","1/12","3/298","BP","BP_1","GO:0016070","RNA metabolic process",9,0.628108811427088
"dispersed_repeat","GO:0007154","cell communication",0.0833333333333333,0.0167785234899329,0.2,4.96666666666667,1.8292064739921,0.186924254176477,0.261693955847068,0.216438610099078,"evm.utg268.25.1.5c22edff",1,"evm.utg268.25.1.5c22edff","exp1__dispersed_repeat__evm.utg268.25.1.5c22edff__11366","dispersed_repeat","CHH",0.513833992,0.000950246,1,1,"Biological Processes","dispersed_repeat","Acute Experiment","1/12","5/298","BP","BP_2","GO:0007154","cell communication",3,0.657236149017841
"dispersed_repeat","GO:0030433","ubiquitin-dependent ERAD pathway",0.0833333333333333,0.0167785234899329,0.2,4.96666666666667,1.8292064739921,0.186924254176477,0.261693955847068,0.216438610099078,"evm.utg24440.2",1,"evm.utg24440.2","exp1__dispersed_repeat__evm.utg24440.2__11042","dispersed_repeat","CHH",-2.034428795,0.006654635,1,3,"Biological Processes","dispersed_repeat","Acute Experiment","1/12","5/298","BP","BP_19","GO:1904294","positive regulation of ERAD pathway",2,0.765087682369792
"dispersed_repeat","GO:0030433","ubiquitin-dependent ERAD pathway",0.0833333333333333,0.0167785234899329,0.2,4.96666666666667,1.8292064739921,0.186924254176477,0.261693955847068,0.216438610099078,"evm.utg24440.2",1,"evm.utg24440.2","exp1__dispersed_repeat__evm.utg24440.2__11043","dispersed_repeat","CHH",-2.034428795,0.006654635,1,3,"Biological Processes","dispersed_repeat","Acute Experiment","1/12","5/298","BP","BP_19","GO:1904294","positive regulation of ERAD pathway",2,0.765087682369792
"dispersed_repeat","GO:0030433","ubiquitin-dependent ERAD pathway",0.0833333333333333,0.0167785234899329,0.2,4.96666666666667,1.8292064739921,0.186924254176477,0.261693955847068,0.216438610099078,"evm.utg24440.2",1,"evm.utg24440.2","exp1__dispersed_repeat__evm.utg24440.2__11044","dispersed_repeat","CHH",-2.034428795,0.006654635,1,3,"Biological Processes","dispersed_repeat","Acute Experiment","1/12","5/298","BP","BP_19","GO:1904294","positive regulation of ERAD pathway",2,0.765087682369792
"dispersed_repeat","GO:0006470","protein dephosphorylation",0.0833333333333333,0.0201342281879195,0.166666666666667,4.13888888888889,1.58834914397346,0.22022428472215,0.271675236067131,0.224693804266048,"evm.utg989.44.45.2.5c2798c8",1,"evm.utg989.44.45.2.5c2798c8","exp1__dispersed_repeat__evm.utg989.44.45.2.5c2798c8__13391","dispersed_repeat","CHH",-1.589638331,0.000244134,1,2,"Biological Processes","dispersed_repeat","Acute Experiment","1/12","6/298","BP","BP_8","GO:0006468","protein phosphorylation",4,0.703374850063978
"dispersed_repeat","GO:0006470","protein dephosphorylation",0.0833333333333333,0.0201342281879195,0.166666666666667,4.13888888888889,1.58834914397346,0.22022428472215,0.271675236067131,0.224693804266048,"evm.utg989.44.45.2.5c2798c8",1,"evm.utg989.44.45.2.5c2798c8","exp1__dispersed_repeat__evm.utg989.44.45.2.5c2798c8__13392","dispersed_repeat","CHH",-1.589638331,0.000244134,1,2,"Biological Processes","dispersed_repeat","Acute Experiment","1/12","6/298","BP","BP_8","GO:0006468","protein phosphorylation",4,0.703374850063978
"dispersed_repeat","GO:0006397","mRNA processing",0.0833333333333333,0.023489932885906,0.142857142857143,3.54761904761905,1.39483502412788,0.252269862062336,0.271675236067131,0.224693804266048,"evm.utg1032.34",1,"evm.utg1032.34","exp1__dispersed_repeat__evm.utg1032.34__9765","dispersed_repeat","CHH",1.066924846,0.052311214,1,2,"Biological Processes","dispersed_repeat","Acute Experiment","1/12","7/298","BP","BP_1","GO:0016070","RNA metabolic process",9,0.611456692555683
"dispersed_repeat","GO:0006397","mRNA processing",0.0833333333333333,0.023489932885906,0.142857142857143,3.54761904761905,1.39483502412788,0.252269862062336,0.271675236067131,0.224693804266048,"evm.utg1032.34",1,"evm.utg1032.34","exp1__dispersed_repeat__evm.utg1032.34__9766","dispersed_repeat","CHH",1.066924846,0.052311214,1,2,"Biological Processes","dispersed_repeat","Acute Experiment","1/12","7/298","BP","BP_1","GO:0016070","RNA metabolic process",9,0.611456692555683
"dispersed_repeat","GO:0030154","cell differentiation",0.0833333333333333,0.023489932885906,0.142857142857143,3.54761904761905,1.39483502412788,0.252269862062336,0.271675236067131,0.224693804266048,"evm.utg1569.8",1,"evm.utg1569.8","exp1__dispersed_repeat__evm.utg1569.8__356","dispersed_repeat","CpG",-0.954979536,0.083596936,1,1,"Biological Processes","dispersed_repeat","Acute Experiment","1/12","7/298","BP","BP_17","GO:0070593","dendrite self-avoidance",2,0.748310163501551
"dispersed_repeat","GO:0015074","DNA integration",0.0833333333333333,0.110738255033557,0.0303030303030303,0.752525252525253,-0.308283835678762,0.762294245821275,0.762294245821275,0.63046892511534,"evm.utg1256.23",1,"evm.utg1256.23","exp1__dispersed_repeat__evm.utg1256.23__203","dispersed_repeat","CpG",-0.782441252,0.005905139,1,3,"Biological Processes","dispersed_repeat","Acute Experiment","1/12","33/298","BP","BP_1","GO:0016070","RNA metabolic process",9,0.668692195122565
"dispersed_repeat","GO:0015074","DNA integration",0.0833333333333333,0.110738255033557,0.0303030303030303,0.752525252525253,-0.308283835678762,0.762294245821275,0.762294245821275,0.63046892511534,"evm.utg1256.23",1,"evm.utg1256.23","exp1__dispersed_repeat__evm.utg1256.23__204","dispersed_repeat","CpG",-0.782441252,0.005905139,1,3,"Biological Processes","dispersed_repeat","Acute Experiment","1/12","33/298","BP","BP_1","GO:0016070","RNA metabolic process",9,0.668692195122565
"dispersed_repeat","GO:0015074","DNA integration",0.0833333333333333,0.110738255033557,0.0303030303030303,0.752525252525253,-0.308283835678762,0.762294245821275,0.762294245821275,0.63046892511534,"evm.utg1256.23",1,"evm.utg1256.23","exp1__dispersed_repeat__evm.utg1256.23__205","dispersed_repeat","CpG",-0.782441252,0.005905139,1,3,"Biological Processes","dispersed_repeat","Acute Experiment","1/12","33/298","BP","BP_1","GO:0016070","RNA metabolic process",9,0.668692195122565
"dispersed_repeat","GO:0005509","calcium ion binding",0.333333333333333,0.0629370629370629,0.222222222222222,5.2962962962963,4.82059123443333,0.000388860168384447,0.00505518218899781,0.00368393843732634,"evm.utg1569.8",6,"evm.utg1569.8/evm.utg2333.11/evm.utg3884.52/evm.utg9625.4/utg2379.equina_smart_1636200.mrna1/evm.utg1138.4","exp1__dispersed_repeat__evm.utg1569.8__356","dispersed_repeat","CpG",-0.954979536,0.083596936,6,9,"Molecular Functions","dispersed_repeat","Acute Experiment","6/18","27/429","MF","MF_25","GO:0046872","metal ion binding",3,0.791666231249055
"dispersed_repeat","GO:0005509","calcium ion binding",0.333333333333333,0.0629370629370629,0.222222222222222,5.2962962962963,4.82059123443333,0.000388860168384447,0.00505518218899781,0.00368393843732634,"evm.utg2333.11",6,"evm.utg1569.8/evm.utg2333.11/evm.utg3884.52/evm.utg9625.4/utg2379.equina_smart_1636200.mrna1/evm.utg1138.4","exp1__dispersed_repeat__evm.utg2333.11__702","dispersed_repeat","CpG",-2.380952381,0.06875122,6,9,"Molecular Functions","dispersed_repeat","Acute Experiment","6/18","27/429","MF","MF_25","GO:0046872","metal ion binding",3,0.791666231249055
"dispersed_repeat","GO:0005509","calcium ion binding",0.333333333333333,0.0629370629370629,0.222222222222222,5.2962962962963,4.82059123443333,0.000388860168384447,0.00505518218899781,0.00368393843732634,"evm.utg3884.52",6,"evm.utg1569.8/evm.utg2333.11/evm.utg3884.52/evm.utg9625.4/utg2379.equina_smart_1636200.mrna1/evm.utg1138.4","exp1__dispersed_repeat__evm.utg3884.52__1697","dispersed_repeat","CpG",0.479846449,0.079882812,6,9,"Molecular Functions","dispersed_repeat","Acute Experiment","6/18","27/429","MF","MF_25","GO:0046872","metal ion binding",3,0.791666231249055
"dispersed_repeat","GO:0005509","calcium ion binding",0.333333333333333,0.0629370629370629,0.222222222222222,5.2962962962963,4.82059123443333,0.000388860168384447,0.00505518218899781,0.00368393843732634,"evm.utg3884.52",6,"evm.utg1569.8/evm.utg2333.11/evm.utg3884.52/evm.utg9625.4/utg2379.equina_smart_1636200.mrna1/evm.utg1138.4","exp1__dispersed_repeat__evm.utg3884.52__6558","dispersed_repeat","CHG",0.657894737,0.014207606,6,9,"Molecular Functions","dispersed_repeat","Acute Experiment","6/18","27/429","MF","MF_25","GO:0046872","metal ion binding",3,0.791666231249055
"dispersed_repeat","GO:0005509","calcium ion binding",0.333333333333333,0.0629370629370629,0.222222222222222,5.2962962962963,4.82059123443333,0.000388860168384447,0.00505518218899781,0.00368393843732634,"evm.utg9625.4",6,"evm.utg1569.8/evm.utg2333.11/evm.utg3884.52/evm.utg9625.4/utg2379.equina_smart_1636200.mrna1/evm.utg1138.4","exp1__dispersed_repeat__evm.utg9625.4__2656","dispersed_repeat","CpG",1.086956522,0.095716628,6,9,"Molecular Functions","dispersed_repeat","Acute Experiment","6/18","27/429","MF","MF_25","GO:0046872","metal ion binding",3,0.791666231249055
"dispersed_repeat","GO:0005509","calcium ion binding",0.333333333333333,0.0629370629370629,0.222222222222222,5.2962962962963,4.82059123443333,0.000388860168384447,0.00505518218899781,0.00368393843732634,"utg2379.equina_smart_1636200.mrna1",6,"evm.utg1569.8/evm.utg2333.11/evm.utg3884.52/evm.utg9625.4/utg2379.equina_smart_1636200.mrna1/evm.utg1138.4","exp1__dispersed_repeat__utg2379.equina_smart_1636200.mrna1__5871","dispersed_repeat","CHG",-0.675675676,0.032487392,6,9,"Molecular Functions","dispersed_repeat","Acute Experiment","6/18","27/429","MF","MF_25","GO:0046872","metal ion binding",3,0.791666231249055
"dispersed_repeat","GO:0005509","calcium ion binding",0.333333333333333,0.0629370629370629,0.222222222222222,5.2962962962963,4.82059123443333,0.000388860168384447,0.00505518218899781,0.00368393843732634,"utg2379.equina_smart_1636200.mrna1",6,"evm.utg1569.8/evm.utg2333.11/evm.utg3884.52/evm.utg9625.4/utg2379.equina_smart_1636200.mrna1/evm.utg1138.4","exp1__dispersed_repeat__utg2379.equina_smart_1636200.mrna1__5872","dispersed_repeat","CHG",-0.675675676,0.032487392,6,9,"Molecular Functions","dispersed_repeat","Acute Experiment","6/18","27/429","MF","MF_25","GO:0046872","metal ion binding",3,0.791666231249055
"dispersed_repeat","GO:0005509","calcium ion binding",0.333333333333333,0.0629370629370629,0.222222222222222,5.2962962962963,4.82059123443333,0.000388860168384447,0.00505518218899781,0.00368393843732634,"utg2379.equina_smart_1636200.mrna1",6,"evm.utg1569.8/evm.utg2333.11/evm.utg3884.52/evm.utg9625.4/utg2379.equina_smart_1636200.mrna1/evm.utg1138.4","exp1__dispersed_repeat__utg2379.equina_smart_1636200.mrna1__5873","dispersed_repeat","CHG",-0.675675676,0.032487392,6,9,"Molecular Functions","dispersed_repeat","Acute Experiment","6/18","27/429","MF","MF_25","GO:0046872","metal ion binding",3,0.791666231249055
"dispersed_repeat","GO:0005509","calcium ion binding",0.333333333333333,0.0629370629370629,0.222222222222222,5.2962962962963,4.82059123443333,0.000388860168384447,0.00505518218899781,0.00368393843732634,"evm.utg1138.4",6,"evm.utg1569.8/evm.utg2333.11/evm.utg3884.52/evm.utg9625.4/utg2379.equina_smart_1636200.mrna1/evm.utg1138.4","exp1__dispersed_repeat__evm.utg1138.4__9891","dispersed_repeat","CHH",-2.010050251,2.48e-05,6,9,"Molecular Functions","dispersed_repeat","Acute Experiment","6/18","27/429","MF","MF_25","GO:0046872","metal ion binding",3,0.791666231249055
"dispersed_repeat","GO:0004035","alkaline phosphatase activity",0.0555555555555556,0.00233100233100233,1,23.8333333333333,4.77842372894382,0.041958041958042,0.136363636363636,0.0993743099006257,"evm.utg479.60",1,"evm.utg479.60","exp1__dispersed_repeat__evm.utg479.60__12518","dispersed_repeat","CHH",5.673758865,4.95e-06,1,1,"Molecular Functions","dispersed_repeat","Acute Experiment","1/18","1/429","MF","MF_11","GO:0004721","phosphoprotein phosphatase activity",3,0.727463992889562
"dispersed_repeat","GO:0005245","voltage-gated calcium channel activity",0.0555555555555556,0.00233100233100233,1,23.8333333333333,4.77842372894382,0.041958041958042,0.136363636363636,0.0993743099006257,"evm.utg816.25",1,"evm.utg816.25","exp1__dispersed_repeat__evm.utg816.25__2527","dispersed_repeat","CpG",12.35521236,0.032229899,1,1,"Molecular Functions","dispersed_repeat","Acute Experiment","1/18","1/429","MF","MF_24","GO:0005245","voltage-gated calcium channel activity",3,0.829383142449268
"dispersed_repeat","GO:0008483","transaminase activity",0.0555555555555556,0.00233100233100233,1,23.8333333333333,4.77842372894382,0.041958041958042,0.136363636363636,0.0993743099006257,"evm.utg30804.6",1,"evm.utg30804.6","exp1__dispersed_repeat__evm.utg30804.6__1394","dispersed_repeat","CpG",-7.792059577,0.00031614,1,5,"Molecular Functions","dispersed_repeat","Acute Experiment","1/18","1/429","MF","MF_28","GO:0008483","transaminase activity",2,0.828736072212931
"dispersed_repeat","GO:0008483","transaminase activity",0.0555555555555556,0.00233100233100233,1,23.8333333333333,4.77842372894382,0.041958041958042,0.136363636363636,0.0993743099006257,"evm.utg30804.6",1,"evm.utg30804.6","exp1__dispersed_repeat__evm.utg30804.6__1395","dispersed_repeat","CpG",-7.792059577,0.00031614,1,5,"Molecular Functions","dispersed_repeat","Acute Experiment","1/18","1/429","MF","MF_28","GO:0008483","transaminase activity",2,0.828736072212931
"dispersed_repeat","GO:0008483","transaminase activity",0.0555555555555556,0.00233100233100233,1,23.8333333333333,4.77842372894382,0.041958041958042,0.136363636363636,0.0993743099006257,"evm.utg30804.6",1,"evm.utg30804.6","exp1__dispersed_repeat__evm.utg30804.6__1396","dispersed_repeat","CpG",-7.792059577,0.00031614,1,5,"Molecular Functions","dispersed_repeat","Acute Experiment","1/18","1/429","MF","MF_28","GO:0008483","transaminase activity",2,0.828736072212931
"dispersed_repeat","GO:0008483","transaminase activity",0.0555555555555556,0.00233100233100233,1,23.8333333333333,4.77842372894382,0.041958041958042,0.136363636363636,0.0993743099006257,"evm.utg30804.6",1,"evm.utg30804.6","exp1__dispersed_repeat__evm.utg30804.6__11626","dispersed_repeat","CHH",-2.678571429,0.000927809,1,5,"Molecular Functions","dispersed_repeat","Acute Experiment","1/18","1/429","MF","MF_28","GO:0008483","transaminase activity",2,0.828736072212931
"dispersed_repeat","GO:0008483","transaminase activity",0.0555555555555556,0.00233100233100233,1,23.8333333333333,4.77842372894382,0.041958041958042,0.136363636363636,0.0993743099006257,"evm.utg30804.6",1,"evm.utg30804.6","exp1__dispersed_repeat__evm.utg30804.6__11627","dispersed_repeat","CHH",-2.678571429,0.000927809,1,5,"Molecular Functions","dispersed_repeat","Acute Experiment","1/18","1/429","MF","MF_28","GO:0008483","transaminase activity",2,0.828736072212931
"dispersed_repeat","GO:0043130","ubiquitin binding",0.0555555555555556,0.00932400932400932,0.25,5.95833333333333,2.08261252737343,0.158080411055594,0.296356161313779,0.215968052779272,"evm.utg24440.2",1,"evm.utg24440.2","exp1__dispersed_repeat__evm.utg24440.2__11042","dispersed_repeat","CHH",-2.034428795,0.006654635,1,3,"Molecular Functions","dispersed_repeat","Acute Experiment","1/18","4/429","MF","MF_34","GO:0046983","protein dimerization activity",3,0.660767795556058
"dispersed_repeat","GO:0043130","ubiquitin binding",0.0555555555555556,0.00932400932400932,0.25,5.95833333333333,2.08261252737343,0.158080411055594,0.296356161313779,0.215968052779272,"evm.utg24440.2",1,"evm.utg24440.2","exp1__dispersed_repeat__evm.utg24440.2__11043","dispersed_repeat","CHH",-2.034428795,0.006654635,1,3,"Molecular Functions","dispersed_repeat","Acute Experiment","1/18","4/429","MF","MF_34","GO:0046983","protein dimerization activity",3,0.660767795556058
"dispersed_repeat","GO:0043130","ubiquitin binding",0.0555555555555556,0.00932400932400932,0.25,5.95833333333333,2.08261252737343,0.158080411055594,0.296356161313779,0.215968052779272,"evm.utg24440.2",1,"evm.utg24440.2","exp1__dispersed_repeat__evm.utg24440.2__11044","dispersed_repeat","CHH",-2.034428795,0.006654635,1,3,"Molecular Functions","dispersed_repeat","Acute Experiment","1/18","4/429","MF","MF_34","GO:0046983","protein dimerization activity",3,0.660767795556058
"dispersed_repeat","GO:0043565","sequence-specific DNA binding",0.0555555555555556,0.00932400932400932,0.25,5.95833333333333,2.08261252737343,0.158080411055594,0.296356161313779,0.215968052779272,"evm.utg1395.61",1,"evm.utg1395.61","exp1__dispersed_repeat__evm.utg1395.61__276","dispersed_repeat","CpG",-0.682422612,0.095716628,1,1,"Molecular Functions","dispersed_repeat","Acute Experiment","1/18","4/429","MF","MF_4","GO:0003676","nucleic acid binding",7,0.618584823654081
"dispersed_repeat","GO:0004725","protein tyrosine phosphatase activity",0.0555555555555556,0.0116550116550117,0.2,4.76666666666667,1.77090999358791,0.193738181881474,0.296356161313779,0.215968052779272,"evm.utg989.44.45.2.5c2798c8",1,"evm.utg989.44.45.2.5c2798c8","exp1__dispersed_repeat__evm.utg989.44.45.2.5c2798c8__13391","dispersed_repeat","CHH",-1.589638331,0.000244134,1,2,"Molecular Functions","dispersed_repeat","Acute Experiment","1/18","5/429","MF","MF_11","GO:0004721","phosphoprotein phosphatase activity",3,0.809602608572543
"dispersed_repeat","GO:0004725","protein tyrosine phosphatase activity",0.0555555555555556,0.0116550116550117,0.2,4.76666666666667,1.77090999358791,0.193738181881474,0.296356161313779,0.215968052779272,"evm.utg989.44.45.2.5c2798c8",1,"evm.utg989.44.45.2.5c2798c8","exp1__dispersed_repeat__evm.utg989.44.45.2.5c2798c8__13392","dispersed_repeat","CHH",-1.589638331,0.000244134,1,2,"Molecular Functions","dispersed_repeat","Acute Experiment","1/18","5/429","MF","MF_11","GO:0004721","phosphoprotein phosphatase activity",3,0.809602608572543
"dispersed_repeat","GO:0008270","zinc ion binding",0.166666666666667,0.0909090909090909,0.0769230769230769,1.83333333333333,1.14092206702168,0.218524823425914,0.296356161313779,0.215968052779272,"evm.utg17372.1",3,"evm.utg17372.1/evm.utg3906.20/evm.utg1032.34","exp1__dispersed_repeat__evm.utg17372.1__423","dispersed_repeat","CpG",1.540436457,0.004929962,3,7,"Molecular Functions","dispersed_repeat","Acute Experiment","3/18","39/429","MF","MF_25","GO:0046872","metal ion binding",3,0.752833309165074
"dispersed_repeat","GO:0008270","zinc ion binding",0.166666666666667,0.0909090909090909,0.0769230769230769,1.83333333333333,1.14092206702168,0.218524823425914,0.296356161313779,0.215968052779272,"evm.utg3906.20",3,"evm.utg17372.1/evm.utg3906.20/evm.utg1032.34","exp1__dispersed_repeat__evm.utg3906.20__1703","dispersed_repeat","CpG",-2.631578947,4.18e-05,3,7,"Molecular Functions","dispersed_repeat","Acute Experiment","3/18","39/429","MF","MF_25","GO:0046872","metal ion binding",3,0.752833309165074
"dispersed_repeat","GO:0008270","zinc ion binding",0.166666666666667,0.0909090909090909,0.0769230769230769,1.83333333333333,1.14092206702168,0.218524823425914,0.296356161313779,0.215968052779272,"evm.utg3906.20",3,"evm.utg17372.1/evm.utg3906.20/evm.utg1032.34","exp1__dispersed_repeat__evm.utg3906.20__1704","dispersed_repeat","CpG",-2.631578947,4.18e-05,3,7,"Molecular Functions","dispersed_repeat","Acute Experiment","3/18","39/429","MF","MF_25","GO:0046872","metal ion binding",3,0.752833309165074
"dispersed_repeat","GO:0008270","zinc ion binding",0.166666666666667,0.0909090909090909,0.0769230769230769,1.83333333333333,1.14092206702168,0.218524823425914,0.296356161313779,0.215968052779272,"evm.utg3906.20",3,"evm.utg17372.1/evm.utg3906.20/evm.utg1032.34","exp1__dispersed_repeat__evm.utg3906.20__6562","dispersed_repeat","CHG",-2.355072464,0.001844295,3,7,"Molecular Functions","dispersed_repeat","Acute Experiment","3/18","39/429","MF","MF_25","GO:0046872","metal ion binding",3,0.752833309165074
"dispersed_repeat","GO:0008270","zinc ion binding",0.166666666666667,0.0909090909090909,0.0769230769230769,1.83333333333333,1.14092206702168,0.218524823425914,0.296356161313779,0.215968052779272,"evm.utg3906.20",3,"evm.utg17372.1/evm.utg3906.20/evm.utg1032.34","exp1__dispersed_repeat__evm.utg3906.20__6563","dispersed_repeat","CHG",-2.355072464,0.001844295,3,7,"Molecular Functions","dispersed_repeat","Acute Experiment","3/18","39/429","MF","MF_25","GO:0046872","metal ion binding",3,0.752833309165074
"dispersed_repeat","GO:0008270","zinc ion binding",0.166666666666667,0.0909090909090909,0.0769230769230769,1.83333333333333,1.14092206702168,0.218524823425914,0.296356161313779,0.215968052779272,"evm.utg1032.34",3,"evm.utg17372.1/evm.utg3906.20/evm.utg1032.34","exp1__dispersed_repeat__evm.utg1032.34__9765","dispersed_repeat","CHH",1.066924846,0.052311214,3,7,"Molecular Functions","dispersed_repeat","Acute Experiment","3/18","39/429","MF","MF_25","GO:0046872","metal ion binding",3,0.752833309165074
"dispersed_repeat","GO:0008270","zinc ion binding",0.166666666666667,0.0909090909090909,0.0769230769230769,1.83333333333333,1.14092206702168,0.218524823425914,0.296356161313779,0.215968052779272,"evm.utg1032.34",3,"evm.utg17372.1/evm.utg3906.20/evm.utg1032.34","exp1__dispersed_repeat__evm.utg1032.34__9766","dispersed_repeat","CHH",1.066924846,0.052311214,3,7,"Molecular Functions","dispersed_repeat","Acute Experiment","3/18","39/429","MF","MF_25","GO:0046872","metal ion binding",3,0.752833309165074
"dispersed_repeat","GO:0004386","helicase activity",0.0555555555555556,0.013986013986014,0.166666666666667,3.97222222222222,1.53258279058238,0.227966277933676,0.296356161313779,0.215968052779272,"evm.utg17372.1",1,"evm.utg17372.1","exp1__dispersed_repeat__evm.utg17372.1__423","dispersed_repeat","CpG",1.540436457,0.004929962,1,1,"Molecular Functions","dispersed_repeat","Acute Experiment","1/18","6/429","MF","MF_6","GO:0003724","RNA helicase activity",2,0.89203599873924
"dispersed_repeat","GO:0005044","scavenger receptor activity",0.0555555555555556,0.013986013986014,0.166666666666667,3.97222222222222,1.53258279058238,0.227966277933676,0.296356161313779,0.215968052779272,"evm.utg1569.8",1,"evm.utg1569.8","exp1__dispersed_repeat__evm.utg1569.8__356","dispersed_repeat","CpG",-0.954979536,0.083596936,1,1,"Molecular Functions","dispersed_repeat","Acute Experiment","1/18","6/429","MF","MF_22","GO:0005044","scavenger receptor activity",1,1
"dispersed_repeat","GO:0003676","nucleic acid binding",0.111111111111111,0.0606060606060606,0.0769230769230769,1.83333333333333,0.916410657003209,0.298790706949269,0.353116290030954,0.257331709334298,"evm.utg1256.23",2,"evm.utg1256.23/evm.utg1032.34","exp1__dispersed_repeat__evm.utg1256.23__203","dispersed_repeat","CpG",-0.782441252,0.005905139,2,5,"Molecular Functions","dispersed_repeat","Acute Experiment","2/18","26/429","MF","MF_4","GO:0003676","nucleic acid binding",7,0.755500533475712
"dispersed_repeat","GO:0003676","nucleic acid binding",0.111111111111111,0.0606060606060606,0.0769230769230769,1.83333333333333,0.916410657003209,0.298790706949269,0.353116290030954,0.257331709334298,"evm.utg1256.23",2,"evm.utg1256.23/evm.utg1032.34","exp1__dispersed_repeat__evm.utg1256.23__204","dispersed_repeat","CpG",-0.782441252,0.005905139,2,5,"Molecular Functions","dispersed_repeat","Acute Experiment","2/18","26/429","MF","MF_4","GO:0003676","nucleic acid binding",7,0.755500533475712
"dispersed_repeat","GO:0003676","nucleic acid binding",0.111111111111111,0.0606060606060606,0.0769230769230769,1.83333333333333,0.916410657003209,0.298790706949269,0.353116290030954,0.257331709334298,"evm.utg1256.23",2,"evm.utg1256.23/evm.utg1032.34","exp1__dispersed_repeat__evm.utg1256.23__205","dispersed_repeat","CpG",-0.782441252,0.005905139,2,5,"Molecular Functions","dispersed_repeat","Acute Experiment","2/18","26/429","MF","MF_4","GO:0003676","nucleic acid binding",7,0.755500533475712
"dispersed_repeat","GO:0003676","nucleic acid binding",0.111111111111111,0.0606060606060606,0.0769230769230769,1.83333333333333,0.916410657003209,0.298790706949269,0.353116290030954,0.257331709334298,"evm.utg1032.34",2,"evm.utg1256.23/evm.utg1032.34","exp1__dispersed_repeat__evm.utg1032.34__9765","dispersed_repeat","CHH",1.066924846,0.052311214,2,5,"Molecular Functions","dispersed_repeat","Acute Experiment","2/18","26/429","MF","MF_4","GO:0003676","nucleic acid binding",7,0.755500533475712
"dispersed_repeat","GO:0003676","nucleic acid binding",0.111111111111111,0.0606060606060606,0.0769230769230769,1.83333333333333,0.916410657003209,0.298790706949269,0.353116290030954,0.257331709334298,"evm.utg1032.34",2,"evm.utg1256.23/evm.utg1032.34","exp1__dispersed_repeat__evm.utg1032.34__9766","dispersed_repeat","CHH",1.066924846,0.052311214,2,5,"Molecular Functions","dispersed_repeat","Acute Experiment","2/18","26/429","MF","MF_4","GO:0003676","nucleic acid binding",7,0.755500533475712
"dispersed_repeat","GO:0046872","metal ion binding",0.111111111111111,0.111888111888112,0.0416666666666667,0.993055555555556,-0.0106716817402459,0.619443892854695,0.671064217259253,0.489034652253707,"evm.utg816.25",2,"evm.utg816.25/evm.utg221.15","exp1__dispersed_repeat__evm.utg816.25__2527","dispersed_repeat","CpG",12.35521236,0.032229899,2,2,"Molecular Functions","dispersed_repeat","Acute Experiment","2/18","48/429","MF","MF_25","GO:0046872","metal ion binding",3,0.844500090415137
"dispersed_repeat","GO:0046872","metal ion binding",0.111111111111111,0.111888111888112,0.0416666666666667,0.993055555555556,-0.0106716817402459,0.619443892854695,0.671064217259253,0.489034652253707,"evm.utg221.15",2,"evm.utg816.25/evm.utg221.15","exp1__dispersed_repeat__evm.utg221.15__10704","dispersed_repeat","CHH",-0.782122905,0.029315754,2,2,"Molecular Functions","dispersed_repeat","Acute Experiment","2/18","48/429","MF","MF_25","GO:0046872","metal ion binding",3,0.844500090415137
"dispersed_repeat","GO:0003677","DNA binding",0.0555555555555556,0.121212121212121,0.0192307692307692,0.458333333333333,-0.870964258639335,0.907123245945423,0.907123245945423,0.661061474778041,"evm.utg432.4",1,"evm.utg432.4","exp1__dispersed_repeat__evm.utg432.4__1855","dispersed_repeat","CpG",-0.747967273,0.001753609,1,2,"Molecular Functions","dispersed_repeat","Acute Experiment","1/18","52/429","MF","MF_4","GO:0003676","nucleic acid binding",7,0.690061607206899
"dispersed_repeat","GO:0003677","DNA binding",0.0555555555555556,0.121212121212121,0.0192307692307692,0.458333333333333,-0.870964258639335,0.907123245945423,0.907123245945423,0.661061474778041,"evm.utg432.4",1,"evm.utg432.4","exp1__dispersed_repeat__evm.utg432.4__1856","dispersed_repeat","CpG",-0.747967273,0.001753609,1,2,"Molecular Functions","dispersed_repeat","Acute Experiment","1/18","52/429","MF","MF_4","GO:0003676","nucleic acid binding",7,0.690061607206899
