"set_name","value"
"Acute Methylation","evm.utg2661.21"
"Acute Methylation","evm.utg363.1"
"Acute Methylation","evm.utg28737.6"
"Acute Methylation","evm.utg29536.5"
"Acute Methylation","evm.utg4428.2"
"Acute Methylation","utg101.equina_smart_1609707.mrna1"
"Acute Methylation","evm.utg162.19"
"Acute Methylation","evm.utg11814.7"
"Acute Methylation","evm.utg40512.5"
"Acute Methylation","evm.utg4428.8"
"Acute Methylation","evm.utg6459.27"
"Acute Methylation","evm.utg1571.14"
"Acute Methylation","evm.utg1032.34"
"Acute Methylation","evm.utg35662.1"
"Acute Methylation","evm.utg512.80"
"Acute Methylation","evm.utg116.142"
"Acute Methylation","evm.utg11814.6"
"Acute Methylation","evm.utg4856.49"
"Acute Methylation","evm.utg334.43"
"Acute Methylation","evm.utg4613.33"
"Acute Methylation","evm.utg10470.24"
"Acute Methylation","evm.utg5417.33"
"Acute Methylation","evm.utg2849.3"
"Acute Methylation","evm.utg2333.11"
"Acute Methylation","evm.utg816.25"
"Acute Methylation","evm.utg9625.4"
"Acute Methylation","evm.utg268.25.1.5c22edff"
"Acute Methylation","evm.utg24440.2"
"Acute Methylation","evm.utg989.44.45.2.5c2798c8"
"Acute Methylation","evm.utg1569.8"
"Acute Methylation","evm.utg1256.23"
"Acute Methylation","evm.utg7127.52.1.5c22f377.1.5c279739"
"Acute Methylation","evm.utg9625.2"
"Acute Methylation","evm.utg3906.20"
"Acute Methylation","evm.utg7127.52"
"Acute Methylation","utg7127.equina_smart_1282991.mrna2"
"Acute Methylation","evm.utg2327.13"
"Acute Methylation","utg101.equina_smart_1619046.mrna5"
"Acute Methylation","evm.utg17539.13"
"Acute Methylation","evm.utg4605.20"
"Acute Methylation","evm.utg542.38"
"Acute Methylation","evm.utg2661.20"
"Acute Methylation","evm.utg816.8"
"Acute Methylation","evm.utg59087.4"
"Acute Methylation","evm.utg1138.4"
"Acute Methylation","evm.utg3884.52"
"Acute Methylation","utg2379.equina_smart_1636200.mrna1"
"Acute Methylation","evm.utg479.60"
"Acute Methylation","evm.utg30804.6"
"Acute Methylation","evm.utg1395.61"
"Acute Methylation","evm.utg17372.1"
"Acute Methylation","evm.utg221.15"
"Acute Methylation","evm.utg432.4"
"Primed Methylation","evm.utg1032.43"
"Primed Methylation","evm.utg2353.42"
"Primed Methylation","evm.utg3839.77"
"Primed Methylation","evm.utg268.25"
"Primed Methylation","evm.utg268.25.1.5c22edff"
"Primed Methylation","evm.utg268.25.2.5c22edff"
"Primed Methylation","evm.utg268.25.3.5c22edff"
"Primed Methylation","evm.utg268.25.3.5c22edff.1.5c2792b6"
"Primed Methylation","utg4321.evm.utg13237.7.mrna4"
"Primed Methylation","evm.utg4977.3"
"Primed Methylation","evm.utg579.116"
"Primed Methylation","utg5074.evm.utg7286.34.mrna4"
"Primed Methylation","utg579.evm.utg11123.1.6.5c22e8a4.mrna3"
"Primed Methylation","evm.utg43451.17"
"Primed Methylation","evm.utg1127.12"
"Primed Methylation","evm.utg1828.1"
"Primed Methylation","evm.utg2606.44"
"Primed Methylation","evm.utg320.52"
"Primed Methylation","evm.utg1818.18"
"Primed Methylation","evm.utg684.27"
"Primed Methylation","evm.utg1890.18"
"Primed Methylation","evm.utg7656.7"
"Primed Methylation","evm.utg3522.31"
"Primed Methylation","utg11962.equina_smart_1469162utrorf.mrna1"
"Primed Methylation","evm.utg483.15"
"Primed Methylation","evm.utg2073.53"
"Primed Methylation","evm.utg4428.1"
"Primed Methylation","utg5417.equina_smart_1738001.mrna6"
"Primed Methylation","evm.utg2353.44"
"Primed Methylation","evm.utg1253.19"
"Primed Methylation","evm.utg2353.1"
"Primed Methylation","evm.utg3753.7"
"Primed Methylation","evm.utg12724.17"
"Primed Methylation","evm.utg17994.17"
"Primed Methylation","evm.utg3210.25"
"Primed Methylation","evm.utg1162.37"
"Primed Methylation","evm.utg259.49"
"Primed Methylation","evm.utg5122.15"
"Primed Methylation","evm.utg1818.2"
"Primed Methylation","evm.utg2355.3"
"Primed Methylation","evm.utg334.83"
"Primed Methylation","evm.utg2661.19"
"Primed Methylation","evm.utg2661.20"
"Primed Methylation","evm.utg1746.24"
"Primed Methylation","evm.utg169038.1"
"Primed Methylation","evm.utg1724.20"
"Primed Methylation","evm.utg1143.29"
"Primed Methylation","evm.utg1781.11"
"Primed Methylation","evm.utg1970.27"
"Primed Methylation","evm.utg159619.2"
"Primed Methylation","evm.utg2526.22"
"Primed Methylation","evm.utg684.26"
"Primed Methylation","utg1828.evm.utg112.18.mrna2"
"Primed Methylation","evm.utg3522.30"
"Primed Methylation","utg5074.evm.utg2367.2.mrna2"
"Primed Methylation","evm.utg11962.9"
"Primed Methylation","utg11962.evm.utg628.4.mrna2"
"Primed Methylation","evm.utg816.5"
"Primed Methylation","evm.utg24438.18"
"Primed Methylation","evm.utg1684.11"
"Primed Methylation","evm.utg2526.24"
"Primed Methylation","evm.utg6373.20"
"Primed Methylation","evm.utg259.6"
"Primed Methylation","evm.utg2526.23"
"Primed Methylation","evm.utg11962.8"
"Primed Methylation","evm.utg33757.21"
"Primed Methylation","evm.utg33757.22"
"Primed Methylation","evm.utg4290.31"
"Primed Methylation","evm.utg590.24"
"Primed Methylation","evm.utg30804.6"
"Primed Methylation","evm.utg262.3"
"Primed Methylation","evm.utg3329.39"
"Primed Methylation","evm.utg3470.17"
"Primed Methylation","evm.utg3487.26"
"Primed Methylation","evm.utg2849.8"
"Primed Methylation","evm.utg412866.2"
"Primed Methylation","utg2427.evm.utg261.54.mrna8"
"Primed Methylation","evm.utg334.58"
"Primed Methylation","evm.utg10358.16"
"Primed Methylation","evm.utg2367.32"
"Primed Methylation","evm.utg6959.27"
"Primed Methylation","utg1221.equina_smart_1431091.mrna1"
"Primed Methylation","evm.utg432.4"
"Acute Expression","evm.utg2108.27"
"Acute Expression","evm.utg78.53"
"Acute Expression","evm.utg777.43"
"Acute Expression","evm.utg1005.68"
"Acute Expression","evm.utg2108.34"
"Acute Expression","evm.utg5885.87"
"Acute Expression","evm.utg25862.7"
"Acute Expression","evm.utg150.65"
"Acute Expression","evm.utg97204.12"
"Acute Expression","evm.utg788.82"
"Acute Expression","evm.utg280.44"
"Acute Expression","evm.utg1972.20"
"Acute Expression","evm.utg4455.12"
"Acute Expression","evm.utg4455.19"
"Acute Expression","evm.utg12476.1"
"Acute Expression","evm.utg1972.86"
"Acute Expression","evm.utg3753.61"
"Acute Expression","evm.utg73.95"
"Acute Expression","evm.utg1239.25"
"Acute Expression","evm.utg26697.9"
"Acute Expression","evm.utg868.112"
"Acute Expression","evm.utg3722.21"
"Acute Expression","evm.utg27.73"
"Acute Expression","evm.utg992.42"
"Acute Expression","evm.utg1581.4"
"Acute Expression","evm.utg1463.13"
"Acute Expression","evm.utg7289.25"
"Acute Expression","evm.utg78.54"
"Acute Expression","evm.utg4157.34"
"Acute Expression","evm.utg729.116"
"Acute Expression","evm.utg3409.15"
"Acute Expression","evm.utg888.2"
"Acute Expression","evm.utg3522.54"
"Acute Expression","evm.utg55.33"
"Acute Expression","evm.utg1663.12"
"Acute Expression","evm.utg203.148"
"Acute Expression","evm.utg512.20"
"Acute Expression","evm.utg3790.36"
"Acute Expression","evm.utg348.3"
"Acute Expression","evm.utg112.49"
"Acute Expression","evm.utg47.12"
"Acute Expression","evm.utg170.23"
"Acute Expression","evm.utg170.24"
"Acute Expression","evm.utg27.125"
"Acute Expression","evm.utg27.127"
"Acute Expression","evm.utg1925.10"
"Acute Expression","evm.utg1555.33"
"Acute Expression","evm.utg801.104"
"Acute Expression","evm.utg4709.1"
"Acute Expression","evm.utg1683.40"
"Acute Expression","evm.utg203.93"
"Acute Expression","evm.utg203.94"
"Acute Expression","evm.utg684.2"
"Acute Expression","evm.utg1575.19"
"Acute Expression","evm.utg1931.94"
"Acute Expression","evm.utg1345.2"
"Acute Expression","evm.utg1420.4"
"Acute Expression","evm.utg234.132"
"Acute Expression","evm.utg324.183"
"Acute Expression","evm.utg4607.34"
"Acute Expression","utg418.evm.utg6875.9.mrna3"
"Acute Expression","utg10114.evm.utg6875.9.mrna2"
"Acute Expression","utg13368.evm.utg6875.9.mrna5"
"Acute Expression","evm.utg55.197"
"Acute Expression","evm.utg498.104"
"Primed Expression","evm.utg3013.18"
"Primed Expression","evm.utg92.58"
"Primed Expression","evm.utg3872.21"
"Primed Expression","evm.utg4.34"
"Primed Expression","evm.utg659.40"
"Primed Expression","evm.utg12312.2"
"Primed Expression","evm.utg6422.30"
"Primed Expression","evm.utg243.33"
"Primed Expression","evm.utg1588.10"
"Primed Expression","evm.utg498.109"
"Primed Expression","evm.utg3235.16"
"Primed Expression","evm.utg9902.7"
"Primed Expression","evm.utg4271.84.86"
"Primed Expression","evm.utg1230.37"
"Primed Expression","evm.utg1663.62"
"Primed Expression","evm.utg3839.113"
"Primed Expression","evm.utg1272.147"
"Primed Expression","evm.utg2667.15"
"Primed Expression","evm.utg19074.19"
"Primed Expression","evm.utg512.33"
"Primed Expression","evm.utg27.18"
"Primed Expression","evm.utg666.29"
"Primed Expression","evm.utg6422.31"
"Primed Expression","evm.utg8380.7"
"Primed Expression","evm.utg129.53"
"Primed Expression","evm.utg4318.26"
"Primed Expression","evm.utg6293.3"
"Primed Expression","evm.utg2487.30"
"Primed Expression","evm.utg1555.24"
"Primed Expression","evm.utg817.12"
"Primed Expression","evm.utg12937.3"
"Primed Expression","evm.utg467.16"
"Primed Expression","evm.utg693.103"
"Primed Expression","evm.utg180.71"
"Primed Expression","evm.utg1056.147"
"Primed Expression","evm.utg1277.2"
"Primed Expression","evm.utg4177.53"
"Primed Expression","evm.utg6379.12"
"Primed Expression","evm.utg1302.28"
"Primed Expression","evm.utg52146.3"
"Primed Expression","evm.utg2100.45"
"Primed Expression","evm.utg7066.6"
"Primed Expression","evm.utg77.18"
"Primed Expression","evm.utg479.13"
"Primed Expression","evm.utg1972.26"
"Primed Expression","evm.utg150.20"
"Primed Expression","evm.utg13.23"
"Primed Expression","utg5996.evm.utg5996.3.mrna2"
"Primed Expression","evm.utg17511.19"
"Primed Expression","evm.utg1465.9"
"Primed Expression","evm.utg28209.19"
"Primed Expression","evm.utg572.39"
"Primed Expression","evm.utg3872.56"
"Primed Expression","evm.utg1056.69"
"Primed Expression","evm.utg12986.45"
"Primed Expression","evm.utg699.88"
"Primed Expression","evm.utg381.36"
"Primed Expression","evm.utg109.67"
"Primed Expression","evm.utg12986.44"
"Primed Expression","evm.utg172.118"
"Primed Expression","evm.utg2483.24"
"Primed Expression","evm.utg3722.5"
"Primed Expression","evm.utg29.20"
"Primed Expression","evm.utg1194.20"
"Primed Expression","evm.utg1972.88"
"Primed Expression","evm.utg379.74"
"Primed Expression","evm.utg4709.20"
"Primed Expression","evm.utg359.41"
"Primed Expression","evm.utg762.31"
"Primed Expression","evm.utg1925.43"
"Primed Expression","evm.utg5652.47"
"Primed Expression","evm.utg5390.41"
"Primed Expression","evm.utg8494.20"
"Primed Expression","evm.utg288.7"
"Primed Expression","evm.utg4155.52"
"Primed Expression","evm.utg1846.64"
"Primed Expression","evm.utg6379.13"
"Primed Expression","evm.utg1194.6"
"Primed Expression","evm.utg15013.17"
"Primed Expression","evm.utg14703.19"
"Primed Expression","evm.utg3284.11"
"Primed Expression","evm.utg3092.4"
"Primed Expression","evm.utg1691.33"
"Primed Expression","evm.utg162.15"
"Primed Expression","evm.utg320.90"
"Primed Expression","evm.utg1588.7"
"Primed Expression","evm.utg3452.16"
"Primed Expression","evm.utg597.154"
"Primed Expression","evm.utg4155.37"
"Primed Expression","evm.utg512.84"
"Primed Expression","evm.utg861.109"
"Primed Expression","utg479.equina_smart_1896045.mrna2"
"Primed Expression","evm.utg7821.27"
"Primed Expression","evm.utg167.8"
"Primed Expression","evm.utg762.11"
"Primed Expression","evm.utg372.48"
"Primed Expression","evm.utg479.12"
"Primed Expression","evm.utg86.85"
"Primed Expression","evm.utg17372.3"
"Primed Expression","evm.utg6504.21"
"Primed Expression","evm.utg3536.12"
"Primed Expression","evm.utg699.26"
"Primed Expression","evm.utg3884.1"
"Primed Expression","evm.utg150.74"
"Primed Expression","evm.utg2247.12"
"Primed Expression","evm.utg1272.146"
"Primed Expression","evm.utg109.30"
"Primed Expression","evm.utg7168.27"
"Primed Expression","evm.utg17954.5"
"Primed Expression","evm.utg4172.5"
"Primed Expression","evm.utg1846.65"
"Primed Expression","evm.utg6422.32"
"Primed Expression","evm.utg2083.29"
"Primed Expression","evm.utg1721.34"
"Primed Expression","evm.utg788.15"
"Primed Expression","evm.utg498.164"
"Primed Expression","evm.utg25318.5"
"Primed Expression","evm.utg5390.68"
"Primed Expression","evm.utg2757.41"
"Primed Expression","evm.utg27.113"
"Primed Expression","evm.utg9668.25"
"Primed Expression","evm.utg413.28"
"Primed Expression","evm.utg9668.26"
"Primed Expression","evm.utg56.5"
"Primed Expression","evm.utg700.9"
"Primed Expression","evm.utg564.40"
"Primed Expression","evm.utg351.24"
"Primed Expression","evm.utg334.70"
"Primed Expression","evm.utg3452.3"
"Primed Expression","evm.utg7412.19"
"Primed Expression","evm.utg36508.3"
"Primed Expression","evm.utg379.23"
"Primed Expression","evm.utg334.73"
"Primed Expression","evm.utg62.4"
"Primed Expression","evm.utg172.110"
"Primed Expression","evm.utg2601.97"
"Primed Expression","evm.utg868.70"
"Primed Expression","evm.utg637.30"
"Primed Expression","evm.utg4383.19"
"Primed Expression","evm.utg3201.51"
"Primed Expression","evm.utg2428.32"
"Primed Expression","evm.utg307.32"
"Primed Expression","evm.utg61418.10"
"Primed Expression","evm.utg101.149"
"Primed Expression","evm.utg5774.9"
"Primed Expression","evm.utg3260.33"
"Primed Expression","evm.utg415.10"
"Primed Expression","evm.utg637.20"
"Primed Expression","evm.utg2521.17"
"Primed Expression","evm.utg3284.68"
"Primed Expression","evm.utg4907.62"
"Primed Expression","evm.utg152.67"
"Primed Expression","evm.utg1137.28"
"Primed Expression","evm.utg2969.25"
"Primed Expression","evm.utg1205.30"
"Primed Expression","evm.utg1230.35"
"Primed Expression","evm.utg5885.93"
"Primed Expression","evm.utg382.6"
"Primed Expression","evm.utg1746.17"
"Primed Expression","evm.utg279.9"
"Primed Expression","evm.utg2216.35"
"Primed Expression","evm.utg4907.75"
"Primed Expression","evm.utg7656.7"
"Primed Expression","evm.utg1205.82"
"Primed Expression","evm.utg1663.51"
"Primed Expression","evm.utg11096.6"
"Primed Expression","evm.utg2601.83"
"Primed Expression","evm.utg456.51"
"Primed Expression","evm.utg56.4"
"Primed Expression","evm.utg116.364"
"Primed Expression","evm.utg432.147"
"Primed Expression","evm.utg16091.7"
"Primed Expression","evm.utg498.16"
"Primed Expression","evm.utg2427.3"
"Primed Expression","evm.utg1205.6"
"Primed Expression","evm.utg15211.14"
"Primed Expression","evm.utg4326.17"
"Primed Expression","evm.utg5149.17"
"Primed Expression","evm.utg280.4"
"Primed Expression","evm.utg729.146"
"Primed Expression","evm.utg3839.92"
"Primed Expression","evm.utg616.50"
"Primed Expression","evm.utg344.60"
"Primed Expression","evm.utg324.51"
"Primed Expression","evm.utg77.171"
"Primed Expression","evm.utg858.31"
"Primed Expression","evm.utg170.26"
"Primed Expression","evm.utg411.96"
"Primed Expression","evm.utg2601.84"
"Primed Expression","evm.utg364.15"
"Primed Expression","evm.utg19866.9"
"Primed Expression","evm.utg377.39"
"Primed Expression","evm.utg7.14"
"Primed Expression","evm.utg1525.21"
"Primed Expression","evm.utg116.23"
"Primed Expression","evm.utg54.27"
"Primed Expression","evm.utg2487.11"
"Primed Expression","evm.utg729.138"
"Primed Expression","evm.utg170.28"
"Primed Expression","evm.utg217.50"
"Primed Expression","evm.utg1363.36"
"Primed Expression","evm.utg245.35"
"Primed Expression","evm.utg2817.16"
"Primed Expression","evm.utg27.20"
"Primed Expression","evm.utg496.25"
"Primed Expression","utg27.equina_smart_1255327.mrna1"
"Primed Expression","evm.utg382.5"
"Primed Expression","evm.utg7855.43"
"Primed Expression","evm.utg2487.10"
"Primed Expression","evm.utg3899.17"
"Primed Expression","evm.utg77.14"
"Primed Expression","evm.utg1285.10"
"Primed Expression","evm.utg343339.5"
"Primed Expression","evm.utg116.10"
"Primed Expression","evm.utg324.149"
"Primed Expression","evm.utg29893.6"
"Primed Expression","evm.utg381.4"
"Primed Expression","evm.utg4614.2"
"Primed Expression","evm.utg73.138"
"Primed Expression","evm.utg52.65"
"Primed Expression","evm.utg6459.42"
"Primed Expression","evm.utg1919.17"
"Primed Expression","evm.utg3797.4"
"Primed Expression","evm.utg259.26"
"Primed Expression","evm.utg160.27"
"Primed Expression","evm.utg8820.19"
"Primed Expression","evm.utg435.37"
"Primed Expression","evm.utg564.52"
"Primed Expression","evm.utg910.26"
"Primed Expression","evm.utg415.40"
"Primed Expression","evm.utg113218.5"
"Primed Expression","evm.utg279.34"
"Primed Expression","evm.utg418.62"
"Primed Expression","evm.utg170.19"
"Primed Expression","evm.utg7090.4"
"Primed Expression","evm.utg535.14"
"Primed Expression","evm.utg3409.12"
"Primed Expression","evm.utg378.110"
"Primed Expression","evm.utg13607.5"
"Primed Expression","evm.utg6875.4"
"Primed Expression","evm.utg356.140"
"Primed Expression","evm.utg101.148"
"Primed Expression","evm.utg801.95"
"Primed Expression","evm.utg126.158"
"Primed Expression","evm.utg2733.20"
"Primed Expression","evm.utg116.99"
"Primed Expression","evm.utg1910.7"
"Primed Expression","evm.utg777.71"
"Primed Expression","evm.utg622.28"
"Primed Expression","evm.utg388.9"
"Primed Expression","evm.utg4194.28"
"Primed Expression","evm.utg3834.18"
"Primed Expression","evm.utg4856.4"
"Primed Expression","evm.utg729.90"
"Primed Expression","evm.utg10470.24"
"Primed Expression","evm.utg116.178"
"Primed Expression","evm.utg234.73"
"Primed Expression","evm.utg4593.10"
"Primed Expression","evm.utg338.85"
"Primed Expression","evm.utg3878.7"
"Primed Expression","evm.utg4956.8"
"Primed Expression","evm.utg1696.10"
"Primed Expression","evm.utg1177.10"
"Primed Expression","evm.utg27.14"
"Primed Expression","evm.utg12968.13"
"Primed Expression","evm.utg4796.6"
"Primed Expression","evm.utg1970.26"
"Primed Expression","evm.utg580.24"
"Primed Expression","evm.utg7286.57"
"Primed Expression","evm.utg415.41"
"Primed Expression","evm.utg1663.8"
"Primed Expression","evm.utg1277.45"
"Primed Expression","evm.utg1925.42"
"Primed Expression","evm.utg616.92"
"Primed Expression","evm.utg192.22"
"Primed Expression","evm.utg9251.9"
"Primed Expression","evm.utg116.293"
"Primed Expression","evm.utg15552.3"
"Primed Expression","evm.utg172.145"
"Primed Expression","evm.utg777.24"
"Primed Expression","evm.utg1031.18"
"Primed Expression","evm.utg1662.2"
"Primed Expression","evm.utg2205.5"
"Primed Expression","evm.utg2798.10"
"Primed Expression","evm.utg3201.14"
"Primed Expression","evm.utg2099.37"
"Primed Expression","evm.utg1588.18"
"Primed Expression","evm.utg20788.3"
"Primed Expression","evm.utg207.25"
"Primed Expression","evm.utg219.31"
"Primed Expression","evm.utg1091.11"
"Primed Expression","evm.utg116.173"
"Primed Expression","evm.utg2073.29"
"Primed Expression","evm.utg607.67"
"Primed Expression","evm.utg1721.1"
"Primed Expression","evm.utg1571.8"
"Primed Expression","evm.utg4046.3"
"Primed Expression","evm.utg896.16"
"Primed Expression","evm.utg73.20"
"Primed Expression","evm.utg1205.103"
"Primed Expression","evm.utg4856.18"
"Primed Expression","evm.utg3899.21"
"Primed Expression","evm.utg857.8"
"Primed Expression","evm.utg31256.7"
"Primed Expression","evm.utg2111.3"
"Primed Expression","evm.utg1972.100"
"Primed Expression","evm.utg12986.67"
"Primed Expression","evm.utg411.58"
"Primed Expression","evm.utg785.13"
"Primed Expression","evm.utg97204.1"
"Primed Expression","evm.utg1972.4"
"Primed Expression","evm.utg868.67"
"Primed Expression","evm.utg868.106"
"Primed Expression","evm.utg411.57"
"Primed Expression","utg411.equina_smart_402759.mrna1"
"Primed Expression","evm.utg194.19"
"Primed Expression","evm.utg1363.38"
"Primed Expression","evm.utg145.68"
"Primed Expression","evm.utg411.99"
"Primed Expression","evm.utg4605.39"
"Primed Expression","evm.utg10530.9"
"Primed Expression","evm.utg225.72"
"Primed Expression","evm.utg2614.10"
"Primed Expression","evm.utg625.22"
"Primed Expression","evm.utg1056.109"
"Primed Expression","evm.utg55.67"
"Primed Expression","evm.utg180.49"
"Primed Expression","evm.utg180.48"
"Primed Expression","evm.utg1056.108"
"Primed Expression","evm.utg320.128"
"Primed Expression","evm.utg3876.7"
"Primed Expression","evm.utg8494.96"
"Primed Expression","evm.utg7548.14"
"Primed Expression","evm.utg3839.17"
"Primed Expression","evm.utg659.31"
"Primed Expression","evm.utg280.56"
"Primed Expression","evm.utg1091.33"
"Primed Expression","evm.utg3787.41"
"Primed Expression","evm.utg1355.19"
"Primed Expression","evm.utg5073.12"
"Primed Expression","evm.utg597.198"
"Primed Expression","evm.utg2814.9"
"Primed Expression","evm.utg6851.13"
"Primed Expression","evm.utg405.42"
"Primed Expression","evm.utg243.23"
"Primed Expression","evm.utg1049.17"
"Primed Expression","evm.utg7595.48"
"Primed Expression","evm.utg52.4"
"Primed Expression","evm.utg676.7"
"Primed Expression","evm.utg3292.43"
"Primed Expression","evm.utg4271.65"
"Primed Expression","evm.utg597.197"
"Primed Expression","evm.utg4187.13"
"Primed Expression","evm.utg526.25"
"Primed Expression","evm.utg3697.8"
"Primed Expression","evm.utg6379.4"
"Primed Expression","evm.utg3235.23"
"Primed Expression","evm.utg62.8"
"Primed Expression","evm.utg788.104"
"Primed Expression","evm.utg262.48"
"Primed Expression","evm.utg92.115"
"Primed Expression","evm.utg405.43"
"Primed Expression","evm.utg88612.7"
"Primed Expression","evm.utg2100.27"
"Primed Expression","evm.utg1609.45"
"Primed Expression","evm.utg16690.16"
"Primed Expression","evm.utg5885.38"
"Primed Expression","evm.utg989.21"
"Primed Expression","evm.utg8.47"
"Primed Expression","evm.utg169038.1"
"Primed Expression","evm.utg92.170"
"Primed Expression","evm.utg9668.24"
"Primed Expression","evm.utg38230.1"
"Primed Expression","evm.utg11415.7"
"Primed Expression","evm.utg8.49"
